time,x,y,z,z_error
0.02068328857421875,-0.007261114567518235,-0.5658860206604004,2.185301399230957,0.2853013992309572
0.053765296936035156,-0.007229360938072205,-0.5633843421936036,2.1755224227905274,0.2755224227905275
0.08674240112304688,-0.007219205796718598,-0.5653092384338378,2.182602882385254,0.282602882385254
0.11961936950683594,-0.0072018526494503025,-0.5668992042541504,2.1895784378051757,0.2895784378051758
0.15294241905212402,-0.007199130207300186,-0.5677289485931396,2.192350387573242,0.2923503875732423
0.18603181838989258,-0.007199130207300186,-0.5677289485931396,2.192350387573242,0.2923503875732423
0.21891212463378906,-0.007042930275201797,-0.5773972988128662,2.229872131347656,0.32987213134765625
0.252042293548584,-0.006661395728588104,-0.5682856559753418,2.1919530868530273,0.29195308685302734
0.2849853038787842,-0.005561718344688415,-0.5714901447296142,2.2010406494140624,0.3010406494140625
0.31789565086364746,-0.003953737393021584,-0.5608739376068115,2.1507774353027345,0.25077743530273455
0.35071825981140137,-0.0030749985948204995,-0.5711976528167725,2.173014831542969,0.273014831542969
0.38405871391296387,-0.0030749985948204995,-0.5711976528167725,2.173014831542969,0.273014831542969
0.4171736240386963,-0.0032835278660058977,-0.5740153789520264,2.1783880233764648,0.27838802337646484
0.44998908042907715,-0.003275584429502487,-0.5762710094451904,2.1863386154174806,0.28633861541748074
0.4829983711242676,-0.0032585181295871736,-0.5764872550964355,2.1868438720703125,0.2868438720703126
0.5168421268463135,-0.003419015556573868,-0.5628862380981445,2.1379886627197267,0.23798866271972674
0.549429178237915,-0.004881025850772857,-0.5673502445220947,2.160795974731445,0.2607959747314452
0.5820245742797852,-0.005840753763914108,-0.5803865432739258,2.2068586349487305,0.30685863494873056
0.6158993244171143,-0.006966786831617356,-0.5755552768707275,2.181361961364746,0.281361961364746
0.6488385200500488,-0.008822690695524216,-0.5678112506866455,2.1399103164672852,0.23991031646728533
0.6814038753509521,-0.011761260777711868,-0.5847860336303711,2.190829277038574,0.2908292770385743
0.7143034934997559,-0.01573435068130493,-0.5754081726074218,2.1425382614135744,0.24253826141357449
0.7471568584442139,-0.02057526260614395,-0.5661050319671631,2.0974279403686524,0.19742794036865252
0.7801122665405273,-0.026482751965522765,-0.5653056621551513,2.0860502243041994,0.18605022430419949
0.8131308555603027,-0.03410812020301819,-0.5721691131591797,2.1046722412109373,0.2046722412109374
0.8460569381713867,-0.04802882671356201,-0.5420105934143067,1.9847223281860351,0.0847223281860352
0.8788673877716064,-0.04802882671356201,-0.5420105934143067,1.9847223281860351,0.0847223281860352
0.9116041660308838,-0.06685247421264648,-0.5385646820068359,1.9665092468261718,0.06650924682617188
0.9449996948242188,-0.06685247421264648,-0.5385646820068359,1.9665092468261718,0.06650924682617188
0.9778268337249756,-0.07550738453865051,-0.5271447658538818,1.919931983947754,0.019931983947754084
1.0110154151916504,-0.08697175979614258,-0.5284484386444092,1.9193864822387696,0.01938648223876971
1.0440051555633545,-0.09508726596832276,-0.5082798957824707,1.8409324645996095,-0.05906753540039045
1.0769145488739014,-0.10608667135238647,-0.5039748191833496,1.8172643661499024,-0.08273563385009752
1.1099247932434082,-0.11801233291625976,-0.49889249801635743,1.789735984802246,-0.11026401519775386
1.1428112983703613,-0.13691387176513672,-0.47015089988708497,1.6642486572265625,-0.23575134277343746
1.1760401725769043,-0.13691387176513672,-0.47015089988708497,1.6642486572265625,-0.23575134277343746
1.209282398223877,-0.147300124168396,-0.4572422027587891,1.6048078536987305,-0.29519214630126944
1.2420942783355713,-0.15955711603164674,-0.45031170845031737,1.5649425506591796,-0.33505744934082027
1.2748093605041504,-0.1688849925994873,-0.4369880199432373,1.503441047668457,-0.3965589523315429
1.307870626449585,-0.1688849925994873,-0.4369880199432373,1.503441047668457,-0.3965589523315429
1.3408355712890625,-0.1688849925994873,-0.4369880199432373,1.503441047668457,-0.3965589523315429
1.3739044666290283,-0.1688849925994873,-0.4369880199432373,1.503441047668457,-0.3965589523315429
1.4068820476531982,-0.1688849925994873,-0.4369880199432373,1.503441047668457,-0.3965589523315429
1.439887285232544,-0.1688849925994873,-0.4369880199432373,1.503441047668457,-0.3965589523315429
1.4728107452392578,-0.1688849925994873,-0.4369880199432373,1.503441047668457,-0.3965589523315429
1.5058698654174805,-0.1688849925994873,-0.4369880199432373,1.503441047668457,-0.3965589523315429
1.5388731956481934,-0.1688849925994873,-0.4369880199432373,1.503441047668457,-0.3965589523315429
1.5718936920166016,-0.1688849925994873,-0.4369880199432373,1.503441047668457,-0.3965589523315429
1.6049375534057617,-0.1688849925994873,-0.4369880199432373,1.503441047668457,-0.3965589523315429
1.637852430343628,-0.1688849925994873,-0.4369880199432373,1.503441047668457,-0.3965589523315429
1.6708719730377197,-0.1688849925994873,-0.4369880199432373,1.503441047668457,-0.3965589523315429
1.7041468620300293,-0.1688849925994873,-0.4369880199432373,1.503441047668457,-0.3965589523315429
1.7368688583374023,-0.1688849925994873,-0.4369880199432373,1.503441047668457,-0.3965589523315429
1.7698497772216797,-0.1688849925994873,-0.4369880199432373,1.503441047668457,-0.3965589523315429
1.8037147521972656,-0.1688849925994873,-0.4369880199432373,1.503441047668457,-0.3965589523315429
1.836181640625,-0.1688849925994873,-0.4369880199432373,1.503441047668457,-0.3965589523315429
1.868851661682129,-0.1688849925994873,-0.4369880199432373,1.503441047668457,-0.3965589523315429
1.903388261795044,-0.1688849925994873,-0.4369880199432373,1.503441047668457,-0.3965589523315429
1.9362764358520508,-0.1688849925994873,-0.4369880199432373,1.503441047668457,-0.3965589523315429
1.9683363437652588,-0.1688849925994873,-0.4369880199432373,1.503441047668457,-0.3965589523315429
2.001363754272461,-0.1688849925994873,-0.4369880199432373,1.503441047668457,-0.3965589523315429
2.034514904022217,-0.1688849925994873,-0.4369880199432373,1.503441047668457,-0.3965589523315429
2.0674591064453125,-0.1688849925994873,-0.4369880199432373,1.503441047668457,-0.3965589523315429
2.100757360458374,-0.1688849925994873,-0.4369880199432373,1.503441047668457,-0.3965589523315429
2.133432626724243,-0.1688849925994873,-0.4369880199432373,1.503441047668457,-0.3965589523315429
2.1664600372314453,-0.1688849925994873,-0.4369880199432373,1.503441047668457,-0.3965589523315429
2.1993141174316406,-0.1688849925994873,-0.4369880199432373,1.503441047668457,-0.3965589523315429
2.232452154159546,-0.1688849925994873,-0.4369880199432373,1.503441047668457,-0.3965589523315429
2.26550555229187,-0.1688849925994873,-0.4369880199432373,1.503441047668457,-0.3965589523315429
2.2983155250549316,-0.1688849925994873,-0.4369880199432373,1.503441047668457,-0.3965589523315429
2.3314146995544434,-0.1688849925994873,-0.4369880199432373,1.503441047668457,-0.3965589523315429
2.364441394805908,-0.1688849925994873,-0.4369880199432373,1.503441047668457,-0.3965589523315429
2.3973851203918457,-0.1688849925994873,-0.4369880199432373,1.503441047668457,-0.3965589523315429
2.430396556854248,-0.1688849925994873,-0.4369880199432373,1.503441047668457,-0.3965589523315429
2.463347911834717,-0.1688849925994873,-0.4369880199432373,1.503441047668457,-0.3965589523315429
2.4964261054992676,-0.1688849925994873,-0.4369880199432373,1.503441047668457,-0.3965589523315429
2.529303550720215,-0.1688849925994873,-0.4369880199432373,1.503441047668457,-0.3965589523315429
2.5626142024993896,-0.1688849925994873,-0.4369880199432373,1.503441047668457,-0.3965589523315429
2.595036029815674,-0.1688849925994873,-0.4369880199432373,1.503441047668457,-0.3965589523315429
2.628112316131592,-0.1688849925994873,-0.4369880199432373,1.503441047668457,-0.3965589523315429
2.660961151123047,-0.1688849925994873,-0.4369880199432373,1.503441047668457,-0.3965589523315429
2.69413161277771,-0.3907327651977539,-0.23603668212890624,1.8902040481567384,-0.009795951843261541
2.7269747257232666,-0.3956029176712036,-0.20707597732543945,1.8491445541381837,-0.05085544586181623
2.760056734085083,-0.4031172275543213,-0.21049258708953858,1.8693723678588867,-0.030627632141113192
2.7929880619049072,-0.3999002695083618,-0.21504111289978028,1.8588447570800781,-0.041155242919921786
2.8270506858825684,-0.3946366786956787,-0.22111914157867432,1.8636032104492188,-0.03639678955078107
2.8587799072265625,-0.3861540794372559,-0.22733561992645263,1.8623031616210937,-0.03769683837890625
2.891749382019043,-0.3848172664642334,-0.2351313352584839,1.8921669006347657,-0.007833099365234242
2.9246606826782227,-0.37550902366638184,-0.2409264326095581,1.8910381317138671,-0.008961868286132768
2.9578287601470947,-0.36551315784454347,-0.243386173248291,1.897145652770996,-0.0028543472290039062
2.9911108016967773,-0.37437078952789304,-0.24145939350128173,1.9433403015136719,0.043340301513671964
3.024264335632324,-0.37858405113220217,-0.23317604064941405,1.9436704635620117,0.04367046356201176
3.0571398735046387,-0.37438197135925294,-0.2342447519302368,1.9359312057495117,0.03593120574951181
3.089777708053589,-0.37438197135925294,-0.2342447519302368,1.9359312057495117,0.03593120574951181
3.122858762741089,-0.37438197135925294,-0.2342447519302368,1.9359312057495117,0.03593120574951181
3.155850410461426,-0.37438197135925294,-0.2342447519302368,1.9359312057495117,0.03593120574951181
3.1889657974243164,-0.37438197135925294,-0.2342447519302368,1.9359312057495117,0.03593120574951181
3.2218363285064697,-0.37438197135925294,-0.2342447519302368,1.9359312057495117,0.03593120574951181
3.254852771759033,-0.37438197135925294,-0.2342447519302368,1.9359312057495117,0.03593120574951181
3.2879204750061035,-0.37438197135925294,-0.2342447519302368,1.9359312057495117,0.03593120574951181
3.3208706378936768,-0.37438197135925294,-0.2342447519302368,1.9359312057495117,0.03593120574951181
3.35387921333313,-0.37438197135925294,-0.2342447519302368,1.9359312057495117,0.03593120574951181
3.386885643005371,-0.37438197135925294,-0.2342447519302368,1.9359312057495117,0.03593120574951181
3.4198687076568604,-0.37438197135925294,-0.2342447519302368,1.9359312057495117,0.03593120574951181
3.452869176864624,-0.37438197135925294,-0.2342447519302368,1.9359312057495117,0.03593120574951181
3.4858405590057373,-0.37438197135925294,-0.2342447519302368,1.9359312057495117,0.03593120574951181
3.518866777420044,-0.37438197135925294,-0.2342447519302368,1.9359312057495117,0.03593120574951181
3.5518531799316406,-0.37438197135925294,-0.2342447519302368,1.9359312057495117,0.03593120574951181
3.5850610733032227,-0.4034285545349121,-0.43652868270874023,1.5140399932861328,-0.3859600067138671
3.6178879737854004,-0.4034285545349121,-0.43652868270874023,1.5140399932861328,-0.3859600067138671
3.6508703231811523,-0.4034285545349121,-0.43652868270874023,1.5140399932861328,-0.3859600067138671
3.6838388442993164,-0.4034285545349121,-0.43652868270874023,1.5140399932861328,-0.3859600067138671
3.7168452739715576,-0.4034285545349121,-0.43652868270874023,1.5140399932861328,-0.3859600067138671
3.7498960494995117,-0.4034285545349121,-0.43652868270874023,1.5140399932861328,-0.3859600067138671
3.783439874649048,-0.34635779857635496,-0.3360786199569702,1.6306028366088867,-0.2693971633911132
3.8164196014404297,-0.34635779857635496,-0.3360786199569702,1.6306028366088867,-0.2693971633911132
3.848888635635376,-0.34635779857635496,-0.3360786199569702,1.6306028366088867,-0.2693971633911132
3.881937265396118,-0.34635779857635496,-0.3360786199569702,1.6306028366088867,-0.2693971633911132
3.914907217025757,-0.34635779857635496,-0.3360786199569702,1.6306028366088867,-0.2693971633911132
3.9484710693359375,-0.34635779857635496,-0.3360786199569702,1.6306028366088867,-0.2693971633911132
3.9814350605010986,-0.34635779857635496,-0.3360786199569702,1.6306028366088867,-0.2693971633911132
4.014286518096924,-0.34635779857635496,-0.3360786199569702,1.6306028366088867,-0.2693971633911132
4.047346591949463,-0.34635779857635496,-0.3360786199569702,1.6306028366088867,-0.2693971633911132
4.080347537994385,-0.34635779857635496,-0.3360786199569702,1.6306028366088867,-0.2693971633911132
4.113239288330078,-0.34635779857635496,-0.3360786199569702,1.6306028366088867,-0.2693971633911132
4.146325349807739,-0.34635779857635496,-0.3360786199569702,1.6306028366088867,-0.2693971633911132
4.179560899734497,-0.34635779857635496,-0.3360786199569702,1.6306028366088867,-0.2693971633911132
4.212761640548706,-0.34635779857635496,-0.3360786199569702,1.6306028366088867,-0.2693971633911132
4.245254039764404,-0.34635779857635496,-0.3360786199569702,1.6306028366088867,-0.2693971633911132
4.278203248977661,-0.34635779857635496,-0.3360786199569702,1.6306028366088867,-0.2693971633911132
4.311835765838623,-0.34635779857635496,-0.3360786199569702,1.6306028366088867,-0.2693971633911132
4.344320297241211,-0.34635779857635496,-0.3360786199569702,1.6306028366088867,-0.2693971633911132
4.377056121826172,-0.34635779857635496,-0.3360786199569702,1.6306028366088867,-0.2693971633911132
4.410128831863403,-0.34635779857635496,-0.3360786199569702,1.6306028366088867,-0.2693971633911132
4.443359851837158,-0.34635779857635496,-0.3360786199569702,1.6306028366088867,-0.2693971633911132
4.4761271476745605,-0.34635779857635496,-0.3360786199569702,1.6306028366088867,-0.2693971633911132
4.509110450744629,-0.34635779857635496,-0.3360786199569702,1.6306028366088867,-0.2693971633911132
4.542043685913086,-0.34635779857635496,-0.3360786199569702,1.6306028366088867,-0.2693971633911132
4.575293302536011,-0.34635779857635496,-0.3360786199569702,1.6306028366088867,-0.2693971633911132
4.6083245277404785,-0.34635779857635496,-0.3360786199569702,1.6306028366088867,-0.2693971633911132
4.641431093215942,-0.34635779857635496,-0.3360786199569702,1.6306028366088867,-0.2693971633911132
4.674250841140747,-0.34635779857635496,-0.3360786199569702,1.6306028366088867,-0.2693971633911132
4.707198858261108,-0.34635779857635496,-0.3360786199569702,1.6306028366088867,-0.2693971633911132
4.74001407623291,-0.34635779857635496,-0.3360786199569702,1.6306028366088867,-0.2693971633911132
4.773463010787964,-0.34635779857635496,-0.3360786199569702,1.6306028366088867,-0.2693971633911132
4.806121587753296,-0.34635779857635496,-0.3360786199569702,1.6306028366088867,-0.2693971633911132
4.8388354778289795,-0.34635779857635496,-0.3360786199569702,1.6306028366088867,-0.2693971633911132
4.871965408325195,-0.34635779857635496,-0.3360786199569702,1.6306028366088867,-0.2693971633911132
4.904966354370117,-0.34635779857635496,-0.3360786199569702,1.6306028366088867,-0.2693971633911132
4.937851190567017,-0.34635779857635496,-0.3360786199569702,1.6306028366088867,-0.2693971633911132
4.97078013420105,-0.34635779857635496,-0.3360786199569702,1.6306028366088867,-0.2693971633911132
5.003931999206543,-0.34635779857635496,-0.3360786199569702,1.6306028366088867,-0.2693971633911132
5.03688907623291,-0.34635779857635496,-0.3360786199569702,1.6306028366088867,-0.2693971633911132
5.069917917251587,-0.34635779857635496,-0.3360786199569702,1.6306028366088867,-0.2693971633911132
5.102700233459473,-0.34635779857635496,-0.3360786199569702,1.6306028366088867,-0.2693971633911132
5.135974407196045,-0.34635779857635496,-0.3360786199569702,1.6306028366088867,-0.2693971633911132
5.168770790100098,-0.34635779857635496,-0.3360786199569702,1.6306028366088867,-0.2693971633911132
5.2017905712127686,-0.34635779857635496,-0.3360786199569702,1.6306028366088867,-0.2693971633911132
5.234973192214966,-0.34635779857635496,-0.3360786199569702,1.6306028366088867,-0.2693971633911132
5.267934799194336,-0.34635779857635496,-0.3360786199569702,1.6306028366088867,-0.2693971633911132
5.300767183303833,-0.34635779857635496,-0.3360786199569702,1.6306028366088867,-0.2693971633911132
5.33393120765686,-0.34635779857635496,-0.3360786199569702,1.6306028366088867,-0.2693971633911132
5.366895914077759,-0.34635779857635496,-0.3360786199569702,1.6306028366088867,-0.2693971633911132
5.399783372879028,-0.34635779857635496,-0.3360786199569702,1.6306028366088867,-0.2693971633911132
5.432936429977417,-0.34635779857635496,-0.3360786199569702,1.6306028366088867,-0.2693971633911132
5.465947151184082,-0.34635779857635496,-0.3360786199569702,1.6306028366088867,-0.2693971633911132
5.498768329620361,-0.34635779857635496,-0.3360786199569702,1.6306028366088867,-0.2693971633911132
5.531959056854248,-0.34635779857635496,-0.3360786199569702,1.6306028366088867,-0.2693971633911132
5.564813852310181,-0.34635779857635496,-0.3360786199569702,1.6306028366088867,-0.2693971633911132
5.597854852676392,-0.34635779857635496,-0.3360786199569702,1.6306028366088867,-0.2693971633911132
5.630820035934448,-0.34635779857635496,-0.3360786199569702,1.6306028366088867,-0.2693971633911132
5.663949012756348,-0.34635779857635496,-0.3360786199569702,1.6306028366088867,-0.2693971633911132
5.696825265884399,-0.34635779857635496,-0.3360786199569702,1.6306028366088867,-0.2693971633911132
5.72993540763855,-0.34635779857635496,-0.3360786199569702,1.6306028366088867,-0.2693971633911132
5.762945175170898,-0.34635779857635496,-0.3360786199569702,1.6306028366088867,-0.2693971633911132
5.7961273193359375,-0.34635779857635496,-0.3360786199569702,1.6306028366088867,-0.2693971633911132
5.828904867172241,-0.34635779857635496,-0.3360786199569702,1.6306028366088867,-0.2693971633911132
5.861979246139526,-0.34635779857635496,-0.3360786199569702,1.6306028366088867,-0.2693971633911132
5.895073890686035,-0.34635779857635496,-0.3360786199569702,1.6306028366088867,-0.2693971633911132
5.928028345108032,-0.34635779857635496,-0.3360786199569702,1.6306028366088867,-0.2693971633911132
5.960871696472168,-0.34635779857635496,-0.3360786199569702,1.6306028366088867,-0.2693971633911132
5.99381947517395,-0.34635779857635496,-0.3360786199569702,1.6306028366088867,-0.2693971633911132
6.027092456817627,-0.34635779857635496,-0.3360786199569702,1.6306028366088867,-0.2693971633911132
6.060046195983887,-0.34635779857635496,-0.3360786199569702,1.6306028366088867,-0.2693971633911132
6.092879772186279,-0.34635779857635496,-0.3360786199569702,1.6306028366088867,-0.2693971633911132
6.125922918319702,-0.34635779857635496,-0.3360786199569702,1.6306028366088867,-0.2693971633911132
6.159054756164551,-0.34635779857635496,-0.3360786199569702,1.6306028366088867,-0.2693971633911132
6.191902160644531,-0.34635779857635496,-0.3360786199569702,1.6306028366088867,-0.2693971633911132
6.224773645401001,-0.34635779857635496,-0.3360786199569702,1.6306028366088867,-0.2693971633911132
6.257847309112549,-0.34635779857635496,-0.3360786199569702,1.6306028366088867,-0.2693971633911132
6.290843963623047,-0.34635779857635496,-0.3360786199569702,1.6306028366088867,-0.2693971633911132
6.323822975158691,-0.34635779857635496,-0.3360786199569702,1.6306028366088867,-0.2693971633911132
6.356820106506348,-0.34635779857635496,-0.3360786199569702,1.6306028366088867,-0.2693971633911132
6.389860153198242,-0.34635779857635496,-0.3360786199569702,1.6306028366088867,-0.2693971633911132
6.422877073287964,-0.34635779857635496,-0.3360786199569702,1.6306028366088867,-0.2693971633911132
6.455915689468384,-0.34635779857635496,-0.3360786199569702,1.6306028366088867,-0.2693971633911132
6.488810062408447,-0.34635779857635496,-0.3360786199569702,1.6306028366088867,-0.2693971633911132
6.5220558643341064,-0.34635779857635496,-0.3360786199569702,1.6306028366088867,-0.2693971633911132
6.554866075515747,-0.34635779857635496,-0.3360786199569702,1.6306028366088867,-0.2693971633911132
6.5879247188568115,-0.34635779857635496,-0.3360786199569702,1.6306028366088867,-0.2693971633911132
6.62099289894104,-0.34635779857635496,-0.3360786199569702,1.6306028366088867,-0.2693971633911132
6.653984308242798,-0.34635779857635496,-0.3360786199569702,1.6306028366088867,-0.2693971633911132
6.686811685562134,-0.34635779857635496,-0.3360786199569702,1.6306028366088867,-0.2693971633911132
6.719938039779663,-0.34635779857635496,-0.3360786199569702,1.6306028366088867,-0.2693971633911132
6.752715826034546,-0.34635779857635496,-0.3360786199569702,1.6306028366088867,-0.2693971633911132
6.78596043586731,-0.34635779857635496,-0.3360786199569702,1.6306028366088867,-0.2693971633911132
6.8187971115112305,-0.34635779857635496,-0.3360786199569702,1.6306028366088867,-0.2693971633911132
6.851991653442383,-0.34635779857635496,-0.3360786199569702,1.6306028366088867,-0.2693971633911132
6.884852647781372,-0.34635779857635496,-0.3360786199569702,1.6306028366088867,-0.2693971633911132
6.9177937507629395,-0.34635779857635496,-0.3360786199569702,1.6306028366088867,-0.2693971633911132
6.951012372970581,-0.34635779857635496,-0.3360786199569702,1.6306028366088867,-0.2693971633911132
6.983898162841797,-0.34635779857635496,-0.3360786199569702,1.6306028366088867,-0.2693971633911132
7.0169358253479,-0.34635779857635496,-0.3360786199569702,1.6306028366088867,-0.2693971633911132
7.049874305725098,-0.34635779857635496,-0.3360786199569702,1.6306028366088867,-0.2693971633911132
7.082939624786377,-0.34635779857635496,-0.3360786199569702,1.6306028366088867,-0.2693971633911132
7.115882635116577,-0.34635779857635496,-0.3360786199569702,1.6306028366088867,-0.2693971633911132
7.148855447769165,-0.34635779857635496,-0.3360786199569702,1.6306028366088867,-0.2693971633911132
7.181893587112427,-0.34635779857635496,-0.3360786199569702,1.6306028366088867,-0.2693971633911132
7.2148277759552,-0.34635779857635496,-0.3360786199569702,1.6306028366088867,-0.2693971633911132
7.2478437423706055,-0.34635779857635496,-0.3360786199569702,1.6306028366088867,-0.2693971633911132
7.281001091003418,-0.34635779857635496,-0.3360786199569702,1.6306028366088867,-0.2693971633911132
7.313807725906372,-0.34635779857635496,-0.3360786199569702,1.6306028366088867,-0.2693971633911132
7.346980810165405,-0.34635779857635496,-0.3360786199569702,1.6306028366088867,-0.2693971633911132
7.379968166351318,-0.34635779857635496,-0.3360786199569702,1.6306028366088867,-0.2693971633911132
7.412817716598511,-0.34635779857635496,-0.3360786199569702,1.6306028366088867,-0.2693971633911132
7.44587254524231,-0.34635779857635496,-0.3360786199569702,1.6306028366088867,-0.2693971633911132
7.478763818740845,-0.34635779857635496,-0.3360786199569702,1.6306028366088867,-0.2693971633911132
7.511934757232666,-0.34635779857635496,-0.3360786199569702,1.6306028366088867,-0.2693971633911132
7.54488730430603,-0.34635779857635496,-0.3360786199569702,1.6306028366088867,-0.2693971633911132
7.577792644500732,-0.34635779857635496,-0.3360786199569702,1.6306028366088867,-0.2693971633911132
7.610820055007935,-0.34635779857635496,-0.3360786199569702,1.6306028366088867,-0.2693971633911132
7.643852710723877,-0.34635779857635496,-0.3360786199569702,1.6306028366088867,-0.2693971633911132
7.676832437515259,-0.34635779857635496,-0.3360786199569702,1.6306028366088867,-0.2693971633911132
7.709710121154785,-0.34635779857635496,-0.3360786199569702,1.6306028366088867,-0.2693971633911132
7.742848634719849,-0.34635779857635496,-0.3360786199569702,1.6306028366088867,-0.2693971633911132
7.775878667831421,-0.34635779857635496,-0.3360786199569702,1.6306028366088867,-0.2693971633911132
7.80884575843811,-0.34635779857635496,-0.3360786199569702,1.6306028366088867,-0.2693971633911132
7.841789960861206,-0.34635779857635496,-0.3360786199569702,1.6306028366088867,-0.2693971633911132
7.874775171279907,-0.34635779857635496,-0.3360786199569702,1.6306028366088867,-0.2693971633911132
7.907827138900757,-0.34635779857635496,-0.3360786199569702,1.6306028366088867,-0.2693971633911132
7.940716981887817,-0.34635779857635496,-0.3360786199569702,1.6306028366088867,-0.2693971633911132
7.973787069320679,-0.34635779857635496,-0.3360786199569702,1.6306028366088867,-0.2693971633911132
8.006767988204956,-0.34635779857635496,-0.3360786199569702,1.6306028366088867,-0.2693971633911132
8.039853572845459,-0.34635779857635496,-0.3360786199569702,1.6306028366088867,-0.2693971633911132
8.072866916656494,-0.34635779857635496,-0.3360786199569702,1.6306028366088867,-0.2693971633911132
8.105870485305786,-0.34635779857635496,-0.3360786199569702,1.6306028366088867,-0.2693971633911132
8.13916563987732,-0.34635779857635496,-0.3360786199569702,1.6306028366088867,-0.2693971633911132
8.171793699264526,-0.34635779857635496,-0.3360786199569702,1.6306028366088867,-0.2693971633911132
8.20498514175415,-0.34635779857635496,-0.3360786199569702,1.6306028366088867,-0.2693971633911132
8.238643646240234,-0.34635779857635496,-0.3360786199569702,1.6306028366088867,-0.2693971633911132
8.271119832992554,-0.34635779857635496,-0.3360786199569702,1.6306028366088867,-0.2693971633911132
8.304139614105225,-0.34635779857635496,-0.3360786199569702,1.6306028366088867,-0.2693971633911132
8.337342739105225,-0.34635779857635496,-0.3360786199569702,1.6306028366088867,-0.2693971633911132
8.369921445846558,-0.34635779857635496,-0.3360786199569702,1.6306028366088867,-0.2693971633911132
8.402809858322144,-0.34635779857635496,-0.3360786199569702,1.6306028366088867,-0.2693971633911132
8.435824155807495,-0.34635779857635496,-0.3360786199569702,1.6306028366088867,-0.2693971633911132
8.468981981277466,-0.34635779857635496,-0.3360786199569702,1.6306028366088867,-0.2693971633911132
8.50195860862732,-0.34635779857635496,-0.3360786199569702,1.6306028366088867,-0.2693971633911132
8.534868001937866,-0.34635779857635496,-0.3360786199569702,1.6306028366088867,-0.2693971633911132
8.567859411239624,-0.34635779857635496,-0.3360786199569702,1.6306028366088867,-0.2693971633911132
8.600935459136963,-0.34635779857635496,-0.3360786199569702,1.6306028366088867,-0.2693971633911132
8.634119987487793,-0.34635779857635496,-0.3360786199569702,1.6306028366088867,-0.2693971633911132
8.666762351989746,-0.34635779857635496,-0.3360786199569702,1.6306028366088867,-0.2693971633911132
8.699875354766846,-0.34635779857635496,-0.3360786199569702,1.6306028366088867,-0.2693971633911132
8.732852697372437,-0.34635779857635496,-0.3360786199569702,1.6306028366088867,-0.2693971633911132
8.765959024429321,-0.34635779857635496,-0.3360786199569702,1.6306028366088867,-0.2693971633911132
8.798817873001099,-0.34635779857635496,-0.3360786199569702,1.6306028366088867,-0.2693971633911132
8.831854820251465,-0.34635779857635496,-0.3360786199569702,1.6306028366088867,-0.2693971633911132
8.864828824996948,-0.34635779857635496,-0.3360786199569702,1.6306028366088867,-0.2693971633911132
8.897891998291016,-0.34635779857635496,-0.3360786199569702,1.6306028366088867,-0.2693971633911132
8.930819988250732,-0.34635779857635496,-0.3360786199569702,1.6306028366088867,-0.2693971633911132
8.963983535766602,-0.34635779857635496,-0.3360786199569702,1.6306028366088867,-0.2693971633911132
8.996747970581055,-0.34635779857635496,-0.3360786199569702,1.6306028366088867,-0.2693971633911132
9.030033588409424,-0.34635779857635496,-0.3360786199569702,1.6306028366088867,-0.2693971633911132
9.062880754470825,-0.34635779857635496,-0.3360786199569702,1.6306028366088867,-0.2693971633911132
9.095874071121216,-0.34635779857635496,-0.3360786199569702,1.6306028366088867,-0.2693971633911132
9.129129648208618,-0.34635779857635496,-0.3360786199569702,1.6306028366088867,-0.2693971633911132
9.162405490875244,-0.34635779857635496,-0.3360786199569702,1.6306028366088867,-0.2693971633911132
9.19515585899353,-0.34635779857635496,-0.3360786199569702,1.6306028366088867,-0.2693971633911132
9.228153467178345,-0.34635779857635496,-0.3360786199569702,1.6306028366088867,-0.2693971633911132
9.2612943649292,-0.34635779857635496,-0.3360786199569702,1.6306028366088867,-0.2693971633911132
9.294233798980713,-0.34635779857635496,-0.3360786199569702,1.6306028366088867,-0.2693971633911132
9.327168464660645,-0.34635779857635496,-0.3360786199569702,1.6306028366088867,-0.2693971633911132
9.360094547271729,-0.34635779857635496,-0.3360786199569702,1.6306028366088867,-0.2693971633911132
9.393249273300171,-0.34635779857635496,-0.3360786199569702,1.6306028366088867,-0.2693971633911132
9.425761461257935,-0.34635779857635496,-0.3360786199569702,1.6306028366088867,-0.2693971633911132
9.458975791931152,-0.34635779857635496,-0.3360786199569702,1.6306028366088867,-0.2693971633911132
9.49195671081543,-0.34635779857635496,-0.3360786199569702,1.6306028366088867,-0.2693971633911132
9.524837493896484,-0.34635779857635496,-0.3360786199569702,1.6306028366088867,-0.2693971633911132
9.558041095733643,-0.34635779857635496,-0.3360786199569702,1.6306028366088867,-0.2693971633911132
9.59110426902771,-0.34635779857635496,-0.3360786199569702,1.6306028366088867,-0.2693971633911132
9.624013662338257,-0.34635779857635496,-0.3360786199569702,1.6306028366088867,-0.2693971633911132
9.65692400932312,-0.34635779857635496,-0.3360786199569702,1.6306028366088867,-0.2693971633911132
9.689994096755981,-0.34635779857635496,-0.3360786199569702,1.6306028366088867,-0.2693971633911132
9.722892761230469,-0.34635779857635496,-0.3360786199569702,1.6306028366088867,-0.2693971633911132
9.755794525146484,-0.34635779857635496,-0.3360786199569702,1.6306028366088867,-0.2693971633911132
9.789061546325684,-0.34635779857635496,-0.3360786199569702,1.6306028366088867,-0.2693971633911132
9.821937322616577,-0.34635779857635496,-0.3360786199569702,1.6306028366088867,-0.2693971633911132
9.855239391326904,-0.34635779857635496,-0.3360786199569702,1.6306028366088867,-0.2693971633911132
9.888136148452759,-0.34635779857635496,-0.3360786199569702,1.6306028366088867,-0.2693971633911132
9.921363830566406,-0.34635779857635496,-0.3360786199569702,1.6306028366088867,-0.2693971633911132
9.954258680343628,-0.34635779857635496,-0.3360786199569702,1.6306028366088867,-0.2693971633911132
9.986821174621582,-0.34635779857635496,-0.3360786199569702,1.6306028366088867,-0.2693971633911132
10.019784212112427,-0.34635779857635496,-0.3360786199569702,1.6306028366088867,-0.2693971633911132
10.053111553192139,-0.34635779857635496,-0.3360786199569702,1.6306028366088867,-0.2693971633911132
10.085852861404419,-0.34635779857635496,-0.3360786199569702,1.6306028366088867,-0.2693971633911132
10.11887788772583,-0.34635779857635496,-0.3360786199569702,1.6306028366088867,-0.2693971633911132
10.15183687210083,-0.34635779857635496,-0.3360786199569702,1.6306028366088867,-0.2693971633911132
10.184776306152344,-0.34635779857635496,-0.3360786199569702,1.6306028366088867,-0.2693971633911132
10.217780590057373,-0.34635779857635496,-0.3360786199569702,1.6306028366088867,-0.2693971633911132
10.250913619995117,-0.34635779857635496,-0.3360786199569702,1.6306028366088867,-0.2693971633911132
10.2838876247406,-0.34635779857635496,-0.3360786199569702,1.6306028366088867,-0.2693971633911132
10.316900491714478,-0.34635779857635496,-0.3360786199569702,1.6306028366088867,-0.2693971633911132
10.34982705116272,-0.34635779857635496,-0.3360786199569702,1.6306028366088867,-0.2693971633911132
10.382773637771606,-0.34635779857635496,-0.3360786199569702,1.6306028366088867,-0.2693971633911132
10.41586971282959,-0.34635779857635496,-0.3360786199569702,1.6306028366088867,-0.2693971633911132
10.448839902877808,-0.34635779857635496,-0.3360786199569702,1.6306028366088867,-0.2693971633911132
10.48194670677185,-0.34635779857635496,-0.3360786199569702,1.6306028366088867,-0.2693971633911132
10.514674663543701,-0.34635779857635496,-0.3360786199569702,1.6306028366088867,-0.2693971633911132
10.548038005828857,-0.34635779857635496,-0.3360786199569702,1.6306028366088867,-0.2693971633911132
10.581156015396118,-0.34635779857635496,-0.3360786199569702,1.6306028366088867,-0.2693971633911132
10.61383581161499,-0.34635779857635496,-0.3360786199569702,1.6306028366088867,-0.2693971633911132
10.646734476089478,-0.34635779857635496,-0.3360786199569702,1.6306028366088867,-0.2693971633911132
10.679818153381348,-0.34635779857635496,-0.3360786199569702,1.6306028366088867,-0.2693971633911132
10.712798357009888,-0.34635779857635496,-0.3360786199569702,1.6306028366088867,-0.2693971633911132
10.745710849761963,-0.34635779857635496,-0.3360786199569702,1.6306028366088867,-0.2693971633911132
10.778704404830933,-0.34635779857635496,-0.3360786199569702,1.6306028366088867,-0.2693971633911132
10.811819314956665,-0.34635779857635496,-0.3360786199569702,1.6306028366088867,-0.2693971633911132
10.84485125541687,-0.34635779857635496,-0.3360786199569702,1.6306028366088867,-0.2693971633911132
10.87785816192627,-0.34635779857635496,-0.3360786199569702,1.6306028366088867,-0.2693971633911132
10.91079330444336,-0.34635779857635496,-0.3360786199569702,1.6306028366088867,-0.2693971633911132
10.94372296333313,-0.34635779857635496,-0.3360786199569702,1.6306028366088867,-0.2693971633911132
10.976840019226074,-0.34635779857635496,-0.3360786199569702,1.6306028366088867,-0.2693971633911132
11.00999116897583,-0.34635779857635496,-0.3360786199569702,1.6306028366088867,-0.2693971633911132
11.042707443237305,-0.34635779857635496,-0.3360786199569702,1.6306028366088867,-0.2693971633911132
11.07576847076416,-0.34635779857635496,-0.3360786199569702,1.6306028366088867,-0.2693971633911132
11.108741760253906,-0.34635779857635496,-0.3360786199569702,1.6306028366088867,-0.2693971633911132
11.141843557357788,-0.34635779857635496,-0.3360786199569702,1.6306028366088867,-0.2693971633911132
11.17482852935791,-0.34635779857635496,-0.3360786199569702,1.6306028366088867,-0.2693971633911132
11.207806587219238,-0.34635779857635496,-0.3360786199569702,1.6306028366088867,-0.2693971633911132
11.240735530853271,-0.34635779857635496,-0.3360786199569702,1.6306028366088867,-0.2693971633911132
11.273772478103638,-0.34635779857635496,-0.3360786199569702,1.6306028366088867,-0.2693971633911132
11.306849956512451,-0.34635779857635496,-0.3360786199569702,1.6306028366088867,-0.2693971633911132
11.339835166931152,-0.34635779857635496,-0.3360786199569702,1.6306028366088867,-0.2693971633911132
11.372755765914917,-0.34635779857635496,-0.3360786199569702,1.6306028366088867,-0.2693971633911132
11.405887842178345,-0.34635779857635496,-0.3360786199569702,1.6306028366088867,-0.2693971633911132
11.438881397247314,-0.34635779857635496,-0.3360786199569702,1.6306028366088867,-0.2693971633911132
11.471941947937012,-0.34635779857635496,-0.3360786199569702,1.6306028366088867,-0.2693971633911132
11.504837989807129,-0.34635779857635496,-0.3360786199569702,1.6306028366088867,-0.2693971633911132
11.53787899017334,-0.34635779857635496,-0.3360786199569702,1.6306028366088867,-0.2693971633911132
11.570758581161499,-0.34635779857635496,-0.3360786199569702,1.6306028366088867,-0.2693971633911132
11.603858232498169,-0.34635779857635496,-0.3360786199569702,1.6306028366088867,-0.2693971633911132
11.63680911064148,-0.34635779857635496,-0.3360786199569702,1.6306028366088867,-0.2693971633911132
11.669987678527832,-0.34635779857635496,-0.3360786199569702,1.6306028366088867,-0.2693971633911132
11.702869176864624,-0.34635779857635496,-0.3360786199569702,1.6306028366088867,-0.2693971633911132
11.735881567001343,-0.34635779857635496,-0.3360786199569702,1.6306028366088867,-0.2693971633911132
11.768896341323853,-0.34635779857635496,-0.3360786199569702,1.6306028366088867,-0.2693971633911132
11.802008628845215,-0.34635779857635496,-0.3360786199569702,1.6306028366088867,-0.2693971633911132
11.834850549697876,-0.34635779857635496,-0.3360786199569702,1.6306028366088867,-0.2693971633911132
11.867947101593018,-0.34635779857635496,-0.3360786199569702,1.6306028366088867,-0.2693971633911132
11.900844812393188,-0.34635779857635496,-0.3360786199569702,1.6306028366088867,-0.2693971633911132
11.933834552764893,-0.34635779857635496,-0.3360786199569702,1.6306028366088867,-0.2693971633911132
11.966893911361694,-0.34635779857635496,-0.3360786199569702,1.6306028366088867,-0.2693971633911132
11.99990725517273,-0.34635779857635496,-0.3360786199569702,1.6306028366088867,-0.2693971633911132
12.032868385314941,-0.34635779857635496,-0.3360786199569702,1.6306028366088867,-0.2693971633911132
12.065850019454956,-0.34635779857635496,-0.3360786199569702,1.6306028366088867,-0.2693971633911132
12.098906993865967,-0.34635779857635496,-0.3360786199569702,1.6306028366088867,-0.2693971633911132
12.131967544555664,-0.34635779857635496,-0.3360786199569702,1.6306028366088867,-0.2693971633911132
12.164915323257446,-0.34635779857635496,-0.3360786199569702,1.6306028366088867,-0.2693971633911132
12.197863340377808,-0.34635779857635496,-0.3360786199569702,1.6306028366088867,-0.2693971633911132
12.230835437774658,-0.34635779857635496,-0.3360786199569702,1.6306028366088867,-0.2693971633911132
12.264020919799805,-0.34635779857635496,-0.3360786199569702,1.6306028366088867,-0.2693971633911132
12.296823263168335,-0.34635779857635496,-0.3360786199569702,1.6306028366088867,-0.2693971633911132
12.329920530319214,-0.34635779857635496,-0.3360786199569702,1.6306028366088867,-0.2693971633911132
12.362847566604614,-0.34635779857635496,-0.3360786199569702,1.6306028366088867,-0.2693971633911132
12.396409511566162,-0.34635779857635496,-0.3360786199569702,1.6306028366088867,-0.2693971633911132
12.429001808166504,-0.34635779857635496,-0.3360786199569702,1.6306028366088867,-0.2693971633911132
12.462130308151245,-0.34635779857635496,-0.3360786199569702,1.6306028366088867,-0.2693971633911132
12.495387315750122,-0.34635779857635496,-0.3360786199569702,1.6306028366088867,-0.2693971633911132
12.52799367904663,-0.34635779857635496,-0.3360786199569702,1.6306028366088867,-0.2693971633911132
12.560974359512329,-0.34635779857635496,-0.3360786199569702,1.6306028366088867,-0.2693971633911132
12.593993425369263,-0.34635779857635496,-0.3360786199569702,1.6306028366088867,-0.2693971633911132
12.627026081085205,-0.34635779857635496,-0.3360786199569702,1.6306028366088867,-0.2693971633911132
12.659902334213257,-0.34635779857635496,-0.3360786199569702,1.6306028366088867,-0.2693971633911132
12.692890167236328,-0.34635779857635496,-0.3360786199569702,1.6306028366088867,-0.2693971633911132
12.726252555847168,-0.34635779857635496,-0.3360786199569702,1.6306028366088867,-0.2693971633911132
12.758834600448608,-0.34635779857635496,-0.3360786199569702,1.6306028366088867,-0.2693971633911132
12.791837453842163,-0.34635779857635496,-0.3360786199569702,1.6306028366088867,-0.2693971633911132
12.824822902679443,-0.34635779857635496,-0.3360786199569702,1.6306028366088867,-0.2693971633911132
12.857738494873047,-0.34635779857635496,-0.3360786199569702,1.6306028366088867,-0.2693971633911132
12.890815734863281,-0.34635779857635496,-0.3360786199569702,1.6306028366088867,-0.2693971633911132
12.923798561096191,-0.34635779857635496,-0.3360786199569702,1.6306028366088867,-0.2693971633911132
12.9568350315094,-0.34635779857635496,-0.3360786199569702,1.6306028366088867,-0.2693971633911132
12.989778280258179,-0.34635779857635496,-0.3360786199569702,1.6306028366088867,-0.2693971633911132
13.02292776107788,-0.34635779857635496,-0.3360786199569702,1.6306028366088867,-0.2693971633911132
13.056006908416748,-0.34635779857635496,-0.3360786199569702,1.6306028366088867,-0.2693971633911132
13.088882684707642,-0.34635779857635496,-0.3360786199569702,1.6306028366088867,-0.2693971633911132
13.12178659439087,-0.34635779857635496,-0.3360786199569702,1.6306028366088867,-0.2693971633911132
13.154754161834717,-0.34635779857635496,-0.3360786199569702,1.6306028366088867,-0.2693971633911132
13.187880039215088,-0.34635779857635496,-0.3360786199569702,1.6306028366088867,-0.2693971633911132
13.220739841461182,-0.34635779857635496,-0.3360786199569702,1.6306028366088867,-0.2693971633911132
13.253860235214233,-0.34635779857635496,-0.3360786199569702,1.6306028366088867,-0.2693971633911132
13.28677225112915,-0.34635779857635496,-0.3360786199569702,1.6306028366088867,-0.2693971633911132
13.319863557815552,-0.34635779857635496,-0.3360786199569702,1.6306028366088867,-0.2693971633911132
13.352799654006958,-0.34635779857635496,-0.3360786199569702,1.6306028366088867,-0.2693971633911132
13.38645076751709,-0.34635779857635496,-0.3360786199569702,1.6306028366088867,-0.2693971633911132
13.419529914855957,-0.34635779857635496,-0.3360786199569702,1.6306028366088867,-0.2693971633911132
13.452363729476929,-0.34635779857635496,-0.3360786199569702,1.6306028366088867,-0.2693971633911132
13.485173463821411,-0.34635779857635496,-0.3360786199569702,1.6306028366088867,-0.2693971633911132
13.517902612686157,-0.34635779857635496,-0.3360786199569702,1.6306028366088867,-0.2693971633911132
13.550943613052368,-0.34635779857635496,-0.3360786199569702,1.6306028366088867,-0.2693971633911132
13.58395504951477,-0.34635779857635496,-0.3360786199569702,1.6306028366088867,-0.2693971633911132
13.616888046264648,-0.34635779857635496,-0.3360786199569702,1.6306028366088867,-0.2693971633911132
13.649770021438599,-0.34635779857635496,-0.3360786199569702,1.6306028366088867,-0.2693971633911132
13.682846546173096,-0.34635779857635496,-0.3360786199569702,1.6306028366088867,-0.2693971633911132
13.71604061126709,-0.34635779857635496,-0.3360786199569702,1.6306028366088867,-0.2693971633911132
13.748749494552612,-0.34635779857635496,-0.3360786199569702,1.6306028366088867,-0.2693971633911132
13.78182578086853,-0.34635779857635496,-0.3360786199569702,1.6306028366088867,-0.2693971633911132
13.814959049224854,-0.34635779857635496,-0.3360786199569702,1.6306028366088867,-0.2693971633911132
13.847830772399902,-0.34635779857635496,-0.3360786199569702,1.6306028366088867,-0.2693971633911132
13.880854606628418,-0.34635779857635496,-0.3360786199569702,1.6306028366088867,-0.2693971633911132
13.91385293006897,-0.34635779857635496,-0.3360786199569702,1.6306028366088867,-0.2693971633911132
13.947214365005493,-0.34635779857635496,-0.3360786199569702,1.6306028366088867,-0.2693971633911132
13.980094194412231,-0.34635779857635496,-0.3360786199569702,1.6306028366088867,-0.2693971633911132
14.013158321380615,-0.34635779857635496,-0.3360786199569702,1.6306028366088867,-0.2693971633911132
14.045981407165527,-0.34635779857635496,-0.3360786199569702,1.6306028366088867,-0.2693971633911132
14.078843355178833,-0.34635779857635496,-0.3360786199569702,1.6306028366088867,-0.2693971633911132
14.111797332763672,-0.34635779857635496,-0.3360786199569702,1.6306028366088867,-0.2693971633911132
14.144859313964844,-0.34635779857635496,-0.3360786199569702,1.6306028366088867,-0.2693971633911132
14.177903890609741,-0.34635779857635496,-0.3360786199569702,1.6306028366088867,-0.2693971633911132
14.210731029510498,-0.34635779857635496,-0.3360786199569702,1.6306028366088867,-0.2693971633911132
14.243817329406738,-0.34635779857635496,-0.3360786199569702,1.6306028366088867,-0.2693971633911132
14.276885986328125,-0.34635779857635496,-0.3360786199569702,1.6306028366088867,-0.2693971633911132
14.30989408493042,-0.34635779857635496,-0.3360786199569702,1.6306028366088867,-0.2693971633911132
14.342888593673706,-0.34635779857635496,-0.3360786199569702,1.6306028366088867,-0.2693971633911132
14.375839471817017,-0.34635779857635496,-0.3360786199569702,1.6306028366088867,-0.2693971633911132
14.408835172653198,-0.34635779857635496,-0.3360786199569702,1.6306028366088867,-0.2693971633911132
14.441877841949463,-0.34635779857635496,-0.3360786199569702,1.6306028366088867,-0.2693971633911132
14.474803686141968,-0.34635779857635496,-0.3360786199569702,1.6306028366088867,-0.2693971633911132
14.508037090301514,-0.34635779857635496,-0.3360786199569702,1.6306028366088867,-0.2693971633911132
14.54118037223816,-0.34635779857635496,-0.3360786199569702,1.6306028366088867,-0.2693971633911132
14.574028730392456,-0.34635779857635496,-0.3360786199569702,1.6306028366088867,-0.2693971633911132
14.606733322143555,-0.34635779857635496,-0.3360786199569702,1.6306028366088867,-0.2693971633911132
14.63985276222229,-0.34635779857635496,-0.3360786199569702,1.6306028366088867,-0.2693971633911132
14.672856569290161,-0.34635779857635496,-0.3360786199569702,1.6306028366088867,-0.2693971633911132
14.705758810043335,-0.34635779857635496,-0.3360786199569702,1.6306028366088867,-0.2693971633911132
14.738752603530884,-0.34635779857635496,-0.3360786199569702,1.6306028366088867,-0.2693971633911132
14.771719455718994,-0.34635779857635496,-0.3360786199569702,1.6306028366088867,-0.2693971633911132
14.804942607879639,-0.34635779857635496,-0.3360786199569702,1.6306028366088867,-0.2693971633911132
14.838366746902466,-0.34635779857635496,-0.3360786199569702,1.6306028366088867,-0.2693971633911132
14.871344566345215,-0.34635779857635496,-0.3360786199569702,1.6306028366088867,-0.2693971633911132
14.904375076293945,-0.34635779857635496,-0.3360786199569702,1.6306028366088867,-0.2693971633911132
14.937121629714966,-0.34635779857635496,-0.3360786199569702,1.6306028366088867,-0.2693971633911132
14.970136404037476,-0.34635779857635496,-0.3360786199569702,1.6306028366088867,-0.2693971633911132
15.003093719482422,-0.34635779857635496,-0.3360786199569702,1.6306028366088867,-0.2693971633911132
15.036103248596191,-0.34635779857635496,-0.3360786199569702,1.6306028366088867,-0.2693971633911132
15.068856000900269,-0.34635779857635496,-0.3360786199569702,1.6306028366088867,-0.2693971633911132
15.101755142211914,-0.34635779857635496,-0.3360786199569702,1.6306028366088867,-0.2693971633911132
15.134814500808716,-0.34635779857635496,-0.3360786199569702,1.6306028366088867,-0.2693971633911132
15.16813349723816,-0.34635779857635496,-0.3360786199569702,1.6306028366088867,-0.2693971633911132
15.200959205627441,-0.34635779857635496,-0.3360786199569702,1.6306028366088867,-0.2693971633911132
15.233927011489868,-0.34635779857635496,-0.3360786199569702,1.6306028366088867,-0.2693971633911132
15.2668297290802,-0.34635779857635496,-0.3360786199569702,1.6306028366088867,-0.2693971633911132
15.299868822097778,-0.34635779857635496,-0.3360786199569702,1.6306028366088867,-0.2693971633911132
15.332902193069458,-0.34635779857635496,-0.3360786199569702,1.6306028366088867,-0.2693971633911132
15.365909337997437,-0.34635779857635496,-0.3360786199569702,1.6306028366088867,-0.2693971633911132
15.398990869522095,-0.34635779857635496,-0.3360786199569702,1.6306028366088867,-0.2693971633911132
15.431898593902588,-0.34635779857635496,-0.3360786199569702,1.6306028366088867,-0.2693971633911132
15.464871168136597,-0.34635779857635496,-0.3360786199569702,1.6306028366088867,-0.2693971633911132
15.497782230377197,-0.34635779857635496,-0.3360786199569702,1.6306028366088867,-0.2693971633911132
15.530794620513916,-0.34635779857635496,-0.3360786199569702,1.6306028366088867,-0.2693971633911132
15.56395173072815,-0.34635779857635496,-0.3360786199569702,1.6306028366088867,-0.2693971633911132
15.596814632415771,-0.34635779857635496,-0.3360786199569702,1.6306028366088867,-0.2693971633911132
15.629909038543701,-0.34635779857635496,-0.3360786199569702,1.6306028366088867,-0.2693971633911132
15.662938594818115,-0.34635779857635496,-0.3360786199569702,1.6306028366088867,-0.2693971633911132
15.695799827575684,-0.34635779857635496,-0.3360786199569702,1.6306028366088867,-0.2693971633911132
15.728925943374634,-0.34635779857635496,-0.3360786199569702,1.6306028366088867,-0.2693971633911132
15.761815071105957,-0.34635779857635496,-0.3360786199569702,1.6306028366088867,-0.2693971633911132
15.794959783554077,-0.34635779857635496,-0.3360786199569702,1.6306028366088867,-0.2693971633911132
15.827933549880981,-0.34635779857635496,-0.3360786199569702,1.6306028366088867,-0.2693971633911132
15.860908031463623,-0.34635779857635496,-0.3360786199569702,1.6306028366088867,-0.2693971633911132
15.89376974105835,-0.34635779857635496,-0.3360786199569702,1.6306028366088867,-0.2693971633911132
15.926856279373169,-0.34635779857635496,-0.3360786199569702,1.6306028366088867,-0.2693971633911132
15.95982551574707,-0.34635779857635496,-0.3360786199569702,1.6306028366088867,-0.2693971633911132
15.992800951004028,-0.34635779857635496,-0.3360786199569702,1.6306028366088867,-0.2693971633911132
16.0259792804718,-0.34635779857635496,-0.3360786199569702,1.6306028366088867,-0.2693971633911132
16.058673858642578,-0.34635779857635496,-0.3360786199569702,1.6306028366088867,-0.2693971633911132
16.091872215270996,-0.34635779857635496,-0.3360786199569702,1.6306028366088867,-0.2693971633911132
16.124802827835083,-0.34635779857635496,-0.3360786199569702,1.6306028366088867,-0.2693971633911132
16.158114433288574,-0.34635779857635496,-0.3360786199569702,1.6306028366088867,-0.2693971633911132
16.1908700466156,-0.34635779857635496,-0.3360786199569702,1.6306028366088867,-0.2693971633911132
16.223872184753418,-0.34635779857635496,-0.3360786199569702,1.6306028366088867,-0.2693971633911132
16.25693154335022,-0.34635779857635496,-0.3360786199569702,1.6306028366088867,-0.2693971633911132
16.28990077972412,-0.34635779857635496,-0.3360786199569702,1.6306028366088867,-0.2693971633911132
16.322859287261963,-0.34635779857635496,-0.3360786199569702,1.6306028366088867,-0.2693971633911132
16.355905532836914,-0.34635779857635496,-0.3360786199569702,1.6306028366088867,-0.2693971633911132
16.388807773590088,-0.34635779857635496,-0.3360786199569702,1.6306028366088867,-0.2693971633911132
16.42183494567871,-0.34635779857635496,-0.3360786199569702,1.6306028366088867,-0.2693971633911132
16.45491099357605,-0.34635779857635496,-0.3360786199569702,1.6306028366088867,-0.2693971633911132
16.48783850669861,-0.34635779857635496,-0.3360786199569702,1.6306028366088867,-0.2693971633911132
16.520957946777344,-0.34635779857635496,-0.3360786199569702,1.6306028366088867,-0.2693971633911132
16.554102897644043,-0.34635779857635496,-0.3360786199569702,1.6306028366088867,-0.2693971633911132
16.58685564994812,-0.34635779857635496,-0.3360786199569702,1.6306028366088867,-0.2693971633911132
16.619827032089233,-0.34635779857635496,-0.3360786199569702,1.6306028366088867,-0.2693971633911132
16.65287733078003,-0.34635779857635496,-0.3360786199569702,1.6306028366088867,-0.2693971633911132
16.685818195343018,-0.34635779857635496,-0.3360786199569702,1.6306028366088867,-0.2693971633911132
16.718876361846924,-0.34635779857635496,-0.3360786199569702,1.6306028366088867,-0.2693971633911132
16.751851320266724,-0.34635779857635496,-0.3360786199569702,1.6306028366088867,-0.2693971633911132
16.784793376922607,-0.34635779857635496,-0.3360786199569702,1.6306028366088867,-0.2693971633911132
16.817973136901855,-0.34635779857635496,-0.3360786199569702,1.6306028366088867,-0.2693971633911132
16.850934743881226,-0.34635779857635496,-0.3360786199569702,1.6306028366088867,-0.2693971633911132
16.883912563323975,-0.34635779857635496,-0.3360786199569702,1.6306028366088867,-0.2693971633911132
16.916877508163452,-0.34635779857635496,-0.3360786199569702,1.6306028366088867,-0.2693971633911132
16.94999074935913,-0.34635779857635496,-0.3360786199569702,1.6306028366088867,-0.2693971633911132
16.982945680618286,-0.34635779857635496,-0.3360786199569702,1.6306028366088867,-0.2693971633911132
17.015838384628296,-0.34635779857635496,-0.3360786199569702,1.6306028366088867,-0.2693971633911132
17.048898696899414,-0.34635779857635496,-0.3360786199569702,1.6306028366088867,-0.2693971633911132
17.08207893371582,-0.34635779857635496,-0.3360786199569702,1.6306028366088867,-0.2693971633911132
17.11514925956726,-0.34635779857635496,-0.3360786199569702,1.6306028366088867,-0.2693971633911132
17.14786386489868,-0.34635779857635496,-0.3360786199569702,1.6306028366088867,-0.2693971633911132
17.180786609649658,-0.34635779857635496,-0.3360786199569702,1.6306028366088867,-0.2693971633911132
17.214454889297485,-0.34635779857635496,-0.3360786199569702,1.6306028366088867,-0.2693971633911132
17.247061252593994,-0.34635779857635496,-0.3360786199569702,1.6306028366088867,-0.2693971633911132
17.279916763305664,-0.34635779857635496,-0.3360786199569702,1.6306028366088867,-0.2693971633911132
17.312793731689453,-0.34635779857635496,-0.3360786199569702,1.6306028366088867,-0.2693971633911132
17.345901250839233,-0.34635779857635496,-0.3360786199569702,1.6306028366088867,-0.2693971633911132
17.37907838821411,-0.34635779857635496,-0.3360786199569702,1.6306028366088867,-0.2693971633911132
17.411879539489746,-0.34635779857635496,-0.3360786199569702,1.6306028366088867,-0.2693971633911132
17.444863319396973,-0.34635779857635496,-0.3360786199569702,1.6306028366088867,-0.2693971633911132
17.47805666923523,-0.34635779857635496,-0.3360786199569702,1.6306028366088867,-0.2693971633911132
17.510989904403687,-0.34635779857635496,-0.3360786199569702,1.6306028366088867,-0.2693971633911132
17.544111490249634,-0.34635779857635496,-0.3360786199569702,1.6306028366088867,-0.2693971633911132
17.577250719070435,-0.34635779857635496,-0.3360786199569702,1.6306028366088867,-0.2693971633911132
17.610461473464966,-0.34635779857635496,-0.3360786199569702,1.6306028366088867,-0.2693971633911132
17.64310336112976,-0.34635779857635496,-0.3360786199569702,1.6306028366088867,-0.2693971633911132
17.676117420196533,-0.34635779857635496,-0.3360786199569702,1.6306028366088867,-0.2693971633911132
17.70927119255066,-0.34635779857635496,-0.3360786199569702,1.6306028366088867,-0.2693971633911132
17.742051362991333,-0.34635779857635496,-0.3360786199569702,1.6306028366088867,-0.2693971633911132
17.775119304656982,-0.34635779857635496,-0.3360786199569702,1.6306028366088867,-0.2693971633911132
17.808801651000977,-0.34635779857635496,-0.3360786199569702,1.6306028366088867,-0.2693971633911132
17.841166973114014,-0.34635779857635496,-0.3360786199569702,1.6306028366088867,-0.2693971633911132
17.874090909957886,-0.34635779857635496,-0.3360786199569702,1.6306028366088867,-0.2693971633911132
17.907151460647583,-0.34635779857635496,-0.3360786199569702,1.6306028366088867,-0.2693971633911132
17.940251111984253,-0.34635779857635496,-0.3360786199569702,1.6306028366088867,-0.2693971633911132
17.973123788833618,-0.34635779857635496,-0.3360786199569702,1.6306028366088867,-0.2693971633911132
18.006328105926514,-0.34635779857635496,-0.3360786199569702,1.6306028366088867,-0.2693971633911132
18.03903079032898,-0.34635779857635496,-0.3360786199569702,1.6306028366088867,-0.2693971633911132
18.072327852249146,-0.34635779857635496,-0.3360786199569702,1.6306028366088867,-0.2693971633911132
18.104947566986084,-0.34635779857635496,-0.3360786199569702,1.6306028366088867,-0.2693971633911132
18.137815713882446,-0.34635779857635496,-0.3360786199569702,1.6306028366088867,-0.2693971633911132
18.17077875137329,-0.34635779857635496,-0.3360786199569702,1.6306028366088867,-0.2693971633911132
18.20381808280945,-0.34635779857635496,-0.3360786199569702,1.6306028366088867,-0.2693971633911132
18.236829042434692,-0.34635779857635496,-0.3360786199569702,1.6306028366088867,-0.2693971633911132
18.269676685333252,-0.34635779857635496,-0.3360786199569702,1.6306028366088867,-0.2693971633911132
18.302677154541016,-0.34635779857635496,-0.3360786199569702,1.6306028366088867,-0.2693971633911132
18.335798263549805,-0.34635779857635496,-0.3360786199569702,1.6306028366088867,-0.2693971633911132
18.368782997131348,-0.34635779857635496,-0.3360786199569702,1.6306028366088867,-0.2693971633911132
18.401883363723755,-0.34635779857635496,-0.3360786199569702,1.6306028366088867,-0.2693971633911132
18.4347505569458,-0.34635779857635496,-0.3360786199569702,1.6306028366088867,-0.2693971633911132
18.467880725860596,-0.34635779857635496,-0.3360786199569702,1.6306028366088867,-0.2693971633911132
18.50208306312561,-0.34635779857635496,-0.3360786199569702,1.6306028366088867,-0.2693971633911132
18.53442072868347,-0.34635779857635496,-0.3360786199569702,1.6306028366088867,-0.2693971633911132
18.567214727401733,-0.34635779857635496,-0.3360786199569702,1.6306028366088867,-0.2693971633911132
18.600176334381104,-0.34635779857635496,-0.3360786199569702,1.6306028366088867,-0.2693971633911132
18.63302254676819,-0.34635779857635496,-0.3360786199569702,1.6306028366088867,-0.2693971633911132
18.665852308273315,-0.34635779857635496,-0.3360786199569702,1.6306028366088867,-0.2693971633911132
18.698859691619873,-0.34635779857635496,-0.3360786199569702,1.6306028366088867,-0.2693971633911132
18.732041358947754,-0.34635779857635496,-0.3360786199569702,1.6306028366088867,-0.2693971633911132
18.764711618423462,-0.34635779857635496,-0.3360786199569702,1.6306028366088867,-0.2693971633911132
18.79779815673828,-0.34635779857635496,-0.3360786199569702,1.6306028366088867,-0.2693971633911132
18.830703258514404,-0.34635779857635496,-0.3360786199569702,1.6306028366088867,-0.2693971633911132
18.863890886306763,-0.34635779857635496,-0.3360786199569702,1.6306028366088867,-0.2693971633911132
18.89674425125122,-0.34635779857635496,-0.3360786199569702,1.6306028366088867,-0.2693971633911132
18.929778814315796,-0.34635779857635496,-0.3360786199569702,1.6306028366088867,-0.2693971633911132
18.962719202041626,-0.34635779857635496,-0.3360786199569702,1.6306028366088867,-0.2693971633911132
18.995959758758545,-0.34635779857635496,-0.3360786199569702,1.6306028366088867,-0.2693971633911132
19.028841257095337,-0.34635779857635496,-0.3360786199569702,1.6306028366088867,-0.2693971633911132
19.06189513206482,-0.34635779857635496,-0.3360786199569702,1.6306028366088867,-0.2693971633911132
19.094974994659424,-0.34635779857635496,-0.3360786199569702,1.6306028366088867,-0.2693971633911132
19.128116846084595,-0.34635779857635496,-0.3360786199569702,1.6306028366088867,-0.2693971633911132
19.161449193954468,-0.34635779857635496,-0.3360786199569702,1.6306028366088867,-0.2693971633911132
19.194254636764526,-0.34635779857635496,-0.3360786199569702,1.6306028366088867,-0.2693971633911132
19.227242469787598,-0.34635779857635496,-0.3360786199569702,1.6306028366088867,-0.2693971633911132
19.260038375854492,-0.34635779857635496,-0.3360786199569702,1.6306028366088867,-0.2693971633911132
19.292802572250366,-0.34635779857635496,-0.3360786199569702,1.6306028366088867,-0.2693971633911132
19.32585382461548,-0.34635779857635496,-0.3360786199569702,1.6306028366088867,-0.2693971633911132
19.358956575393677,-0.34635779857635496,-0.3360786199569702,1.6306028366088867,-0.2693971633911132
19.392143487930298,-0.34635779857635496,-0.3360786199569702,1.6306028366088867,-0.2693971633911132
19.425323009490967,-0.34635779857635496,-0.3360786199569702,1.6306028366088867,-0.2693971633911132
19.45802903175354,-0.34635779857635496,-0.3360786199569702,1.6306028366088867,-0.2693971633911132
19.491034269332886,-0.34635779857635496,-0.3360786199569702,1.6306028366088867,-0.2693971633911132
19.52386999130249,-0.34635779857635496,-0.3360786199569702,1.6306028366088867,-0.2693971633911132
19.556843996047974,-0.34635779857635496,-0.3360786199569702,1.6306028366088867,-0.2693971633911132
19.590039014816284,-0.34635779857635496,-0.3360786199569702,1.6306028366088867,-0.2693971633911132
19.623167276382446,-0.34635779857635496,-0.3360786199569702,1.6306028366088867,-0.2693971633911132
19.65594983100891,-0.34635779857635496,-0.3360786199569702,1.6306028366088867,-0.2693971633911132
19.688857316970825,-0.34635779857635496,-0.3360786199569702,1.6306028366088867,-0.2693971633911132
19.721927165985107,-0.34635779857635496,-0.3360786199569702,1.6306028366088867,-0.2693971633911132
19.755104780197144,-0.34635779857635496,-0.3360786199569702,1.6306028366088867,-0.2693971633911132
19.787806034088135,-0.34635779857635496,-0.3360786199569702,1.6306028366088867,-0.2693971633911132
19.820808172225952,-0.34635779857635496,-0.3360786199569702,1.6306028366088867,-0.2693971633911132
19.853986978530884,-0.34635779857635496,-0.3360786199569702,1.6306028366088867,-0.2693971633911132
19.88681960105896,-0.34635779857635496,-0.3360786199569702,1.6306028366088867,-0.2693971633911132
19.919829845428467,-0.34635779857635496,-0.3360786199569702,1.6306028366088867,-0.2693971633911132
19.952906131744385,-0.34635779857635496,-0.3360786199569702,1.6306028366088867,-0.2693971633911132
19.98583197593689,-0.34635779857635496,-0.3360786199569702,1.6306028366088867,-0.2693971633911132
20.019211769104004,-0.34635779857635496,-0.3360786199569702,1.6306028366088867,-0.2693971633911132
20.051854133605957,-0.34635779857635496,-0.3360786199569702,1.6306028366088867,-0.2693971633911132
20.084742546081543,-0.34635779857635496,-0.3360786199569702,1.6306028366088867,-0.2693971633911132
20.11774230003357,-0.34635779857635496,-0.3360786199569702,1.6306028366088867,-0.2693971633911132
20.150902271270752,-0.34635779857635496,-0.3360786199569702,1.6306028366088867,-0.2693971633911132
20.183842420578003,-0.34635779857635496,-0.3360786199569702,1.6306028366088867,-0.2693971633911132
20.216793537139893,-0.34635779857635496,-0.3360786199569702,1.6306028366088867,-0.2693971633911132
20.25013256072998,-0.34635779857635496,-0.3360786199569702,1.6306028366088867,-0.2693971633911132
20.283019542694092,-0.34635779857635496,-0.3360786199569702,1.6306028366088867,-0.2693971633911132
20.315881729125977,-0.34635779857635496,-0.3360786199569702,1.6306028366088867,-0.2693971633911132
20.348946571350098,-0.34635779857635496,-0.3360786199569702,1.6306028366088867,-0.2693971633911132
20.381875038146973,-0.34635779857635496,-0.3360786199569702,1.6306028366088867,-0.2693971633911132
20.414848804473877,-0.34635779857635496,-0.3360786199569702,1.6306028366088867,-0.2693971633911132
20.44783926010132,-0.34635779857635496,-0.3360786199569702,1.6306028366088867,-0.2693971633911132
20.480833530426025,-0.34635779857635496,-0.3360786199569702,1.6306028366088867,-0.2693971633911132
20.51415252685547,-0.34635779857635496,-0.3360786199569702,1.6306028366088867,-0.2693971633911132
20.546945810317993,-0.34635779857635496,-0.3360786199569702,1.6306028366088867,-0.2693971633911132
20.57982563972473,-0.34635779857635496,-0.3360786199569702,1.6306028366088867,-0.2693971633911132
20.61284065246582,-0.34635779857635496,-0.3360786199569702,1.6306028366088867,-0.2693971633911132
20.646183729171753,-0.34635779857635496,-0.3360786199569702,1.6306028366088867,-0.2693971633911132
20.679566860198975,-0.34635779857635496,-0.3360786199569702,1.6306028366088867,-0.2693971633911132
20.71243166923523,-0.34635779857635496,-0.3360786199569702,1.6306028366088867,-0.2693971633911132
20.74488115310669,-0.34635779857635496,-0.3360786199569702,1.6306028366088867,-0.2693971633911132
20.777910947799683,-0.34635779857635496,-0.3360786199569702,1.6306028366088867,-0.2693971633911132
20.81103491783142,-0.34635779857635496,-0.3360786199569702,1.6306028366088867,-0.2693971633911132
20.844053268432617,-0.34635779857635496,-0.3360786199569702,1.6306028366088867,-0.2693971633911132
20.8775053024292,-0.34635779857635496,-0.3360786199569702,1.6306028366088867,-0.2693971633911132
20.91064476966858,-0.34635779857635496,-0.3360786199569702,1.6306028366088867,-0.2693971633911132
20.94351625442505,-0.34635779857635496,-0.3360786199569702,1.6306028366088867,-0.2693971633911132
20.97587299346924,-0.34635779857635496,-0.3360786199569702,1.6306028366088867,-0.2693971633911132
21.009206533432007,-0.34635779857635496,-0.3360786199569702,1.6306028366088867,-0.2693971633911132
21.04198455810547,-0.34635779857635496,-0.3360786199569702,1.6306028366088867,-0.2693971633911132
21.07509994506836,-0.34635779857635496,-0.3360786199569702,1.6306028366088867,-0.2693971633911132
21.1085422039032,-0.34635779857635496,-0.3360786199569702,1.6306028366088867,-0.2693971633911132
21.141286373138428,-0.34635779857635496,-0.3360786199569702,1.6306028366088867,-0.2693971633911132
21.173789024353027,-0.34635779857635496,-0.3360786199569702,1.6306028366088867,-0.2693971633911132
21.207030773162842,-0.34635779857635496,-0.3360786199569702,1.6306028366088867,-0.2693971633911132
21.24012780189514,-0.34635779857635496,-0.3360786199569702,1.6306028366088867,-0.2693971633911132
21.273588180541992,-0.34635779857635496,-0.3360786199569702,1.6306028366088867,-0.2693971633911132
21.306340217590332,-0.34635779857635496,-0.3360786199569702,1.6306028366088867,-0.2693971633911132
21.339406490325928,-0.34635779857635496,-0.3360786199569702,1.6306028366088867,-0.2693971633911132
21.372622966766357,-0.34635779857635496,-0.3360786199569702,1.6306028366088867,-0.2693971633911132
21.40515422821045,-0.34635779857635496,-0.3360786199569702,1.6306028366088867,-0.2693971633911132
21.438037395477295,-0.34635779857635496,-0.3360786199569702,1.6306028366088867,-0.2693971633911132
21.47132110595703,-0.34635779857635496,-0.3360786199569702,1.6306028366088867,-0.2693971633911132
21.50387716293335,-0.34635779857635496,-0.3360786199569702,1.6306028366088867,-0.2693971633911132
21.536768436431885,-0.34635779857635496,-0.3360786199569702,1.6306028366088867,-0.2693971633911132
21.569910049438477,-0.34635779857635496,-0.3360786199569702,1.6306028366088867,-0.2693971633911132
21.603248596191406,-0.34635779857635496,-0.3360786199569702,1.6306028366088867,-0.2693971633911132
21.63617777824402,-0.34635779857635496,-0.3360786199569702,1.6306028366088867,-0.2693971633911132
21.66915512084961,-0.34635779857635496,-0.3360786199569702,1.6306028366088867,-0.2693971633911132
21.70237970352173,-0.34635779857635496,-0.3360786199569702,1.6306028366088867,-0.2693971633911132
21.73501467704773,-0.34635779857635496,-0.3360786199569702,1.6306028366088867,-0.2693971633911132
21.76780128479004,-0.34635779857635496,-0.3360786199569702,1.6306028366088867,-0.2693971633911132
21.800799131393433,-0.34635779857635496,-0.3360786199569702,1.6306028366088867,-0.2693971633911132
21.83391499519348,-0.34635779857635496,-0.3360786199569702,1.6306028366088867,-0.2693971633911132
21.867143154144287,-0.34635779857635496,-0.3360786199569702,1.6306028366088867,-0.2693971633911132
21.900068521499634,-0.34635779857635496,-0.3360786199569702,1.6306028366088867,-0.2693971633911132
21.93306541442871,-0.34635779857635496,-0.3360786199569702,1.6306028366088867,-0.2693971633911132
21.96625518798828,-0.34635779857635496,-0.3360786199569702,1.6306028366088867,-0.2693971633911132
21.999064922332764,-0.34635779857635496,-0.3360786199569702,1.6306028366088867,-0.2693971633911132
22.03220844268799,-0.34635779857635496,-0.3360786199569702,1.6306028366088867,-0.2693971633911132
22.065160036087036,-0.34635779857635496,-0.3360786199569702,1.6306028366088867,-0.2693971633911132
22.098019123077393,-0.34635779857635496,-0.3360786199569702,1.6306028366088867,-0.2693971633911132
22.131060361862183,-0.34635779857635496,-0.3360786199569702,1.6306028366088867,-0.2693971633911132
22.163923978805542,-0.34635779857635496,-0.3360786199569702,1.6306028366088867,-0.2693971633911132
22.196967363357544,-0.34635779857635496,-0.3360786199569702,1.6306028366088867,-0.2693971633911132
22.22984504699707,-0.34635779857635496,-0.3360786199569702,1.6306028366088867,-0.2693971633911132
22.26293182373047,-0.34635779857635496,-0.3360786199569702,1.6306028366088867,-0.2693971633911132
22.296308517456055,-0.34635779857635496,-0.3360786199569702,1.6306028366088867,-0.2693971633911132
22.328834533691406,-0.34635779857635496,-0.3360786199569702,1.6306028366088867,-0.2693971633911132
22.361939668655396,-0.34635779857635496,-0.3360786199569702,1.6306028366088867,-0.2693971633911132
22.3947172164917,-0.34635779857635496,-0.3360786199569702,1.6306028366088867,-0.2693971633911132
22.427801847457886,-0.34635779857635496,-0.3360786199569702,1.6306028366088867,-0.2693971633911132
22.4609375,-0.34635779857635496,-0.3360786199569702,1.6306028366088867,-0.2693971633911132
22.494341373443604,-0.34635779857635496,-0.3360786199569702,1.6306028366088867,-0.2693971633911132
22.527751684188843,-0.34635779857635496,-0.3360786199569702,1.6306028366088867,-0.2693971633911132
22.560636043548584,-0.34635779857635496,-0.3360786199569702,1.6306028366088867,-0.2693971633911132
22.593595266342163,-0.34635779857635496,-0.3360786199569702,1.6306028366088867,-0.2693971633911132
22.625843286514282,-0.34635779857635496,-0.3360786199569702,1.6306028366088867,-0.2693971633911132
22.658798694610596,-0.34635779857635496,-0.3360786199569702,1.6306028366088867,-0.2693971633911132
22.691750288009644,-0.34635779857635496,-0.3360786199569702,1.6306028366088867,-0.2693971633911132
22.72492742538452,-0.34635779857635496,-0.3360786199569702,1.6306028366088867,-0.2693971633911132
22.758368253707886,-0.34635779857635496,-0.3360786199569702,1.6306028366088867,-0.2693971633911132
22.791158437728882,-0.34635779857635496,-0.3360786199569702,1.6306028366088867,-0.2693971633911132
22.824514150619507,-0.34635779857635496,-0.3360786199569702,1.6306028366088867,-0.2693971633911132
22.85727071762085,-0.34635779857635496,-0.3360786199569702,1.6306028366088867,-0.2693971633911132
22.89025902748108,-0.34635779857635496,-0.3360786199569702,1.6306028366088867,-0.2693971633911132
22.923020124435425,-0.34635779857635496,-0.3360786199569702,1.6306028366088867,-0.2693971633911132
22.95609712600708,-0.34635779857635496,-0.3360786199569702,1.6306028366088867,-0.2693971633911132
22.98914098739624,-0.34635779857635496,-0.3360786199569702,1.6306028366088867,-0.2693971633911132
23.02230429649353,-0.34635779857635496,-0.3360786199569702,1.6306028366088867,-0.2693971633911132
23.0551495552063,-0.34635779857635496,-0.3360786199569702,1.6306028366088867,-0.2693971633911132
23.08785891532898,-0.34635779857635496,-0.3360786199569702,1.6306028366088867,-0.2693971633911132
23.12129259109497,-0.34635779857635496,-0.3360786199569702,1.6306028366088867,-0.2693971633911132
23.154201984405518,-0.34635779857635496,-0.3360786199569702,1.6306028366088867,-0.2693971633911132
23.186899662017822,-0.34635779857635496,-0.3360786199569702,1.6306028366088867,-0.2693971633911132
23.219863891601562,-0.34635779857635496,-0.3360786199569702,1.6306028366088867,-0.2693971633911132
23.252730131149292,-0.34635779857635496,-0.3360786199569702,1.6306028366088867,-0.2693971633911132
23.285892486572266,-0.34635779857635496,-0.3360786199569702,1.6306028366088867,-0.2693971633911132
23.318784475326538,-0.34635779857635496,-0.3360786199569702,1.6306028366088867,-0.2693971633911132
23.351661205291748,-0.34635779857635496,-0.3360786199569702,1.6306028366088867,-0.2693971633911132
23.384716510772705,-0.34635779857635496,-0.3360786199569702,1.6306028366088867,-0.2693971633911132
23.41779327392578,-0.34635779857635496,-0.3360786199569702,1.6306028366088867,-0.2693971633911132
23.45080852508545,-0.34635779857635496,-0.3360786199569702,1.6306028366088867,-0.2693971633911132
23.48380398750305,-0.34635779857635496,-0.3360786199569702,1.6306028366088867,-0.2693971633911132
23.516777515411377,-0.34635779857635496,-0.3360786199569702,1.6306028366088867,-0.2693971633911132
23.54982566833496,-0.34635779857635496,-0.3360786199569702,1.6306028366088867,-0.2693971633911132
23.582988262176514,-0.34635779857635496,-0.3360786199569702,1.6306028366088867,-0.2693971633911132
23.61600971221924,-0.34635779857635496,-0.3360786199569702,1.6306028366088867,-0.2693971633911132
23.64892816543579,-0.34635779857635496,-0.3360786199569702,1.6306028366088867,-0.2693971633911132
23.681854009628296,-0.34635779857635496,-0.3360786199569702,1.6306028366088867,-0.2693971633911132
23.71491813659668,-0.34635779857635496,-0.3360786199569702,1.6306028366088867,-0.2693971633911132
23.747963666915894,-0.34635779857635496,-0.3360786199569702,1.6306028366088867,-0.2693971633911132
23.781023263931274,-0.34635779857635496,-0.3360786199569702,1.6306028366088867,-0.2693971633911132
23.813889026641846,-0.34635779857635496,-0.3360786199569702,1.6306028366088867,-0.2693971633911132
23.84757947921753,-0.34635779857635496,-0.3360786199569702,1.6306028366088867,-0.2693971633911132
23.880441904067993,-0.34635779857635496,-0.3360786199569702,1.6306028366088867,-0.2693971633911132
23.91324758529663,-0.34635779857635496,-0.3360786199569702,1.6306028366088867,-0.2693971633911132
23.946111917495728,-0.34635779857635496,-0.3360786199569702,1.6306028366088867,-0.2693971633911132
23.979223251342773,-0.34635779857635496,-0.3360786199569702,1.6306028366088867,-0.2693971633911132
24.012238025665283,-0.34635779857635496,-0.3360786199569702,1.6306028366088867,-0.2693971633911132
24.045252084732056,-0.34635779857635496,-0.3360786199569702,1.6306028366088867,-0.2693971633911132
24.077856302261353,-0.34635779857635496,-0.3360786199569702,1.6306028366088867,-0.2693971633911132
24.110764741897583,-0.34635779857635496,-0.3360786199569702,1.6306028366088867,-0.2693971633911132
24.14381766319275,-0.34635779857635496,-0.3360786199569702,1.6306028366088867,-0.2693971633911132
24.176787853240967,-0.34635779857635496,-0.3360786199569702,1.6306028366088867,-0.2693971633911132
24.209805965423584,-0.34635779857635496,-0.3360786199569702,1.6306028366088867,-0.2693971633911132
24.242862224578857,-0.34635779857635496,-0.3360786199569702,1.6306028366088867,-0.2693971633911132
24.275922298431396,-0.34635779857635496,-0.3360786199569702,1.6306028366088867,-0.2693971633911132
24.30891728401184,-0.34635779857635496,-0.3360786199569702,1.6306028366088867,-0.2693971633911132
24.341931104660034,-0.34635779857635496,-0.3360786199569702,1.6306028366088867,-0.2693971633911132
24.374962091445923,-0.34635779857635496,-0.3360786199569702,1.6306028366088867,-0.2693971633911132
24.40799641609192,-0.34635779857635496,-0.3360786199569702,1.6306028366088867,-0.2693971633911132
24.440834760665894,-0.34635779857635496,-0.3360786199569702,1.6306028366088867,-0.2693971633911132
24.47393012046814,-0.34635779857635496,-0.3360786199569702,1.6306028366088867,-0.2693971633911132
24.506856441497803,-0.34635779857635496,-0.3360786199569702,1.6306028366088867,-0.2693971633911132
24.539855003356934,-0.34635779857635496,-0.3360786199569702,1.6306028366088867,-0.2693971633911132
24.572973489761353,-0.34635779857635496,-0.3360786199569702,1.6306028366088867,-0.2693971633911132
24.605796813964844,-0.34635779857635496,-0.3360786199569702,1.6306028366088867,-0.2693971633911132
24.638856887817383,-0.34635779857635496,-0.3360786199569702,1.6306028366088867,-0.2693971633911132
24.671940326690674,-0.34635779857635496,-0.3360786199569702,1.6306028366088867,-0.2693971633911132
24.70487403869629,-0.34635779857635496,-0.3360786199569702,1.6306028366088867,-0.2693971633911132
24.73779034614563,-0.34635779857635496,-0.3360786199569702,1.6306028366088867,-0.2693971633911132
24.771125555038452,-0.34635779857635496,-0.3360786199569702,1.6306028366088867,-0.2693971633911132
24.803837537765503,-0.34635779857635496,-0.3360786199569702,1.6306028366088867,-0.2693971633911132
24.837159156799316,-0.34635779857635496,-0.3360786199569702,1.6306028366088867,-0.2693971633911132
24.869954347610474,-0.34635779857635496,-0.3360786199569702,1.6306028366088867,-0.2693971633911132
24.903493881225586,-0.34635779857635496,-0.3360786199569702,1.6306028366088867,-0.2693971633911132
24.936058044433594,-0.34635779857635496,-0.3360786199569702,1.6306028366088867,-0.2693971633911132
24.968912839889526,-0.34635779857635496,-0.3360786199569702,1.6306028366088867,-0.2693971633911132
25.002083778381348,-0.34635779857635496,-0.3360786199569702,1.6306028366088867,-0.2693971633911132
25.035025358200073,-0.34635779857635496,-0.3360786199569702,1.6306028366088867,-0.2693971633911132
25.06790256500244,-0.34635779857635496,-0.3360786199569702,1.6306028366088867,-0.2693971633911132
25.100894689559937,-0.34635779857635496,-0.3360786199569702,1.6306028366088867,-0.2693971633911132
25.134557485580444,-0.34635779857635496,-0.3360786199569702,1.6306028366088867,-0.2693971633911132
25.167367219924927,-0.34635779857635496,-0.3360786199569702,1.6306028366088867,-0.2693971633911132
25.20012640953064,-0.34635779857635496,-0.3360786199569702,1.6306028366088867,-0.2693971633911132
25.232904195785522,-0.34635779857635496,-0.3360786199569702,1.6306028366088867,-0.2693971633911132
25.266140699386597,-0.34635779857635496,-0.3360786199569702,1.6306028366088867,-0.2693971633911132
25.299052476882935,-0.34635779857635496,-0.3360786199569702,1.6306028366088867,-0.2693971633911132
25.33186149597168,-0.34635779857635496,-0.3360786199569702,1.6306028366088867,-0.2693971633911132
25.3650221824646,-0.34635779857635496,-0.3360786199569702,1.6306028366088867,-0.2693971633911132
25.39867854118347,-0.34635779857635496,-0.3360786199569702,1.6306028366088867,-0.2693971633911132
25.431533098220825,-0.34635779857635496,-0.3360786199569702,1.6306028366088867,-0.2693971633911132
25.464407205581665,-0.34635779857635496,-0.3360786199569702,1.6306028366088867,-0.2693971633911132
25.497379541397095,-0.34635779857635496,-0.3360786199569702,1.6306028366088867,-0.2693971633911132
25.529785871505737,-0.34635779857635496,-0.3360786199569702,1.6306028366088867,-0.2693971633911132
25.562753677368164,-0.34635779857635496,-0.3360786199569702,1.6306028366088867,-0.2693971633911132
25.59574866294861,-0.34635779857635496,-0.3360786199569702,1.6306028366088867,-0.2693971633911132
25.628852367401123,-0.34635779857635496,-0.3360786199569702,1.6306028366088867,-0.2693971633911132
25.661832332611084,-0.34635779857635496,-0.3360786199569702,1.6306028366088867,-0.2693971633911132
25.694871187210083,-0.34635779857635496,-0.3360786199569702,1.6306028366088867,-0.2693971633911132
25.72847604751587,-0.34635779857635496,-0.3360786199569702,1.6306028366088867,-0.2693971633911132
25.761167764663696,-0.34635779857635496,-0.3360786199569702,1.6306028366088867,-0.2693971633911132
25.79417085647583,-0.34635779857635496,-0.3360786199569702,1.6306028366088867,-0.2693971633911132
25.827308177947998,-0.34635779857635496,-0.3360786199569702,1.6306028366088867,-0.2693971633911132
25.86015820503235,-0.34635779857635496,-0.3360786199569702,1.6306028366088867,-0.2693971633911132
25.893364429473877,-0.34635779857635496,-0.3360786199569702,1.6306028366088867,-0.2693971633911132
25.92603349685669,-0.34635779857635496,-0.3360786199569702,1.6306028366088867,-0.2693971633911132
25.959068775177002,-0.34635779857635496,-0.3360786199569702,1.6306028366088867,-0.2693971633911132
25.991767644882202,-0.34635779857635496,-0.3360786199569702,1.6306028366088867,-0.2693971633911132
26.02533984184265,-0.34635779857635496,-0.3360786199569702,1.6306028366088867,-0.2693971633911132
26.058107614517212,-0.34635779857635496,-0.3360786199569702,1.6306028366088867,-0.2693971633911132
26.09097671508789,-0.34635779857635496,-0.3360786199569702,1.6306028366088867,-0.2693971633911132
26.12418246269226,-0.34635779857635496,-0.3360786199569702,1.6306028366088867,-0.2693971633911132
26.156863927841187,-0.34635779857635496,-0.3360786199569702,1.6306028366088867,-0.2693971633911132
26.189820528030396,-0.34635779857635496,-0.3360786199569702,1.6306028366088867,-0.2693971633911132
26.22292137145996,-0.34635779857635496,-0.3360786199569702,1.6306028366088867,-0.2693971633911132
26.255788326263428,-0.34635779857635496,-0.3360786199569702,1.6306028366088867,-0.2693971633911132
26.28875231742859,-0.34635779857635496,-0.3360786199569702,1.6306028366088867,-0.2693971633911132
26.321777820587158,-0.34635779857635496,-0.3360786199569702,1.6306028366088867,-0.2693971633911132
26.35476541519165,-0.34635779857635496,-0.3360786199569702,1.6306028366088867,-0.2693971633911132
26.38849401473999,-0.34635779857635496,-0.3360786199569702,1.6306028366088867,-0.2693971633911132
26.42121195793152,-0.34635779857635496,-0.3360786199569702,1.6306028366088867,-0.2693971633911132
26.45423436164856,-0.34635779857635496,-0.3360786199569702,1.6306028366088867,-0.2693971633911132
26.487075328826904,-0.34635779857635496,-0.3360786199569702,1.6306028366088867,-0.2693971633911132
26.520254373550415,-0.34635779857635496,-0.3360786199569702,1.6306028366088867,-0.2693971633911132
26.553070783615112,-0.34635779857635496,-0.3360786199569702,1.6306028366088867,-0.2693971633911132
26.586167812347412,-0.34635779857635496,-0.3360786199569702,1.6306028366088867,-0.2693971633911132
26.618781805038452,-0.34635779857635496,-0.3360786199569702,1.6306028366088867,-0.2693971633911132
26.652080297470093,-0.34635779857635496,-0.3360786199569702,1.6306028366088867,-0.2693971633911132
26.685091733932495,-0.34635779857635496,-0.3360786199569702,1.6306028366088867,-0.2693971633911132
26.71788263320923,-0.34635779857635496,-0.3360786199569702,1.6306028366088867,-0.2693971633911132
26.750857830047607,-0.34635779857635496,-0.3360786199569702,1.6306028366088867,-0.2693971633911132
26.783819913864136,-0.34635779857635496,-0.3360786199569702,1.6306028366088867,-0.2693971633911132
26.81680941581726,-0.34635779857635496,-0.3360786199569702,1.6306028366088867,-0.2693971633911132
26.849746465682983,-0.34635779857635496,-0.3360786199569702,1.6306028366088867,-0.2693971633911132
26.88274908065796,-0.34635779857635496,-0.3360786199569702,1.6306028366088867,-0.2693971633911132
26.916136980056763,-0.34635779857635496,-0.3360786199569702,1.6306028366088867,-0.2693971633911132
26.94881248474121,-0.34635779857635496,-0.3360786199569702,1.6306028366088867,-0.2693971633911132
26.9819073677063,-0.34635779857635496,-0.3360786199569702,1.6306028366088867,-0.2693971633911132
27.015068769454956,-0.34635779857635496,-0.3360786199569702,1.6306028366088867,-0.2693971633911132
27.04785418510437,-0.34635779857635496,-0.3360786199569702,1.6306028366088867,-0.2693971633911132
27.080838203430176,-0.34635779857635496,-0.3360786199569702,1.6306028366088867,-0.2693971633911132
27.113910675048828,-0.34635779857635496,-0.3360786199569702,1.6306028366088867,-0.2693971633911132
27.146888494491577,-0.34635779857635496,-0.3360786199569702,1.6306028366088867,-0.2693971633911132
27.17992401123047,-0.34635779857635496,-0.3360786199569702,1.6306028366088867,-0.2693971633911132
27.21286416053772,-0.34635779857635496,-0.3360786199569702,1.6306028366088867,-0.2693971633911132
27.245794534683228,-0.34635779857635496,-0.3360786199569702,1.6306028366088867,-0.2693971633911132
27.278855323791504,-0.34635779857635496,-0.3360786199569702,1.6306028366088867,-0.2693971633911132
27.311939477920532,-0.34635779857635496,-0.3360786199569702,1.6306028366088867,-0.2693971633911132
27.344784259796143,-0.34635779857635496,-0.3360786199569702,1.6306028366088867,-0.2693971633911132
27.377798318862915,-0.34635779857635496,-0.3360786199569702,1.6306028366088867,-0.2693971633911132
27.410820484161377,-0.34635779857635496,-0.3360786199569702,1.6306028366088867,-0.2693971633911132
27.444220066070557,-0.34635779857635496,-0.3360786199569702,1.6306028366088867,-0.2693971633911132
27.47708749771118,-0.34635779857635496,-0.3360786199569702,1.6306028366088867,-0.2693971633911132
27.509930849075317,-0.34635779857635496,-0.3360786199569702,1.6306028366088867,-0.2693971633911132
27.542824506759644,-0.34635779857635496,-0.3360786199569702,1.6306028366088867,-0.2693971633911132
27.575892210006714,-0.34635779857635496,-0.3360786199569702,1.6306028366088867,-0.2693971633911132
27.608866214752197,-0.34635779857635496,-0.3360786199569702,1.6306028366088867,-0.2693971633911132
27.64269232749939,-0.34635779857635496,-0.3360786199569702,1.6306028366088867,-0.2693971633911132
27.67538595199585,-0.34635779857635496,-0.3360786199569702,1.6306028366088867,-0.2693971633911132
27.70813536643982,-0.34635779857635496,-0.3360786199569702,1.6306028366088867,-0.2693971633911132
27.741120100021362,-0.34635779857635496,-0.3360786199569702,1.6306028366088867,-0.2693971633911132
27.773868799209595,-0.34635779857635496,-0.3360786199569702,1.6306028366088867,-0.2693971633911132
27.806748628616333,-0.34635779857635496,-0.3360786199569702,1.6306028366088867,-0.2693971633911132
27.839918613433838,-0.34635779857635496,-0.3360786199569702,1.6306028366088867,-0.2693971633911132
27.87295365333557,-0.34635779857635496,-0.3360786199569702,1.6306028366088867,-0.2693971633911132
27.90598964691162,-0.34635779857635496,-0.3360786199569702,1.6306028366088867,-0.2693971633911132
27.93885850906372,-0.34635779857635496,-0.3360786199569702,1.6306028366088867,-0.2693971633911132
27.971812963485718,-0.34635779857635496,-0.3360786199569702,1.6306028366088867,-0.2693971633911132
28.00618076324463,-0.34635779857635496,-0.3360786199569702,1.6306028366088867,-0.2693971633911132
28.037994861602783,-0.34635779857635496,-0.3360786199569702,1.6306028366088867,-0.2693971633911132
28.071000576019287,-0.34635779857635496,-0.3360786199569702,1.6306028366088867,-0.2693971633911132
28.103798866271973,-0.34635779857635496,-0.3360786199569702,1.6306028366088867,-0.2693971633911132
28.136908292770386,-0.34635779857635496,-0.3360786199569702,1.6306028366088867,-0.2693971633911132
28.169952869415283,-0.34635779857635496,-0.3360786199569702,1.6306028366088867,-0.2693971633911132
28.20297908782959,-0.34635779857635496,-0.3360786199569702,1.6306028366088867,-0.2693971633911132
28.2358295917511,-0.34635779857635496,-0.3360786199569702,1.6306028366088867,-0.2693971633911132
28.268871784210205,-0.34635779857635496,-0.3360786199569702,1.6306028366088867,-0.2693971633911132
28.301822423934937,-0.34635779857635496,-0.3360786199569702,1.6306028366088867,-0.2693971633911132
28.334840774536133,-0.34635779857635496,-0.3360786199569702,1.6306028366088867,-0.2693971633911132
28.367841243743896,-0.34635779857635496,-0.3360786199569702,1.6306028366088867,-0.2693971633911132
28.400953769683838,-0.34635779857635496,-0.3360786199569702,1.6306028366088867,-0.2693971633911132
28.433838844299316,-0.34635779857635496,-0.3360786199569702,1.6306028366088867,-0.2693971633911132
28.46673059463501,-0.34635779857635496,-0.3360786199569702,1.6306028366088867,-0.2693971633911132
28.499802350997925,-0.34635779857635496,-0.3360786199569702,1.6306028366088867,-0.2693971633911132
28.532862901687622,-0.34635779857635496,-0.3360786199569702,1.6306028366088867,-0.2693971633911132
28.566314220428467,-0.34635779857635496,-0.3360786199569702,1.6306028366088867,-0.2693971633911132
28.59941077232361,-0.34635779857635496,-0.3360786199569702,1.6306028366088867,-0.2693971633911132
28.632163763046265,-0.34635779857635496,-0.3360786199569702,1.6306028366088867,-0.2693971633911132
28.6652410030365,-0.34635779857635496,-0.3360786199569702,1.6306028366088867,-0.2693971633911132
28.698299884796143,-0.34635779857635496,-0.3360786199569702,1.6306028366088867,-0.2693971633911132
28.7312228679657,-0.34635779857635496,-0.3360786199569702,1.6306028366088867,-0.2693971633911132
28.764315843582153,-0.34635779857635496,-0.3360786199569702,1.6306028366088867,-0.2693971633911132
28.797253370285034,-0.34635779857635496,-0.3360786199569702,1.6306028366088867,-0.2693971633911132
28.83025336265564,-0.34635779857635496,-0.3360786199569702,1.6306028366088867,-0.2693971633911132
28.86314058303833,-0.34635779857635496,-0.3360786199569702,1.6306028366088867,-0.2693971633911132
28.896404504776,-0.34635779857635496,-0.3360786199569702,1.6306028366088867,-0.2693971633911132
28.92936134338379,-0.34635779857635496,-0.3360786199569702,1.6306028366088867,-0.2693971633911132
28.962124824523926,-0.34635779857635496,-0.3360786199569702,1.6306028366088867,-0.2693971633911132
28.995280504226685,-0.34635779857635496,-0.3360786199569702,1.6306028366088867,-0.2693971633911132
29.028443574905396,-0.34635779857635496,-0.3360786199569702,1.6306028366088867,-0.2693971633911132
29.06077480316162,-0.34635779857635496,-0.3360786199569702,1.6306028366088867,-0.2693971633911132
29.093848943710327,-0.34635779857635496,-0.3360786199569702,1.6306028366088867,-0.2693971633911132
29.126928091049194,-0.34635779857635496,-0.3360786199569702,1.6306028366088867,-0.2693971633911132
29.15980291366577,-0.34635779857635496,-0.3360786199569702,1.6306028366088867,-0.2693971633911132
29.192787408828735,-0.34635779857635496,-0.3360786199569702,1.6306028366088867,-0.2693971633911132
29.22583246231079,-0.34635779857635496,-0.3360786199569702,1.6306028366088867,-0.2693971633911132
29.25907802581787,-0.34635779857635496,-0.3360786199569702,1.6306028366088867,-0.2693971633911132
29.292091369628906,-0.34635779857635496,-0.3360786199569702,1.6306028366088867,-0.2693971633911132
29.325303316116333,-0.34635779857635496,-0.3360786199569702,1.6306028366088867,-0.2693971633911132
29.358437538146973,-0.34635779857635496,-0.3360786199569702,1.6306028366088867,-0.2693971633911132
29.39149808883667,-0.34635779857635496,-0.3360786199569702,1.6306028366088867,-0.2693971633911132
29.42414355278015,-0.34635779857635496,-0.3360786199569702,1.6306028366088867,-0.2693971633911132
29.45710253715515,-0.34635779857635496,-0.3360786199569702,1.6306028366088867,-0.2693971633911132
29.490222692489624,-0.34635779857635496,-0.3360786199569702,1.6306028366088867,-0.2693971633911132
29.523319721221924,-0.34635779857635496,-0.3360786199569702,1.6306028366088867,-0.2693971633911132
29.556007623672485,-0.34635779857635496,-0.3360786199569702,1.6306028366088867,-0.2693971633911132
29.58890652656555,-0.34635779857635496,-0.3360786199569702,1.6306028366088867,-0.2693971633911132
29.621965169906616,-0.34635779857635496,-0.3360786199569702,1.6306028366088867,-0.2693971633911132
29.65489625930786,-0.34635779857635496,-0.3360786199569702,1.6306028366088867,-0.2693971633911132
29.687896251678467,-0.34635779857635496,-0.3360786199569702,1.6306028366088867,-0.2693971633911132
29.720818281173706,-0.34635779857635496,-0.3360786199569702,1.6306028366088867,-0.2693971633911132
29.75380277633667,-0.34635779857635496,-0.3360786199569702,1.6306028366088867,-0.2693971633911132
29.786936283111572,-0.34635779857635496,-0.3360786199569702,1.6306028366088867,-0.2693971633911132
29.819804906845093,-0.34635779857635496,-0.3360786199569702,1.6306028366088867,-0.2693971633911132
29.85295605659485,-0.34635779857635496,-0.3360786199569702,1.6306028366088867,-0.2693971633911132
29.886187314987183,-0.34635779857635496,-0.3360786199569702,1.6306028366088867,-0.2693971633911132
29.91903042793274,-0.34635779857635496,-0.3360786199569702,1.6306028366088867,-0.2693971633911132
29.95197582244873,-0.34635779857635496,-0.3360786199569702,1.6306028366088867,-0.2693971633911132
29.984934329986572,-0.34635779857635496,-0.3360786199569702,1.6306028366088867,-0.2693971633911132
30.017802000045776,-0.34635779857635496,-0.3360786199569702,1.6306028366088867,-0.2693971633911132
30.05087375640869,-0.34635779857635496,-0.3360786199569702,1.6306028366088867,-0.2693971633911132
30.08388042449951,-0.34635779857635496,-0.3360786199569702,1.6306028366088867,-0.2693971633911132
30.11712956428528,-0.34635779857635496,-0.3360786199569702,1.6306028366088867,-0.2693971633911132
30.150048971176147,-0.34635779857635496,-0.3360786199569702,1.6306028366088867,-0.2693971633911132
30.183148622512817,-0.34635779857635496,-0.3360786199569702,1.6306028366088867,-0.2693971633911132
30.216280221939087,-0.34635779857635496,-0.3360786199569702,1.6306028366088867,-0.2693971633911132
30.248888731002808,-0.34635779857635496,-0.3360786199569702,1.6306028366088867,-0.2693971633911132
30.281874179840088,-0.34635779857635496,-0.3360786199569702,1.6306028366088867,-0.2693971633911132
30.3148295879364,-0.34635779857635496,-0.3360786199569702,1.6306028366088867,-0.2693971633911132
30.348220109939575,-0.34635779857635496,-0.3360786199569702,1.6306028366088867,-0.2693971633911132
30.381665229797363,-0.34635779857635496,-0.3360786199569702,1.6306028366088867,-0.2693971633911132
30.41426372528076,-0.34635779857635496,-0.3360786199569702,1.6306028366088867,-0.2693971633911132
30.44698739051819,-0.34635779857635496,-0.3360786199569702,1.6306028366088867,-0.2693971633911132
30.479884147644043,-0.34635779857635496,-0.3360786199569702,1.6306028366088867,-0.2693971633911132
30.51286482810974,-0.34635779857635496,-0.3360786199569702,1.6306028366088867,-0.2693971633911132
30.545745372772217,-0.34635779857635496,-0.3360786199569702,1.6306028366088867,-0.2693971633911132
30.57886052131653,-0.34635779857635496,-0.3360786199569702,1.6306028366088867,-0.2693971633911132
30.612245559692383,-0.34635779857635496,-0.3360786199569702,1.6306028366088867,-0.2693971633911132
30.6451997756958,-0.34635779857635496,-0.3360786199569702,1.6306028366088867,-0.2693971633911132
30.677806854248047,-0.34635779857635496,-0.3360786199569702,1.6306028366088867,-0.2693971633911132
30.71072030067444,-0.34635779857635496,-0.3360786199569702,1.6306028366088867,-0.2693971633911132
30.743828773498535,-0.34635779857635496,-0.3360786199569702,1.6306028366088867,-0.2693971633911132
30.776820182800293,-0.34635779857635496,-0.3360786199569702,1.6306028366088867,-0.2693971633911132
30.80972170829773,-0.34635779857635496,-0.3360786199569702,1.6306028366088867,-0.2693971633911132
30.84274911880493,-0.34635779857635496,-0.3360786199569702,1.6306028366088867,-0.2693971633911132
30.875844717025757,-0.34635779857635496,-0.3360786199569702,1.6306028366088867,-0.2693971633911132
30.908878087997437,-0.34635779857635496,-0.3360786199569702,1.6306028366088867,-0.2693971633911132
30.941760778427124,-0.34635779857635496,-0.3360786199569702,1.6306028366088867,-0.2693971633911132
30.974848747253418,-0.34635779857635496,-0.3360786199569702,1.6306028366088867,-0.2693971633911132
31.007990837097168,-0.34635779857635496,-0.3360786199569702,1.6306028366088867,-0.2693971633911132
31.040874004364014,-0.34635779857635496,-0.3360786199569702,1.6306028366088867,-0.2693971633911132
31.073843955993652,-0.34635779857635496,-0.3360786199569702,1.6306028366088867,-0.2693971633911132
31.106740713119507,-0.34635779857635496,-0.3360786199569702,1.6306028366088867,-0.2693971633911132
31.13979196548462,-0.34635779857635496,-0.3360786199569702,1.6306028366088867,-0.2693971633911132
31.172829151153564,-0.34635779857635496,-0.3360786199569702,1.6306028366088867,-0.2693971633911132
31.206237316131592,-0.34635779857635496,-0.3360786199569702,1.6306028366088867,-0.2693971633911132
31.23952293395996,-0.34635779857635496,-0.3360786199569702,1.6306028366088867,-0.2693971633911132
31.27222442626953,-0.34635779857635496,-0.3360786199569702,1.6306028366088867,-0.2693971633911132
31.305027723312378,-0.34635779857635496,-0.3360786199569702,1.6306028366088867,-0.2693971633911132
31.3378324508667,-0.34635779857635496,-0.3360786199569702,1.6306028366088867,-0.2693971633911132
31.37096357345581,-0.34635779857635496,-0.3360786199569702,1.6306028366088867,-0.2693971633911132
31.40394377708435,-0.34635779857635496,-0.3360786199569702,1.6306028366088867,-0.2693971633911132
31.436784267425537,-0.34635779857635496,-0.3360786199569702,1.6306028366088867,-0.2693971633911132
31.46997904777527,-0.34635779857635496,-0.3360786199569702,1.6306028366088867,-0.2693971633911132
31.502870321273804,-0.34635779857635496,-0.3360786199569702,1.6306028366088867,-0.2693971633911132
31.535780906677246,-0.34635779857635496,-0.3360786199569702,1.6306028366088867,-0.2693971633911132
31.5689218044281,-0.34635779857635496,-0.3360786199569702,1.6306028366088867,-0.2693971633911132
31.601911544799805,-0.34635779857635496,-0.3360786199569702,1.6306028366088867,-0.2693971633911132
31.635023832321167,-0.34635779857635496,-0.3360786199569702,1.6306028366088867,-0.2693971633911132
31.667710542678833,-0.34635779857635496,-0.3360786199569702,1.6306028366088867,-0.2693971633911132
31.70081114768982,-0.34635779857635496,-0.3360786199569702,1.6306028366088867,-0.2693971633911132
31.73392653465271,-0.34635779857635496,-0.3360786199569702,1.6306028366088867,-0.2693971633911132
31.766849756240845,-0.34635779857635496,-0.3360786199569702,1.6306028366088867,-0.2693971633911132
31.800142765045166,-0.34635779857635496,-0.3360786199569702,1.6306028366088867,-0.2693971633911132
31.833114862442017,-0.34635779857635496,-0.3360786199569702,1.6306028366088867,-0.2693971633911132
31.865921020507812,-0.34635779857635496,-0.3360786199569702,1.6306028366088867,-0.2693971633911132
31.899062633514404,-0.34635779857635496,-0.3360786199569702,1.6306028366088867,-0.2693971633911132
31.932231187820435,-0.34635779857635496,-0.3360786199569702,1.6306028366088867,-0.2693971633911132
31.964895486831665,-0.34635779857635496,-0.3360786199569702,1.6306028366088867,-0.2693971633911132
31.998029232025146,-0.34635779857635496,-0.3360786199569702,1.6306028366088867,-0.2693971633911132
32.03114342689514,-0.34635779857635496,-0.3360786199569702,1.6306028366088867,-0.2693971633911132
32.06396007537842,-0.34635779857635496,-0.3360786199569702,1.6306028366088867,-0.2693971633911132
32.096845865249634,-0.34635779857635496,-0.3360786199569702,1.6306028366088867,-0.2693971633911132
32.129995822906494,-0.34635779857635496,-0.3360786199569702,1.6306028366088867,-0.2693971633911132
32.16290354728699,-0.34635779857635496,-0.3360786199569702,1.6306028366088867,-0.2693971633911132
32.195908069610596,-0.34635779857635496,-0.3360786199569702,1.6306028366088867,-0.2693971633911132
32.22895121574402,-0.34635779857635496,-0.3360786199569702,1.6306028366088867,-0.2693971633911132
32.261959075927734,-0.34635779857635496,-0.3360786199569702,1.6306028366088867,-0.2693971633911132
32.29482889175415,-0.34635779857635496,-0.3360786199569702,1.6306028366088867,-0.2693971633911132
32.328065156936646,-0.34635779857635496,-0.3360786199569702,1.6306028366088867,-0.2693971633911132
32.36094045639038,-0.34635779857635496,-0.3360786199569702,1.6306028366088867,-0.2693971633911132
32.39375329017639,-0.34635779857635496,-0.3360786199569702,1.6306028366088867,-0.2693971633911132
32.42688250541687,-0.34635779857635496,-0.3360786199569702,1.6306028366088867,-0.2693971633911132
32.460227727890015,-0.34635779857635496,-0.3360786199569702,1.6306028366088867,-0.2693971633911132
32.4931902885437,-0.34635779857635496,-0.3360786199569702,1.6306028366088867,-0.2693971633911132
32.52617049217224,-0.34635779857635496,-0.3360786199569702,1.6306028366088867,-0.2693971633911132
32.559293270111084,-0.34635779857635496,-0.3360786199569702,1.6306028366088867,-0.2693971633911132
32.59242916107178,-0.34635779857635496,-0.3360786199569702,1.6306028366088867,-0.2693971633911132
32.625011920928955,-0.34635779857635496,-0.3360786199569702,1.6306028366088867,-0.2693971633911132
32.658262968063354,-0.34635779857635496,-0.3360786199569702,1.6306028366088867,-0.2693971633911132
32.69133257865906,-0.34635779857635496,-0.3360786199569702,1.6306028366088867,-0.2693971633911132
32.72394633293152,-0.34635779857635496,-0.3360786199569702,1.6306028366088867,-0.2693971633911132
32.75684857368469,-0.34635779857635496,-0.3360786199569702,1.6306028366088867,-0.2693971633911132
32.7899227142334,-0.34635779857635496,-0.3360786199569702,1.6306028366088867,-0.2693971633911132
32.82298445701599,-0.34635779857635496,-0.3360786199569702,1.6306028366088867,-0.2693971633911132
32.85582137107849,-0.34635779857635496,-0.3360786199569702,1.6306028366088867,-0.2693971633911132
32.88889193534851,-0.34635779857635496,-0.3360786199569702,1.6306028366088867,-0.2693971633911132
32.92198085784912,-0.34635779857635496,-0.3360786199569702,1.6306028366088867,-0.2693971633911132
32.95480537414551,-0.34635779857635496,-0.3360786199569702,1.6306028366088867,-0.2693971633911132
32.9878191947937,-0.34635779857635496,-0.3360786199569702,1.6306028366088867,-0.2693971633911132
33.02080297470093,-0.34635779857635496,-0.3360786199569702,1.6306028366088867,-0.2693971633911132
33.053795337677,-0.34635779857635496,-0.3360786199569702,1.6306028366088867,-0.2693971633911132
33.086814641952515,-0.34635779857635496,-0.3360786199569702,1.6306028366088867,-0.2693971633911132
33.11985921859741,-0.34635779857635496,-0.3360786199569702,1.6306028366088867,-0.2693971633911132
33.152793645858765,-0.34635779857635496,-0.3360786199569702,1.6306028366088867,-0.2693971633911132
33.18635940551758,-0.34635779857635496,-0.3360786199569702,1.6306028366088867,-0.2693971633911132
33.21909523010254,-0.34635779857635496,-0.3360786199569702,1.6306028366088867,-0.2693971633911132
33.25229859352112,-0.34635779857635496,-0.3360786199569702,1.6306028366088867,-0.2693971633911132
33.284953117370605,-0.34635779857635496,-0.3360786199569702,1.6306028366088867,-0.2693971633911132
33.31775379180908,-0.34635779857635496,-0.3360786199569702,1.6306028366088867,-0.2693971633911132
33.350815773010254,-0.34635779857635496,-0.3360786199569702,1.6306028366088867,-0.2693971633911132
33.38387370109558,-0.34635779857635496,-0.3360786199569702,1.6306028366088867,-0.2693971633911132
33.41700053215027,-0.34635779857635496,-0.3360786199569702,1.6306028366088867,-0.2693971633911132
33.449877977371216,-0.34635779857635496,-0.3360786199569702,1.6306028366088867,-0.2693971633911132
33.48283386230469,-0.34635779857635496,-0.3360786199569702,1.6306028366088867,-0.2693971633911132
33.51585793495178,-0.34635779857635496,-0.3360786199569702,1.6306028366088867,-0.2693971633911132
33.54898715019226,-0.34635779857635496,-0.3360786199569702,1.6306028366088867,-0.2693971633911132
33.58196711540222,-0.34635779857635496,-0.3360786199569702,1.6306028366088867,-0.2693971633911132
33.61480784416199,-0.34635779857635496,-0.3360786199569702,1.6306028366088867,-0.2693971633911132
33.64779806137085,-0.34635779857635496,-0.3360786199569702,1.6306028366088867,-0.2693971633911132
33.68087887763977,-0.34635779857635496,-0.3360786199569702,1.6306028366088867,-0.2693971633911132
33.713860511779785,-0.34635779857635496,-0.3360786199569702,1.6306028366088867,-0.2693971633911132
33.74678707122803,-0.34635779857635496,-0.3360786199569702,1.6306028366088867,-0.2693971633911132
33.77982687950134,-0.34635779857635496,-0.3360786199569702,1.6306028366088867,-0.2693971633911132
33.812901735305786,-0.34635779857635496,-0.3360786199569702,1.6306028366088867,-0.2693971633911132
33.84586501121521,-0.34635779857635496,-0.3360786199569702,1.6306028366088867,-0.2693971633911132
33.87871742248535,-0.34635779857635496,-0.3360786199569702,1.6306028366088867,-0.2693971633911132
33.9118926525116,-0.34635779857635496,-0.3360786199569702,1.6306028366088867,-0.2693971633911132
33.94529438018799,-0.34635779857635496,-0.3360786199569702,1.6306028366088867,-0.2693971633911132
33.978283643722534,-0.34635779857635496,-0.3360786199569702,1.6306028366088867,-0.2693971633911132
34.011025190353394,-0.34635779857635496,-0.3360786199569702,1.6306028366088867,-0.2693971633911132
34.044106245040894,-0.34635779857635496,-0.3360786199569702,1.6306028366088867,-0.2693971633911132
34.076889991760254,-0.34635779857635496,-0.3360786199569702,1.6306028366088867,-0.2693971633911132
34.10971236228943,-0.34635779857635496,-0.3360786199569702,1.6306028366088867,-0.2693971633911132
34.14277148246765,-0.34635779857635496,-0.3360786199569702,1.6306028366088867,-0.2693971633911132
34.17578458786011,-0.34635779857635496,-0.3360786199569702,1.6306028366088867,-0.2693971633911132
34.208730936050415,-0.34635779857635496,-0.3360786199569702,1.6306028366088867,-0.2693971633911132
34.241759061813354,-0.34635779857635496,-0.3360786199569702,1.6306028366088867,-0.2693971633911132
34.27481818199158,-0.34635779857635496,-0.3360786199569702,1.6306028366088867,-0.2693971633911132
34.30781841278076,-0.34635779857635496,-0.3360786199569702,1.6306028366088867,-0.2693971633911132
34.34077310562134,-0.34635779857635496,-0.3360786199569702,1.6306028366088867,-0.2693971633911132
34.37388753890991,-0.34635779857635496,-0.3360786199569702,1.6306028366088867,-0.2693971633911132
34.406935691833496,-0.34635779857635496,-0.3360786199569702,1.6306028366088867,-0.2693971633911132
34.439757347106934,-0.34635779857635496,-0.3360786199569702,1.6306028366088867,-0.2693971633911132
34.472764015197754,-0.34635779857635496,-0.3360786199569702,1.6306028366088867,-0.2693971633911132
34.50581669807434,-0.34635779857635496,-0.3360786199569702,1.6306028366088867,-0.2693971633911132
34.53874087333679,-0.34635779857635496,-0.3360786199569702,1.6306028366088867,-0.2693971633911132
34.57179284095764,-0.34635779857635496,-0.3360786199569702,1.6306028366088867,-0.2693971633911132
34.604862689971924,-0.34635779857635496,-0.3360786199569702,1.6306028366088867,-0.2693971633911132
34.637791872024536,-0.34635779857635496,-0.3360786199569702,1.6306028366088867,-0.2693971633911132
34.6709361076355,-0.34635779857635496,-0.3360786199569702,1.6306028366088867,-0.2693971633911132
34.703776597976685,-0.34635779857635496,-0.3360786199569702,1.6306028366088867,-0.2693971633911132
34.736814975738525,-0.34635779857635496,-0.3360786199569702,1.6306028366088867,-0.2693971633911132
34.76987862586975,-0.34635779857635496,-0.3360786199569702,1.6306028366088867,-0.2693971633911132
34.8027081489563,-0.34635779857635496,-0.3360786199569702,1.6306028366088867,-0.2693971633911132
34.835793256759644,-0.34635779857635496,-0.3360786199569702,1.6306028366088867,-0.2693971633911132
34.86888289451599,-0.34635779857635496,-0.3360786199569702,1.6306028366088867,-0.2693971633911132
34.90196204185486,-0.34635779857635496,-0.3360786199569702,1.6306028366088867,-0.2693971633911132
34.93497180938721,-0.34635779857635496,-0.3360786199569702,1.6306028366088867,-0.2693971633911132
34.96774506568909,-0.34635779857635496,-0.3360786199569702,1.6306028366088867,-0.2693971633911132
35.000760316848755,-0.34635779857635496,-0.3360786199569702,1.6306028366088867,-0.2693971633911132
35.0339195728302,-0.34635779857635496,-0.3360786199569702,1.6306028366088867,-0.2693971633911132
35.06691241264343,-0.34635779857635496,-0.3360786199569702,1.6306028366088867,-0.2693971633911132
35.1005585193634,-0.34635779857635496,-0.3360786199569702,1.6306028366088867,-0.2693971633911132
35.13290095329285,-0.34635779857635496,-0.3360786199569702,1.6306028366088867,-0.2693971633911132
35.165852546691895,-0.34635779857635496,-0.3360786199569702,1.6306028366088867,-0.2693971633911132
35.19904565811157,-0.34635779857635496,-0.3360786199569702,1.6306028366088867,-0.2693971633911132
35.23187017440796,-0.34635779857635496,-0.3360786199569702,1.6306028366088867,-0.2693971633911132
35.26496887207031,-0.34635779857635496,-0.3360786199569702,1.6306028366088867,-0.2693971633911132
35.29797577857971,-0.34635779857635496,-0.3360786199569702,1.6306028366088867,-0.2693971633911132
35.330856800079346,-0.34635779857635496,-0.3360786199569702,1.6306028366088867,-0.2693971633911132
35.363755226135254,-0.34635779857635496,-0.3360786199569702,1.6306028366088867,-0.2693971633911132
35.39673590660095,-0.34635779857635496,-0.3360786199569702,1.6306028366088867,-0.2693971633911132
35.42996883392334,-0.34635779857635496,-0.3360786199569702,1.6306028366088867,-0.2693971633911132
35.46299600601196,-0.34635779857635496,-0.3360786199569702,1.6306028366088867,-0.2693971633911132
35.495949506759644,-0.34635779857635496,-0.3360786199569702,1.6306028366088867,-0.2693971633911132
35.5291748046875,-0.34635779857635496,-0.3360786199569702,1.6306028366088867,-0.2693971633911132
35.56192874908447,-0.34635779857635496,-0.3360786199569702,1.6306028366088867,-0.2693971633911132
35.595433950424194,-0.34635779857635496,-0.3360786199569702,1.6306028366088867,-0.2693971633911132
35.62856483459473,-0.34635779857635496,-0.3360786199569702,1.6306028366088867,-0.2693971633911132
35.661147356033325,-0.34635779857635496,-0.3360786199569702,1.6306028366088867,-0.2693971633911132
35.694366455078125,-0.34635779857635496,-0.3360786199569702,1.6306028366088867,-0.2693971633911132
35.72746300697327,-0.34635779857635496,-0.3360786199569702,1.6306028366088867,-0.2693971633911132
35.760135889053345,-0.34635779857635496,-0.3360786199569702,1.6306028366088867,-0.2693971633911132
35.79365801811218,-0.34635779857635496,-0.3360786199569702,1.6306028366088867,-0.2693971633911132
35.82643175125122,-0.34635779857635496,-0.3360786199569702,1.6306028366088867,-0.2693971633911132
35.85956382751465,-0.34635779857635496,-0.3360786199569702,1.6306028366088867,-0.2693971633911132
35.89213967323303,-0.34635779857635496,-0.3360786199569702,1.6306028366088867,-0.2693971633911132
35.92534255981445,-0.34635779857635496,-0.3360786199569702,1.6306028366088867,-0.2693971633911132
35.958301067352295,-0.34635779857635496,-0.3360786199569702,1.6306028366088867,-0.2693971633911132
35.991238832473755,-0.34635779857635496,-0.3360786199569702,1.6306028366088867,-0.2693971633911132
36.024171113967896,-0.34635779857635496,-0.3360786199569702,1.6306028366088867,-0.2693971633911132
36.056973457336426,-0.34635779857635496,-0.3360786199569702,1.6306028366088867,-0.2693971633911132
36.089760541915894,-0.34635779857635496,-0.3360786199569702,1.6306028366088867,-0.2693971633911132
36.1228551864624,-0.34635779857635496,-0.3360786199569702,1.6306028366088867,-0.2693971633911132
36.155914545059204,-0.34635779857635496,-0.3360786199569702,1.6306028366088867,-0.2693971633911132
36.18885016441345,-0.34635779857635496,-0.3360786199569702,1.6306028366088867,-0.2693971633911132
36.22217774391174,-0.34635779857635496,-0.3360786199569702,1.6306028366088867,-0.2693971633911132
36.25480318069458,-0.34635779857635496,-0.3360786199569702,1.6306028366088867,-0.2693971633911132
36.28786587715149,-0.34635779857635496,-0.3360786199569702,1.6306028366088867,-0.2693971633911132
36.321492195129395,-0.34635779857635496,-0.3360786199569702,1.6306028366088867,-0.2693971633911132
36.354344844818115,-0.34635779857635496,-0.3360786199569702,1.6306028366088867,-0.2693971633911132
36.38678455352783,-0.34635779857635496,-0.3360786199569702,1.6306028366088867,-0.2693971633911132
36.4200394153595,-0.34635779857635496,-0.3360786199569702,1.6306028366088867,-0.2693971633911132
36.45359396934509,-0.34635779857635496,-0.3360786199569702,1.6306028366088867,-0.2693971633911132
36.486281394958496,-0.34635779857635496,-0.3360786199569702,1.6306028366088867,-0.2693971633911132
36.5191912651062,-0.34635779857635496,-0.3360786199569702,1.6306028366088867,-0.2693971633911132
36.55185627937317,-0.34635779857635496,-0.3360786199569702,1.6306028366088867,-0.2693971633911132
36.584864139556885,-0.34635779857635496,-0.3360786199569702,1.6306028366088867,-0.2693971633911132
36.61780095100403,-0.34635779857635496,-0.3360786199569702,1.6306028366088867,-0.2693971633911132
36.65079927444458,-0.34635779857635496,-0.3360786199569702,1.6306028366088867,-0.2693971633911132
36.683958530426025,-0.34635779857635496,-0.3360786199569702,1.6306028366088867,-0.2693971633911132
36.716792345047,-0.34635779857635496,-0.3360786199569702,1.6306028366088867,-0.2693971633911132
36.74979543685913,-0.34635779857635496,-0.3360786199569702,1.6306028366088867,-0.2693971633911132
36.78281283378601,-0.34635779857635496,-0.3360786199569702,1.6306028366088867,-0.2693971633911132
36.81588411331177,-0.34635779857635496,-0.3360786199569702,1.6306028366088867,-0.2693971633911132
36.848931312561035,-0.34635779857635496,-0.3360786199569702,1.6306028366088867,-0.2693971633911132
36.88205027580261,-0.34635779857635496,-0.3360786199569702,1.6306028366088867,-0.2693971633911132
36.915199279785156,-0.34635779857635496,-0.3360786199569702,1.6306028366088867,-0.2693971633911132
36.94825506210327,-0.34635779857635496,-0.3360786199569702,1.6306028366088867,-0.2693971633911132
36.981186389923096,-0.34635779857635496,-0.3360786199569702,1.6306028366088867,-0.2693971633911132
37.01376438140869,-0.34635779857635496,-0.3360786199569702,1.6306028366088867,-0.2693971633911132
37.047232151031494,-0.34635779857635496,-0.3360786199569702,1.6306028366088867,-0.2693971633911132
37.08012413978577,-0.34635779857635496,-0.3360786199569702,1.6306028366088867,-0.2693971633911132
37.11359643936157,-0.34635779857635496,-0.3360786199569702,1.6306028366088867,-0.2693971633911132
37.14623022079468,-0.34635779857635496,-0.3360786199569702,1.6306028366088867,-0.2693971633911132
37.17953968048096,-0.34635779857635496,-0.3360786199569702,1.6306028366088867,-0.2693971633911132
37.21246409416199,-0.34635779857635496,-0.3360786199569702,1.6306028366088867,-0.2693971633911132
37.24513387680054,-0.34635779857635496,-0.3360786199569702,1.6306028366088867,-0.2693971633911132
37.278138160705566,-0.34635779857635496,-0.3360786199569702,1.6306028366088867,-0.2693971633911132
37.31126403808594,-0.34635779857635496,-0.3360786199569702,1.6306028366088867,-0.2693971633911132
37.344409465789795,-0.34635779857635496,-0.3360786199569702,1.6306028366088867,-0.2693971633911132
37.376832246780396,-0.34635779857635496,-0.3360786199569702,1.6306028366088867,-0.2693971633911132
37.41010022163391,-0.34635779857635496,-0.3360786199569702,1.6306028366088867,-0.2693971633911132
37.44321393966675,-0.34635779857635496,-0.3360786199569702,1.6306028366088867,-0.2693971633911132
37.47611594200134,-0.34635779857635496,-0.3360786199569702,1.6306028366088867,-0.2693971633911132
37.50917410850525,-0.34635779857635496,-0.3360786199569702,1.6306028366088867,-0.2693971633911132
37.54174995422363,-0.34635779857635496,-0.3360786199569702,1.6306028366088867,-0.2693971633911132
37.574896574020386,-0.34635779857635496,-0.3360786199569702,1.6306028366088867,-0.2693971633911132
37.608091831207275,-0.34635779857635496,-0.3360786199569702,1.6306028366088867,-0.2693971633911132
37.64075779914856,-0.34635779857635496,-0.3360786199569702,1.6306028366088867,-0.2693971633911132
37.67387366294861,-0.34635779857635496,-0.3360786199569702,1.6306028366088867,-0.2693971633911132
37.70700979232788,-0.34635779857635496,-0.3360786199569702,1.6306028366088867,-0.2693971633911132
37.739768981933594,-0.34635779857635496,-0.3360786199569702,1.6306028366088867,-0.2693971633911132
37.77276659011841,-0.34635779857635496,-0.3360786199569702,1.6306028366088867,-0.2693971633911132
37.80572056770325,-0.34635779857635496,-0.3360786199569702,1.6306028366088867,-0.2693971633911132
37.83880376815796,-0.34635779857635496,-0.3360786199569702,1.6306028366088867,-0.2693971633911132
37.87174320220947,-0.34635779857635496,-0.3360786199569702,1.6306028366088867,-0.2693971633911132
37.90483045578003,-0.34635779857635496,-0.3360786199569702,1.6306028366088867,-0.2693971633911132
37.93795132637024,-0.34635779857635496,-0.3360786199569702,1.6306028366088867,-0.2693971633911132
37.97084712982178,-0.34635779857635496,-0.3360786199569702,1.6306028366088867,-0.2693971633911132
38.003823041915894,-0.34635779857635496,-0.3360786199569702,1.6306028366088867,-0.2693971633911132
38.03701567649841,-0.34635779857635496,-0.3360786199569702,1.6306028366088867,-0.2693971633911132
38.06985378265381,-0.34635779857635496,-0.3360786199569702,1.6306028366088867,-0.2693971633911132
38.10292911529541,-0.34635779857635496,-0.3360786199569702,1.6306028366088867,-0.2693971633911132
38.13573241233826,-0.34635779857635496,-0.3360786199569702,1.6306028366088867,-0.2693971633911132
38.1689019203186,-0.34635779857635496,-0.3360786199569702,1.6306028366088867,-0.2693971633911132
38.201865911483765,-0.34635779857635496,-0.3360786199569702,1.6306028366088867,-0.2693971633911132
38.234811305999756,-0.34635779857635496,-0.3360786199569702,1.6306028366088867,-0.2693971633911132
38.26783347129822,-0.34635779857635496,-0.3360786199569702,1.6306028366088867,-0.2693971633911132
38.30077052116394,-0.34635779857635496,-0.3360786199569702,1.6306028366088867,-0.2693971633911132
38.33392071723938,-0.34635779857635496,-0.3360786199569702,1.6306028366088867,-0.2693971633911132
38.366950273513794,-0.34635779857635496,-0.3360786199569702,1.6306028366088867,-0.2693971633911132
38.399922609329224,-0.34635779857635496,-0.3360786199569702,1.6306028366088867,-0.2693971633911132
38.43275785446167,-0.34635779857635496,-0.3360786199569702,1.6306028366088867,-0.2693971633911132
38.46622633934021,-0.34635779857635496,-0.3360786199569702,1.6306028366088867,-0.2693971633911132
38.498984575271606,-0.34635779857635496,-0.3360786199569702,1.6306028366088867,-0.2693971633911132
38.531843423843384,-0.34635779857635496,-0.3360786199569702,1.6306028366088867,-0.2693971633911132
38.564812898635864,-0.34635779857635496,-0.3360786199569702,1.6306028366088867,-0.2693971633911132
38.59780812263489,-0.34635779857635496,-0.3360786199569702,1.6306028366088867,-0.2693971633911132
38.63097929954529,-0.34635779857635496,-0.3360786199569702,1.6306028366088867,-0.2693971633911132
38.663867235183716,-0.34635779857635496,-0.3360786199569702,1.6306028366088867,-0.2693971633911132
38.69696640968323,-0.34635779857635496,-0.3360786199569702,1.6306028366088867,-0.2693971633911132
38.72995853424072,-0.34635779857635496,-0.3360786199569702,1.6306028366088867,-0.2693971633911132
38.76355528831482,-0.34635779857635496,-0.3360786199569702,1.6306028366088867,-0.2693971633911132
38.796018838882446,-0.34635779857635496,-0.3360786199569702,1.6306028366088867,-0.2693971633911132
38.82882308959961,-0.34635779857635496,-0.3360786199569702,1.6306028366088867,-0.2693971633911132
38.86179804801941,-0.34635779857635496,-0.3360786199569702,1.6306028366088867,-0.2693971633911132
38.89495611190796,-0.34635779857635496,-0.3360786199569702,1.6306028366088867,-0.2693971633911132
38.9281165599823,-0.34635779857635496,-0.3360786199569702,1.6306028366088867,-0.2693971633911132
38.96097111701965,-0.34635779857635496,-0.3360786199569702,1.6306028366088867,-0.2693971633911132
38.99385929107666,-0.34635779857635496,-0.3360786199569702,1.6306028366088867,-0.2693971633911132
39.02749252319336,-0.34635779857635496,-0.3360786199569702,1.6306028366088867,-0.2693971633911132
39.060187101364136,-0.34635779857635496,-0.3360786199569702,1.6306028366088867,-0.2693971633911132
39.09337663650513,-0.34635779857635496,-0.3360786199569702,1.6306028366088867,-0.2693971633911132
39.12667632102966,-0.34635779857635496,-0.3360786199569702,1.6306028366088867,-0.2693971633911132
39.15889930725098,-0.34635779857635496,-0.3360786199569702,1.6306028366088867,-0.2693971633911132
39.191816329956055,-0.34635779857635496,-0.3360786199569702,1.6306028366088867,-0.2693971633911132
39.22517657279968,-0.34635779857635496,-0.3360786199569702,1.6306028366088867,-0.2693971633911132
39.25825548171997,-0.34635779857635496,-0.3360786199569702,1.6306028366088867,-0.2693971633911132
39.291236877441406,-0.34635779857635496,-0.3360786199569702,1.6306028366088867,-0.2693971633911132
39.324198484420776,-0.34635779857635496,-0.3360786199569702,1.6306028366088867,-0.2693971633911132
39.3571560382843,-0.34635779857635496,-0.3360786199569702,1.6306028366088867,-0.2693971633911132
39.39007806777954,-0.34635779857635496,-0.3360786199569702,1.6306028366088867,-0.2693971633911132
39.42314147949219,-0.34635779857635496,-0.3360786199569702,1.6306028366088867,-0.2693971633911132
39.45610523223877,-0.34635779857635496,-0.3360786199569702,1.6306028366088867,-0.2693971633911132
39.48875188827515,-0.34635779857635496,-0.3360786199569702,1.6306028366088867,-0.2693971633911132
39.5217502117157,-0.34635779857635496,-0.3360786199569702,1.6306028366088867,-0.2693971633911132
39.55484700202942,-0.34635779857635496,-0.3360786199569702,1.6306028366088867,-0.2693971633911132
39.58784079551697,-0.34635779857635496,-0.3360786199569702,1.6306028366088867,-0.2693971633911132
39.620936155319214,-0.34635779857635496,-0.3360786199569702,1.6306028366088867,-0.2693971633911132
39.65377116203308,-0.34635779857635496,-0.3360786199569702,1.6306028366088867,-0.2693971633911132
39.68691802024841,-0.34635779857635496,-0.3360786199569702,1.6306028366088867,-0.2693971633911132
39.71984386444092,-0.34635779857635496,-0.3360786199569702,1.6306028366088867,-0.2693971633911132
39.752986669540405,-0.34635779857635496,-0.3360786199569702,1.6306028366088867,-0.2693971633911132
39.785990715026855,-0.34635779857635496,-0.3360786199569702,1.6306028366088867,-0.2693971633911132
39.81873321533203,-0.34635779857635496,-0.3360786199569702,1.6306028366088867,-0.2693971633911132
39.8518180847168,-0.34635779857635496,-0.3360786199569702,1.6306028366088867,-0.2693971633911132
39.88487792015076,-0.34635779857635496,-0.3360786199569702,1.6306028366088867,-0.2693971633911132
39.9178421497345,-0.34635779857635496,-0.3360786199569702,1.6306028366088867,-0.2693971633911132
39.95074391365051,-0.34635779857635496,-0.3360786199569702,1.6306028366088867,-0.2693971633911132
39.98380088806152,-0.34635779857635496,-0.3360786199569702,1.6306028366088867,-0.2693971633911132
40.017783403396606,-0.34635779857635496,-0.3360786199569702,1.6306028366088867,-0.2693971633911132
40.05073046684265,-0.34635779857635496,-0.3360786199569702,1.6306028366088867,-0.2693971633911132
40.08331227302551,-0.34635779857635496,-0.3360786199569702,1.6306028366088867,-0.2693971633911132
40.116843700408936,-0.34635779857635496,-0.3360786199569702,1.6306028366088867,-0.2693971633911132
40.149694204330444,-0.34635779857635496,-0.3360786199569702,1.6306028366088867,-0.2693971633911132
40.18230104446411,-0.34635779857635496,-0.3360786199569702,1.6306028366088867,-0.2693971633911132
40.215447187423706,-0.34635779857635496,-0.3360786199569702,1.6306028366088867,-0.2693971633911132
40.24849486351013,-0.34635779857635496,-0.3360786199569702,1.6306028366088867,-0.2693971633911132
40.28124809265137,-0.34635779857635496,-0.3360786199569702,1.6306028366088867,-0.2693971633911132
40.31400990486145,-0.34635779857635496,-0.3360786199569702,1.6306028366088867,-0.2693971633911132
40.347373247146606,-0.34635779857635496,-0.3360786199569702,1.6306028366088867,-0.2693971633911132
40.38034129142761,-0.34635779857635496,-0.3360786199569702,1.6306028366088867,-0.2693971633911132
40.413087368011475,-0.34635779857635496,-0.3360786199569702,1.6306028366088867,-0.2693971633911132
40.446256160736084,-0.34635779857635496,-0.3360786199569702,1.6306028366088867,-0.2693971633911132
40.479512214660645,-0.34635779857635496,-0.3360786199569702,1.6306028366088867,-0.2693971633911132
40.512179136276245,-0.34635779857635496,-0.3360786199569702,1.6306028366088867,-0.2693971633911132
40.54548215866089,-0.34635779857635496,-0.3360786199569702,1.6306028366088867,-0.2693971633911132
40.57920432090759,-0.34635779857635496,-0.3360786199569702,1.6306028366088867,-0.2693971633911132
40.612037897109985,-0.34635779857635496,-0.3360786199569702,1.6306028366088867,-0.2693971633911132
40.64489269256592,-0.34635779857635496,-0.3360786199569702,1.6306028366088867,-0.2693971633911132
40.677454710006714,-0.34635779857635496,-0.3360786199569702,1.6306028366088867,-0.2693971633911132
40.710447788238525,-0.34635779857635496,-0.3360786199569702,1.6306028366088867,-0.2693971633911132
40.7431435585022,-0.34635779857635496,-0.3360786199569702,1.6306028366088867,-0.2693971633911132
40.77608370780945,-0.34635779857635496,-0.3360786199569702,1.6306028366088867,-0.2693971633911132
40.80905866622925,-0.34635779857635496,-0.3360786199569702,1.6306028366088867,-0.2693971633911132
40.84211039543152,-0.34635779857635496,-0.3360786199569702,1.6306028366088867,-0.2693971633911132
40.87506866455078,-0.34635779857635496,-0.3360786199569702,1.6306028366088867,-0.2693971633911132
40.90803074836731,-0.34635779857635496,-0.3360786199569702,1.6306028366088867,-0.2693971633911132
40.94113492965698,-0.34635779857635496,-0.3360786199569702,1.6306028366088867,-0.2693971633911132
40.97420310974121,-0.34635779857635496,-0.3360786199569702,1.6306028366088867,-0.2693971633911132
41.00719475746155,-0.34635779857635496,-0.3360786199569702,1.6306028366088867,-0.2693971633911132
41.03978514671326,-0.34635779857635496,-0.3360786199569702,1.6306028366088867,-0.2693971633911132
41.07279562950134,-0.34635779857635496,-0.3360786199569702,1.6306028366088867,-0.2693971633911132
41.105955600738525,-0.34635779857635496,-0.3360786199569702,1.6306028366088867,-0.2693971633911132
41.13879609107971,-0.34635779857635496,-0.3360786199569702,1.6306028366088867,-0.2693971633911132
41.171777963638306,-0.34635779857635496,-0.3360786199569702,1.6306028366088867,-0.2693971633911132
41.20480728149414,-0.34635779857635496,-0.3360786199569702,1.6306028366088867,-0.2693971633911132
41.237955808639526,-0.34635779857635496,-0.3360786199569702,1.6306028366088867,-0.2693971633911132
41.27073931694031,-0.34635779857635496,-0.3360786199569702,1.6306028366088867,-0.2693971633911132
41.30379033088684,-0.34635779857635496,-0.3360786199569702,1.6306028366088867,-0.2693971633911132
41.33695650100708,-0.34635779857635496,-0.3360786199569702,1.6306028366088867,-0.2693971633911132
41.36997890472412,-0.34635779857635496,-0.3360786199569702,1.6306028366088867,-0.2693971633911132
41.40284848213196,-0.34635779857635496,-0.3360786199569702,1.6306028366088867,-0.2693971633911132
41.43580865859985,-0.34635779857635496,-0.3360786199569702,1.6306028366088867,-0.2693971633911132
41.468822717666626,-0.34635779857635496,-0.3360786199569702,1.6306028366088867,-0.2693971633911132
41.50193738937378,-0.34635779857635496,-0.3360786199569702,1.6306028366088867,-0.2693971633911132
41.53494095802307,-0.34635779857635496,-0.3360786199569702,1.6306028366088867,-0.2693971633911132
41.56774115562439,-0.34635779857635496,-0.3360786199569702,1.6306028366088867,-0.2693971633911132
41.60086393356323,-0.34635779857635496,-0.3360786199569702,1.6306028366088867,-0.2693971633911132
41.6338529586792,-0.34635779857635496,-0.3360786199569702,1.6306028366088867,-0.2693971633911132
41.666802406311035,-0.34635779857635496,-0.3360786199569702,1.6306028366088867,-0.2693971633911132
41.69982123374939,-0.34635779857635496,-0.3360786199569702,1.6306028366088867,-0.2693971633911132
41.73292827606201,-0.34635779857635496,-0.3360786199569702,1.6306028366088867,-0.2693971633911132
41.76592302322388,-0.34635779857635496,-0.3360786199569702,1.6306028366088867,-0.2693971633911132
41.79876756668091,-0.34635779857635496,-0.3360786199569702,1.6306028366088867,-0.2693971633911132
41.831783056259155,-0.34635779857635496,-0.3360786199569702,1.6306028366088867,-0.2693971633911132
41.86479902267456,-0.34635779857635496,-0.3360786199569702,1.6306028366088867,-0.2693971633911132
41.897780895233154,-0.34635779857635496,-0.3360786199569702,1.6306028366088867,-0.2693971633911132
41.93096876144409,-0.34635779857635496,-0.3360786199569702,1.6306028366088867,-0.2693971633911132
41.96386218070984,-0.34635779857635496,-0.3360786199569702,1.6306028366088867,-0.2693971633911132
41.996819257736206,-0.34635779857635496,-0.3360786199569702,1.6306028366088867,-0.2693971633911132
42.029715061187744,-0.34635779857635496,-0.3360786199569702,1.6306028366088867,-0.2693971633911132
42.0629665851593,-0.34635779857635496,-0.3360786199569702,1.6306028366088867,-0.2693971633911132
42.0958731174469,-0.34635779857635496,-0.3360786199569702,1.6306028366088867,-0.2693971633911132
42.128974199295044,-0.34635779857635496,-0.3360786199569702,1.6306028366088867,-0.2693971633911132
42.16190981864929,-0.34635779857635496,-0.3360786199569702,1.6306028366088867,-0.2693971633911132
42.19497489929199,-0.34635779857635496,-0.3360786199569702,1.6306028366088867,-0.2693971633911132
42.22774076461792,-0.34635779857635496,-0.3360786199569702,1.6306028366088867,-0.2693971633911132
42.26139688491821,-0.34635779857635496,-0.3360786199569702,1.6306028366088867,-0.2693971633911132
42.294028997421265,-0.34635779857635496,-0.3360786199569702,1.6306028366088867,-0.2693971633911132
42.327195167541504,-0.34635779857635496,-0.3360786199569702,1.6306028366088867,-0.2693971633911132
42.36029291152954,-0.34635779857635496,-0.3360786199569702,1.6306028366088867,-0.2693971633911132
42.3932888507843,-0.34635779857635496,-0.3360786199569702,1.6306028366088867,-0.2693971633911132
42.42573022842407,-0.34635779857635496,-0.3360786199569702,1.6306028366088867,-0.2693971633911132
42.45884823799133,-0.34635779857635496,-0.3360786199569702,1.6306028366088867,-0.2693971633911132
42.49199151992798,-0.34635779857635496,-0.3360786199569702,1.6306028366088867,-0.2693971633911132
42.52482271194458,-0.34635779857635496,-0.3360786199569702,1.6306028366088867,-0.2693971633911132
42.55780911445618,-0.34635779857635496,-0.3360786199569702,1.6306028366088867,-0.2693971633911132
42.59134602546692,-0.34635779857635496,-0.3360786199569702,1.6306028366088867,-0.2693971633911132
42.624178409576416,-0.34635779857635496,-0.3360786199569702,1.6306028366088867,-0.2693971633911132
42.657265186309814,-0.34635779857635496,-0.3360786199569702,1.6306028366088867,-0.2693971633911132
42.69036817550659,-0.34635779857635496,-0.3360786199569702,1.6306028366088867,-0.2693971633911132
42.72284460067749,-0.34635779857635496,-0.3360786199569702,1.6306028366088867,-0.2693971633911132
42.756377935409546,-0.34635779857635496,-0.3360786199569702,1.6306028366088867,-0.2693971633911132
42.78929328918457,-0.34635779857635496,-0.3360786199569702,1.6306028366088867,-0.2693971633911132
42.8221755027771,-0.34635779857635496,-0.3360786199569702,1.6306028366088867,-0.2693971633911132
42.85508131980896,-0.34635779857635496,-0.3360786199569702,1.6306028366088867,-0.2693971633911132
42.8882782459259,-0.34635779857635496,-0.3360786199569702,1.6306028366088867,-0.2693971633911132
42.92131161689758,-0.34635779857635496,-0.3360786199569702,1.6306028366088867,-0.2693971633911132
42.954306840896606,-0.34635779857635496,-0.3360786199569702,1.6306028366088867,-0.2693971633911132
42.987088680267334,-0.34635779857635496,-0.3360786199569702,1.6306028366088867,-0.2693971633911132
43.02016639709473,-0.34635779857635496,-0.3360786199569702,1.6306028366088867,-0.2693971633911132
43.052897930145264,-0.34635779857635496,-0.3360786199569702,1.6306028366088867,-0.2693971633911132
43.08575201034546,-0.34635779857635496,-0.3360786199569702,1.6306028366088867,-0.2693971633911132
43.118847608566284,-0.34635779857635496,-0.3360786199569702,1.6306028366088867,-0.2693971633911132
43.15184783935547,-0.34635779857635496,-0.3360786199569702,1.6306028366088867,-0.2693971633911132
43.18483543395996,-0.34635779857635496,-0.3360786199569702,1.6306028366088867,-0.2693971633911132
43.21786713600159,-0.34635779857635496,-0.3360786199569702,1.6306028366088867,-0.2693971633911132
43.25084471702576,-0.34635779857635496,-0.3360786199569702,1.6306028366088867,-0.2693971633911132
43.28392934799194,-0.34635779857635496,-0.3360786199569702,1.6306028366088867,-0.2693971633911132
43.31688141822815,-0.34635779857635496,-0.3360786199569702,1.6306028366088867,-0.2693971633911132
43.34973096847534,-0.34635779857635496,-0.3360786199569702,1.6306028366088867,-0.2693971633911132
43.382972717285156,-0.34635779857635496,-0.3360786199569702,1.6306028366088867,-0.2693971633911132
43.41623401641846,-0.34635779857635496,-0.3360786199569702,1.6306028366088867,-0.2693971633911132
43.44891405105591,-0.34635779857635496,-0.3360786199569702,1.6306028366088867,-0.2693971633911132
43.48187828063965,-0.34635779857635496,-0.3360786199569702,1.6306028366088867,-0.2693971633911132
43.514941692352295,-0.34635779857635496,-0.3360786199569702,1.6306028366088867,-0.2693971633911132
43.5478310585022,-0.34635779857635496,-0.3360786199569702,1.6306028366088867,-0.2693971633911132
43.580894470214844,-0.34635779857635496,-0.3360786199569702,1.6306028366088867,-0.2693971633911132
43.61379551887512,-0.34635779857635496,-0.3360786199569702,1.6306028366088867,-0.2693971633911132
43.64684343338013,-0.34635779857635496,-0.3360786199569702,1.6306028366088867,-0.2693971633911132
43.680286169052124,-0.34635779857635496,-0.3360786199569702,1.6306028366088867,-0.2693971633911132
43.71274447441101,-0.34635779857635496,-0.3360786199569702,1.6306028366088867,-0.2693971633911132
43.745768547058105,-0.34635779857635496,-0.3360786199569702,1.6306028366088867,-0.2693971633911132
43.779147148132324,-0.34635779857635496,-0.3360786199569702,1.6306028366088867,-0.2693971633911132
43.81190204620361,-0.34635779857635496,-0.3360786199569702,1.6306028366088867,-0.2693971633911132
43.84493350982666,-0.34635779857635496,-0.3360786199569702,1.6306028366088867,-0.2693971633911132
43.878416776657104,-0.34635779857635496,-0.3360786199569702,1.6306028366088867,-0.2693971633911132
43.911094188690186,-0.34635779857635496,-0.3360786199569702,1.6306028366088867,-0.2693971633911132
43.944069385528564,-0.34635779857635496,-0.3360786199569702,1.6306028366088867,-0.2693971633911132
43.97687530517578,-0.34635779857635496,-0.3360786199569702,1.6306028366088867,-0.2693971633911132
44.01022171974182,-0.34635779857635496,-0.3360786199569702,1.6306028366088867,-0.2693971633911132
44.04301309585571,-0.34635779857635496,-0.3360786199569702,1.6306028366088867,-0.2693971633911132
44.07566046714783,-0.34635779857635496,-0.3360786199569702,1.6306028366088867,-0.2693971633911132
44.10894322395325,-0.34635779857635496,-0.3360786199569702,1.6306028366088867,-0.2693971633911132
44.14270377159119,-0.34635779857635496,-0.3360786199569702,1.6306028366088867,-0.2693971633911132
44.17502689361572,-0.34635779857635496,-0.3360786199569702,1.6306028366088867,-0.2693971633911132
44.208043575286865,-0.34635779857635496,-0.3360786199569702,1.6306028366088867,-0.2693971633911132
44.24086117744446,-0.34635779857635496,-0.3360786199569702,1.6306028366088867,-0.2693971633911132
44.273802757263184,-0.34635779857635496,-0.3360786199569702,1.6306028366088867,-0.2693971633911132
44.3067569732666,-0.34635779857635496,-0.3360786199569702,1.6306028366088867,-0.2693971633911132
44.339752435684204,-0.34635779857635496,-0.3360786199569702,1.6306028366088867,-0.2693971633911132
44.37299966812134,-0.34635779857635496,-0.3360786199569702,1.6306028366088867,-0.2693971633911132
44.405765533447266,-0.34635779857635496,-0.3360786199569702,1.6306028366088867,-0.2693971633911132
44.43876624107361,-0.34635779857635496,-0.3360786199569702,1.6306028366088867,-0.2693971633911132
44.47180676460266,-0.34635779857635496,-0.3360786199569702,1.6306028366088867,-0.2693971633911132
44.505191802978516,-0.34635779857635496,-0.3360786199569702,1.6306028366088867,-0.2693971633911132
44.53777456283569,-0.34635779857635496,-0.3360786199569702,1.6306028366088867,-0.2693971633911132
44.57080554962158,-0.34635779857635496,-0.3360786199569702,1.6306028366088867,-0.2693971633911132
44.6039400100708,-0.34635779857635496,-0.3360786199569702,1.6306028366088867,-0.2693971633911132
44.63693022727966,-0.34635779857635496,-0.3360786199569702,1.6306028366088867,-0.2693971633911132
44.6697473526001,-0.34635779857635496,-0.3360786199569702,1.6306028366088867,-0.2693971633911132
44.702980279922485,-0.34635779857635496,-0.3360786199569702,1.6306028366088867,-0.2693971633911132
44.735793352127075,-0.34635779857635496,-0.3360786199569702,1.6306028366088867,-0.2693971633911132
44.76891112327576,-0.34635779857635496,-0.3360786199569702,1.6306028366088867,-0.2693971633911132
44.80177021026611,-0.34635779857635496,-0.3360786199569702,1.6306028366088867,-0.2693971633911132
44.83484172821045,-0.34635779857635496,-0.3360786199569702,1.6306028366088867,-0.2693971633911132
44.86787390708923,-0.34635779857635496,-0.3360786199569702,1.6306028366088867,-0.2693971633911132
44.900803089141846,-0.34635779857635496,-0.3360786199569702,1.6306028366088867,-0.2693971633911132
44.93376111984253,-0.34635779857635496,-0.3360786199569702,1.6306028366088867,-0.2693971633911132
44.9668927192688,-0.34635779857635496,-0.3360786199569702,1.6306028366088867,-0.2693971633911132
44.99969673156738,-0.34635779857635496,-0.3360786199569702,1.6306028366088867,-0.2693971633911132
45.03297305107117,-0.34635779857635496,-0.3360786199569702,1.6306028366088867,-0.2693971633911132
45.06597924232483,-0.34635779857635496,-0.3360786199569702,1.6306028366088867,-0.2693971633911132
45.0988245010376,-0.34635779857635496,-0.3360786199569702,1.6306028366088867,-0.2693971633911132
45.13181018829346,-0.34635779857635496,-0.3360786199569702,1.6306028366088867,-0.2693971633911132
45.16474914550781,-0.34635779857635496,-0.3360786199569702,1.6306028366088867,-0.2693971633911132
45.19791555404663,-0.34635779857635496,-0.3360786199569702,1.6306028366088867,-0.2693971633911132
45.23101997375488,-0.34635779857635496,-0.3360786199569702,1.6306028366088867,-0.2693971633911132
45.263893842697144,-0.34635779857635496,-0.3360786199569702,1.6306028366088867,-0.2693971633911132
45.29677653312683,-0.34635779857635496,-0.3360786199569702,1.6306028366088867,-0.2693971633911132
45.32995319366455,-0.34635779857635496,-0.3360786199569702,1.6306028366088867,-0.2693971633911132
45.362866163253784,-0.34635779857635496,-0.3360786199569702,1.6306028366088867,-0.2693971633911132
45.395870208740234,-0.34635779857635496,-0.3360786199569702,1.6306028366088867,-0.2693971633911132
45.4289174079895,-0.34635779857635496,-0.3360786199569702,1.6306028366088867,-0.2693971633911132
45.46191668510437,-0.34635779857635496,-0.3360786199569702,1.6306028366088867,-0.2693971633911132
45.49483895301819,-0.34635779857635496,-0.3360786199569702,1.6306028366088867,-0.2693971633911132
45.52796387672424,-0.34635779857635496,-0.3360786199569702,1.6306028366088867,-0.2693971633911132
45.56071877479553,-0.34635779857635496,-0.3360786199569702,1.6306028366088867,-0.2693971633911132
45.59380578994751,-0.34635779857635496,-0.3360786199569702,1.6306028366088867,-0.2693971633911132
45.626699924468994,-0.34635779857635496,-0.3360786199569702,1.6306028366088867,-0.2693971633911132
45.65977072715759,-0.34635779857635496,-0.3360786199569702,1.6306028366088867,-0.2693971633911132
45.692752838134766,-0.34635779857635496,-0.3360786199569702,1.6306028366088867,-0.2693971633911132
45.72582244873047,-0.34635779857635496,-0.3360786199569702,1.6306028366088867,-0.2693971633911132
45.75926113128662,-0.34635779857635496,-0.3360786199569702,1.6306028366088867,-0.2693971633911132
45.79216742515564,-0.34635779857635496,-0.3360786199569702,1.6306028366088867,-0.2693971633911132
45.825202226638794,-0.34635779857635496,-0.3360786199569702,1.6306028366088867,-0.2693971633911132
45.85808873176575,-0.34635779857635496,-0.3360786199569702,1.6306028366088867,-0.2693971633911132
45.891167640686035,-0.34635779857635496,-0.3360786199569702,1.6306028366088867,-0.2693971633911132
45.924219846725464,-0.34635779857635496,-0.3360786199569702,1.6306028366088867,-0.2693971633911132
45.95711946487427,-0.34635779857635496,-0.3360786199569702,1.6306028366088867,-0.2693971633911132
45.98989796638489,-0.34635779857635496,-0.3360786199569702,1.6306028366088867,-0.2693971633911132
46.022969484329224,-0.34635779857635496,-0.3360786199569702,1.6306028366088867,-0.2693971633911132
46.05599021911621,-0.34635779857635496,-0.3360786199569702,1.6306028366088867,-0.2693971633911132
46.08881902694702,-0.34635779857635496,-0.3360786199569702,1.6306028366088867,-0.2693971633911132
46.1219003200531,-0.34635779857635496,-0.3360786199569702,1.6306028366088867,-0.2693971633911132
46.15487051010132,-0.34635779857635496,-0.3360786199569702,1.6306028366088867,-0.2693971633911132
46.187832832336426,-0.34635779857635496,-0.3360786199569702,1.6306028366088867,-0.2693971633911132
46.22091484069824,-0.34635779857635496,-0.3360786199569702,1.6306028366088867,-0.2693971633911132
46.25392985343933,-0.34635779857635496,-0.3360786199569702,1.6306028366088867,-0.2693971633911132
46.28704762458801,-0.34635779857635496,-0.3360786199569702,1.6306028366088867,-0.2693971633911132
46.31994915008545,-0.34635779857635496,-0.3360786199569702,1.6306028366088867,-0.2693971633911132
46.35295081138611,-0.34635779857635496,-0.3360786199569702,1.6306028366088867,-0.2693971633911132
46.3858106136322,-0.34635779857635496,-0.3360786199569702,1.6306028366088867,-0.2693971633911132
46.41894793510437,-0.34635779857635496,-0.3360786199569702,1.6306028366088867,-0.2693971633911132
46.4520366191864,-0.34635779857635496,-0.3360786199569702,1.6306028366088867,-0.2693971633911132
46.48502826690674,-0.34635779857635496,-0.3360786199569702,1.6306028366088867,-0.2693971633911132
46.51773953437805,-0.34635779857635496,-0.3360786199569702,1.6306028366088867,-0.2693971633911132
46.55084800720215,-0.34635779857635496,-0.3360786199569702,1.6306028366088867,-0.2693971633911132
46.583882093429565,-0.34635779857635496,-0.3360786199569702,1.6306028366088867,-0.2693971633911132
46.61686420440674,-0.34635779857635496,-0.3360786199569702,1.6306028366088867,-0.2693971633911132
46.64990186691284,-0.34635779857635496,-0.3360786199569702,1.6306028366088867,-0.2693971633911132
46.682796001434326,-0.34635779857635496,-0.3360786199569702,1.6306028366088867,-0.2693971633911132
46.71589636802673,-0.34635779857635496,-0.3360786199569702,1.6306028366088867,-0.2693971633911132
46.74879550933838,-0.34635779857635496,-0.3360786199569702,1.6306028366088867,-0.2693971633911132
46.78174042701721,-0.34635779857635496,-0.3360786199569702,1.6306028366088867,-0.2693971633911132
46.81493282318115,-0.34635779857635496,-0.3360786199569702,1.6306028366088867,-0.2693971633911132
46.84779095649719,-0.34635779857635496,-0.3360786199569702,1.6306028366088867,-0.2693971633911132
46.8809278011322,-0.34635779857635496,-0.3360786199569702,1.6306028366088867,-0.2693971633911132
46.91408681869507,-0.34635779857635496,-0.3360786199569702,1.6306028366088867,-0.2693971633911132
46.94809055328369,-0.34635779857635496,-0.3360786199569702,1.6306028366088867,-0.2693971633911132
46.980098247528076,-0.34635779857635496,-0.3360786199569702,1.6306028366088867,-0.2693971633911132
47.01322340965271,-0.34635779857635496,-0.3360786199569702,1.6306028366088867,-0.2693971633911132
47.04621648788452,-0.34635779857635496,-0.3360786199569702,1.6306028366088867,-0.2693971633911132
47.07888722419739,-0.34635779857635496,-0.3360786199569702,1.6306028366088867,-0.2693971633911132
47.11173892021179,-0.34635779857635496,-0.3360786199569702,1.6306028366088867,-0.2693971633911132
47.14496946334839,-0.34635779857635496,-0.3360786199569702,1.6306028366088867,-0.2693971633911132
47.177870750427246,-0.34635779857635496,-0.3360786199569702,1.6306028366088867,-0.2693971633911132
47.21088433265686,-0.34635779857635496,-0.3360786199569702,1.6306028366088867,-0.2693971633911132
47.244157552719116,-0.34635779857635496,-0.3360786199569702,1.6306028366088867,-0.2693971633911132
47.27699422836304,-0.34635779857635496,-0.3360786199569702,1.6306028366088867,-0.2693971633911132
47.31020665168762,-0.34635779857635496,-0.3360786199569702,1.6306028366088867,-0.2693971633911132
47.34332251548767,-0.34635779857635496,-0.3360786199569702,1.6306028366088867,-0.2693971633911132
47.37602877616882,-0.34635779857635496,-0.3360786199569702,1.6306028366088867,-0.2693971633911132
47.40873742103577,-0.34635779857635496,-0.3360786199569702,1.6306028366088867,-0.2693971633911132
47.44180607795715,-0.34635779857635496,-0.3360786199569702,1.6306028366088867,-0.2693971633911132
47.474907875061035,-0.34635779857635496,-0.3360786199569702,1.6306028366088867,-0.2693971633911132
47.50783658027649,-0.34635779857635496,-0.3360786199569702,1.6306028366088867,-0.2693971633911132
47.54091024398804,-0.34635779857635496,-0.3360786199569702,1.6306028366088867,-0.2693971633911132
47.5740487575531,-0.34635779857635496,-0.3360786199569702,1.6306028366088867,-0.2693971633911132
47.606887340545654,-0.34635779857635496,-0.3360786199569702,1.6306028366088867,-0.2693971633911132
47.639957904815674,-0.34635779857635496,-0.3360786199569702,1.6306028366088867,-0.2693971633911132
47.67304468154907,-0.34635779857635496,-0.3360786199569702,1.6306028366088867,-0.2693971633911132
47.705997943878174,-0.34635779857635496,-0.3360786199569702,1.6306028366088867,-0.2693971633911132
47.738922357559204,-0.34635779857635496,-0.3360786199569702,1.6306028366088867,-0.2693971633911132
47.77208876609802,-0.34635779857635496,-0.3360786199569702,1.6306028366088867,-0.2693971633911132
47.80501866340637,-0.34635779857635496,-0.3360786199569702,1.6306028366088867,-0.2693971633911132
47.837902545928955,-0.34635779857635496,-0.3360786199569702,1.6306028366088867,-0.2693971633911132
47.87081217765808,-0.34635779857635496,-0.3360786199569702,1.6306028366088867,-0.2693971633911132
47.90396809577942,-0.34635779857635496,-0.3360786199569702,1.6306028366088867,-0.2693971633911132
47.93697428703308,-0.34635779857635496,-0.3360786199569702,1.6306028366088867,-0.2693971633911132
47.96982455253601,-0.34635779857635496,-0.3360786199569702,1.6306028366088867,-0.2693971633911132
48.00295662879944,-0.34635779857635496,-0.3360786199569702,1.6306028366088867,-0.2693971633911132
48.03601837158203,-0.34635779857635496,-0.3360786199569702,1.6306028366088867,-0.2693971633911132
48.068808794021606,-0.34635779857635496,-0.3360786199569702,1.6306028366088867,-0.2693971633911132
48.102349519729614,-0.34635779857635496,-0.3360786199569702,1.6306028366088867,-0.2693971633911132
48.13533902168274,-0.34635779857635496,-0.3360786199569702,1.6306028366088867,-0.2693971633911132
48.16829752922058,-0.34635779857635496,-0.3360786199569702,1.6306028366088867,-0.2693971633911132
48.201106548309326,-0.34635779857635496,-0.3360786199569702,1.6306028366088867,-0.2693971633911132
48.234452962875366,-0.34635779857635496,-0.3360786199569702,1.6306028366088867,-0.2693971633911132
48.26699733734131,-0.34635779857635496,-0.3360786199569702,1.6306028366088867,-0.2693971633911132
48.299856424331665,-0.34635779857635496,-0.3360786199569702,1.6306028366088867,-0.2693971633911132
48.33287048339844,-0.34635779857635496,-0.3360786199569702,1.6306028366088867,-0.2693971633911132
48.36593008041382,-0.34635779857635496,-0.3360786199569702,1.6306028366088867,-0.2693971633911132
48.399041414260864,-0.34635779857635496,-0.3360786199569702,1.6306028366088867,-0.2693971633911132
48.43234968185425,-0.34635779857635496,-0.3360786199569702,1.6306028366088867,-0.2693971633911132
48.46503520011902,-0.34635779857635496,-0.3360786199569702,1.6306028366088867,-0.2693971633911132
48.49803137779236,-0.34635779857635496,-0.3360786199569702,1.6306028366088867,-0.2693971633911132
48.5312225818634,-0.34635779857635496,-0.3360786199569702,1.6306028366088867,-0.2693971633911132
48.56409311294556,-0.34635779857635496,-0.3360786199569702,1.6306028366088867,-0.2693971633911132
48.597076654434204,-0.34635779857635496,-0.3360786199569702,1.6306028366088867,-0.2693971633911132
48.629883766174316,-0.34635779857635496,-0.3360786199569702,1.6306028366088867,-0.2693971633911132
48.66303730010986,-0.34635779857635496,-0.3360786199569702,1.6306028366088867,-0.2693971633911132
48.69587469100952,-0.34635779857635496,-0.3360786199569702,1.6306028366088867,-0.2693971633911132
48.72882270812988,-0.34635779857635496,-0.3360786199569702,1.6306028366088867,-0.2693971633911132
48.76188540458679,-0.34635779857635496,-0.3360786199569702,1.6306028366088867,-0.2693971633911132
48.79515266418457,-0.34635779857635496,-0.3360786199569702,1.6306028366088867,-0.2693971633911132
48.828203201293945,-0.34635779857635496,-0.3360786199569702,1.6306028366088867,-0.2693971633911132
48.86135935783386,-0.34635779857635496,-0.3360786199569702,1.6306028366088867,-0.2693971633911132
48.893736124038696,-0.34635779857635496,-0.3360786199569702,1.6306028366088867,-0.2693971633911132
48.92707633972168,-0.34635779857635496,-0.3360786199569702,1.6306028366088867,-0.2693971633911132
48.95975112915039,-0.34635779857635496,-0.3360786199569702,1.6306028366088867,-0.2693971633911132
48.99302387237549,-0.34635779857635496,-0.3360786199569702,1.6306028366088867,-0.2693971633911132
49.025739669799805,-0.34635779857635496,-0.3360786199569702,1.6306028366088867,-0.2693971633911132
49.059300661087036,-0.34635779857635496,-0.3360786199569702,1.6306028366088867,-0.2693971633911132
49.09178709983826,-0.34635779857635496,-0.3360786199569702,1.6306028366088867,-0.2693971633911132
49.12501883506775,-0.34635779857635496,-0.3360786199569702,1.6306028366088867,-0.2693971633911132
49.15781116485596,-0.34635779857635496,-0.3360786199569702,1.6306028366088867,-0.2693971633911132
49.19092798233032,-0.34635779857635496,-0.3360786199569702,1.6306028366088867,-0.2693971633911132
49.22379684448242,-0.34635779857635496,-0.3360786199569702,1.6306028366088867,-0.2693971633911132
49.25675368309021,-0.34635779857635496,-0.3360786199569702,1.6306028366088867,-0.2693971633911132
49.28988528251648,-0.34635779857635496,-0.3360786199569702,1.6306028366088867,-0.2693971633911132
49.3228976726532,-0.34635779857635496,-0.3360786199569702,1.6306028366088867,-0.2693971633911132
49.356117725372314,-0.34635779857635496,-0.3360786199569702,1.6306028366088867,-0.2693971633911132
49.388859033584595,-0.34635779857635496,-0.3360786199569702,1.6306028366088867,-0.2693971633911132
49.42170190811157,-0.34635779857635496,-0.3360786199569702,1.6306028366088867,-0.2693971633911132
49.45485758781433,-0.34635779857635496,-0.3360786199569702,1.6306028366088867,-0.2693971633911132
49.48792314529419,-0.34635779857635496,-0.3360786199569702,1.6306028366088867,-0.2693971633911132
49.52095890045166,-0.34635779857635496,-0.3360786199569702,1.6306028366088867,-0.2693971633911132
49.553771018981934,-0.34635779857635496,-0.3360786199569702,1.6306028366088867,-0.2693971633911132
49.58690786361694,-0.34635779857635496,-0.3360786199569702,1.6306028366088867,-0.2693971633911132
49.619776010513306,-0.34635779857635496,-0.3360786199569702,1.6306028366088867,-0.2693971633911132
49.652767181396484,-0.34635779857635496,-0.3360786199569702,1.6306028366088867,-0.2693971633911132
49.68584203720093,-0.34635779857635496,-0.3360786199569702,1.6306028366088867,-0.2693971633911132
49.719146966934204,-0.34635779857635496,-0.3360786199569702,1.6306028366088867,-0.2693971633911132
49.751834869384766,-0.34635779857635496,-0.3360786199569702,1.6306028366088867,-0.2693971633911132
49.78483772277832,-0.34635779857635496,-0.3360786199569702,1.6306028366088867,-0.2693971633911132
49.81781363487244,-0.34635779857635496,-0.3360786199569702,1.6306028366088867,-0.2693971633911132
49.850725173950195,-0.34635779857635496,-0.3360786199569702,1.6306028366088867,-0.2693971633911132
49.88374376296997,-0.34635779857635496,-0.3360786199569702,1.6306028366088867,-0.2693971633911132
49.91683650016785,-0.34635779857635496,-0.3360786199569702,1.6306028366088867,-0.2693971633911132
49.94975209236145,-0.34635779857635496,-0.3360786199569702,1.6306028366088867,-0.2693971633911132
49.98274326324463,-0.34635779857635496,-0.3360786199569702,1.6306028366088867,-0.2693971633911132
50.016064167022705,-0.34635779857635496,-0.3360786199569702,1.6306028366088867,-0.2693971633911132
50.048842668533325,-0.34635779857635496,-0.3360786199569702,1.6306028366088867,-0.2693971633911132
50.08194136619568,-0.34635779857635496,-0.3360786199569702,1.6306028366088867,-0.2693971633911132
50.115002155303955,-0.34635779857635496,-0.3360786199569702,1.6306028366088867,-0.2693971633911132
50.14785885810852,-0.34635779857635496,-0.3360786199569702,1.6306028366088867,-0.2693971633911132
50.180898666381836,-0.34635779857635496,-0.3360786199569702,1.6306028366088867,-0.2693971633911132
50.213908433914185,-0.34635779857635496,-0.3360786199569702,1.6306028366088867,-0.2693971633911132
50.2467405796051,-0.34635779857635496,-0.3360786199569702,1.6306028366088867,-0.2693971633911132
50.27983808517456,-0.34635779857635496,-0.3360786199569702,1.6306028366088867,-0.2693971633911132
50.312827587127686,-0.34635779857635496,-0.3360786199569702,1.6306028366088867,-0.2693971633911132
50.34591460227966,-0.34635779857635496,-0.3360786199569702,1.6306028366088867,-0.2693971633911132
50.37889361381531,-0.34635779857635496,-0.3360786199569702,1.6306028366088867,-0.2693971633911132
50.411869525909424,-0.34635779857635496,-0.3360786199569702,1.6306028366088867,-0.2693971633911132
50.44479584693909,-0.34635779857635496,-0.3360786199569702,1.6306028366088867,-0.2693971633911132
50.47839689254761,-0.34635779857635496,-0.3360786199569702,1.6306028366088867,-0.2693971633911132
50.51102948188782,-0.34635779857635496,-0.3360786199569702,1.6306028366088867,-0.2693971633911132
50.54375767707825,-0.34635779857635496,-0.3360786199569702,1.6306028366088867,-0.2693971633911132
50.57681226730347,-0.34635779857635496,-0.3360786199569702,1.6306028366088867,-0.2693971633911132
50.60995650291443,-0.34635779857635496,-0.3360786199569702,1.6306028366088867,-0.2693971633911132
50.6428108215332,-0.34635779857635496,-0.3360786199569702,1.6306028366088867,-0.2693971633911132
50.675864934921265,-0.34635779857635496,-0.3360786199569702,1.6306028366088867,-0.2693971633911132
50.70890164375305,-0.34635779857635496,-0.3360786199569702,1.6306028366088867,-0.2693971633911132
50.74185109138489,-0.34635779857635496,-0.3360786199569702,1.6306028366088867,-0.2693971633911132
50.77529692649841,-0.34635779857635496,-0.3360786199569702,1.6306028366088867,-0.2693971633911132
50.80796003341675,-0.34635779857635496,-0.3360786199569702,1.6306028366088867,-0.2693971633911132
50.84078598022461,-0.34635779857635496,-0.3360786199569702,1.6306028366088867,-0.2693971633911132
50.873863697052,-0.34635779857635496,-0.3360786199569702,1.6306028366088867,-0.2693971633911132
50.90793514251709,-0.34635779857635496,-0.3360786199569702,1.6306028366088867,-0.2693971633911132
50.94061231613159,-0.34635779857635496,-0.3360786199569702,1.6306028366088867,-0.2693971633911132
50.9733567237854,-0.34635779857635496,-0.3360786199569702,1.6306028366088867,-0.2693971633911132
51.005810260772705,-0.34635779857635496,-0.3360786199569702,1.6306028366088867,-0.2693971633911132
51.03882932662964,-0.34635779857635496,-0.3360786199569702,1.6306028366088867,-0.2693971633911132
51.07185482978821,-0.34635779857635496,-0.3360786199569702,1.6306028366088867,-0.2693971633911132
51.104822874069214,-0.34635779857635496,-0.3360786199569702,1.6306028366088867,-0.2693971633911132
51.13772988319397,-0.34635779857635496,-0.3360786199569702,1.6306028366088867,-0.2693971633911132
51.170841693878174,-0.34635779857635496,-0.3360786199569702,1.6306028366088867,-0.2693971633911132
51.2038140296936,-0.34635779857635496,-0.3360786199569702,1.6306028366088867,-0.2693971633911132
51.237213134765625,-0.34635779857635496,-0.3360786199569702,1.6306028366088867,-0.2693971633911132
51.27016472816467,-0.34635779857635496,-0.3360786199569702,1.6306028366088867,-0.2693971633911132
51.30325889587402,-0.34635779857635496,-0.3360786199569702,1.6306028366088867,-0.2693971633911132
51.33632278442383,-0.34635779857635496,-0.3360786199569702,1.6306028366088867,-0.2693971633911132
51.369248151779175,-0.34635779857635496,-0.3360786199569702,1.6306028366088867,-0.2693971633911132
51.402061462402344,-0.34635779857635496,-0.3360786199569702,1.6306028366088867,-0.2693971633911132
51.43530535697937,-0.34635779857635496,-0.3360786199569702,1.6306028366088867,-0.2693971633911132
51.46837139129639,-0.34635779857635496,-0.3360786199569702,1.6306028366088867,-0.2693971633911132
51.50106596946716,-0.34635779857635496,-0.3360786199569702,1.6306028366088867,-0.2693971633911132
51.533976316452026,-0.34635779857635496,-0.3360786199569702,1.6306028366088867,-0.2693971633911132
51.56695342063904,-0.34635779857635496,-0.3360786199569702,1.6306028366088867,-0.2693971633911132
51.599913358688354,-0.34635779857635496,-0.3360786199569702,1.6306028366088867,-0.2693971633911132
51.63280367851257,-0.34635779857635496,-0.3360786199569702,1.6306028366088867,-0.2693971633911132
51.665844202041626,-0.34635779857635496,-0.3360786199569702,1.6306028366088867,-0.2693971633911132
51.69908857345581,-0.34635779857635496,-0.3360786199569702,1.6306028366088867,-0.2693971633911132
51.73201251029968,-0.34635779857635496,-0.3360786199569702,1.6306028366088867,-0.2693971633911132
51.7649827003479,-0.34635779857635496,-0.3360786199569702,1.6306028366088867,-0.2693971633911132
51.79811501502991,-0.34635779857635496,-0.3360786199569702,1.6306028366088867,-0.2693971633911132
51.83164095878601,-0.34635779857635496,-0.3360786199569702,1.6306028366088867,-0.2693971633911132
51.864299058914185,-0.34635779857635496,-0.3360786199569702,1.6306028366088867,-0.2693971633911132
51.897014141082764,-0.34635779857635496,-0.3360786199569702,1.6306028366088867,-0.2693971633911132
51.930314779281616,-0.34635779857635496,-0.3360786199569702,1.6306028366088867,-0.2693971633911132
51.963234424591064,-0.34635779857635496,-0.3360786199569702,1.6306028366088867,-0.2693971633911132
51.996073484420776,-0.34635779857635496,-0.3360786199569702,1.6306028366088867,-0.2693971633911132
52.02908492088318,-0.34635779857635496,-0.3360786199569702,1.6306028366088867,-0.2693971633911132
52.06206512451172,-0.34635779857635496,-0.3360786199569702,1.6306028366088867,-0.2693971633911132
52.095041036605835,-0.34635779857635496,-0.3360786199569702,1.6306028366088867,-0.2693971633911132
52.12824106216431,-0.34635779857635496,-0.3360786199569702,1.6306028366088867,-0.2693971633911132
52.16115880012512,-0.34635779857635496,-0.3360786199569702,1.6306028366088867,-0.2693971633911132
52.1940221786499,-0.34635779857635496,-0.3360786199569702,1.6306028366088867,-0.2693971633911132
52.228193521499634,-0.34635779857635496,-0.3360786199569702,1.6306028366088867,-0.2693971633911132
52.26040720939636,-0.34635779857635496,-0.3360786199569702,1.6306028366088867,-0.2693971633911132
52.293190002441406,-0.34635779857635496,-0.3360786199569702,1.6306028366088867,-0.2693971633911132
52.32618522644043,-0.34635779857635496,-0.3360786199569702,1.6306028366088867,-0.2693971633911132
52.35917019844055,-0.34635779857635496,-0.3360786199569702,1.6306028366088867,-0.2693971633911132
52.39171075820923,-0.34635779857635496,-0.3360786199569702,1.6306028366088867,-0.2693971633911132
52.42476415634155,-0.34635779857635496,-0.3360786199569702,1.6306028366088867,-0.2693971633911132
52.45779275894165,-0.34635779857635496,-0.3360786199569702,1.6306028366088867,-0.2693971633911132
52.490830183029175,-0.34635779857635496,-0.3360786199569702,1.6306028366088867,-0.2693971633911132
52.52379560470581,-0.34635779857635496,-0.3360786199569702,1.6306028366088867,-0.2693971633911132
52.55685091018677,-0.34635779857635496,-0.3360786199569702,1.6306028366088867,-0.2693971633911132
52.5899076461792,-0.34635779857635496,-0.3360786199569702,1.6306028366088867,-0.2693971633911132
52.62287449836731,-0.34635779857635496,-0.3360786199569702,1.6306028366088867,-0.2693971633911132
52.65610671043396,-0.34635779857635496,-0.3360786199569702,1.6306028366088867,-0.2693971633911132
52.68891716003418,-0.34635779857635496,-0.3360786199569702,1.6306028366088867,-0.2693971633911132
52.721895933151245,-0.34635779857635496,-0.3360786199569702,1.6306028366088867,-0.2693971633911132
52.754849672317505,-0.34635779857635496,-0.3360786199569702,1.6306028366088867,-0.2693971633911132
52.78796982765198,-0.34635779857635496,-0.3360786199569702,1.6306028366088867,-0.2693971633911132
52.82114052772522,-0.34635779857635496,-0.3360786199569702,1.6306028366088867,-0.2693971633911132
52.85414528846741,-0.34635779857635496,-0.3360786199569702,1.6306028366088867,-0.2693971633911132
52.887003660202026,-0.34635779857635496,-0.3360786199569702,1.6306028366088867,-0.2693971633911132
52.91982960700989,-0.34635779857635496,-0.3360786199569702,1.6306028366088867,-0.2693971633911132
52.95292019844055,-0.34635779857635496,-0.3360786199569702,1.6306028366088867,-0.2693971633911132
52.98576474189758,-0.34635779857635496,-0.3360786199569702,1.6306028366088867,-0.2693971633911132
53.018815994262695,-0.34635779857635496,-0.3360786199569702,1.6306028366088867,-0.2693971633911132
53.05207014083862,-0.34635779857635496,-0.3360786199569702,1.6306028366088867,-0.2693971633911132
53.084813833236694,-0.34635779857635496,-0.3360786199569702,1.6306028366088867,-0.2693971633911132
53.11775279045105,-0.34635779857635496,-0.3360786199569702,1.6306028366088867,-0.2693971633911132
53.15089535713196,-0.34635779857635496,-0.3360786199569702,1.6306028366088867,-0.2693971633911132
53.183873891830444,-0.34635779857635496,-0.3360786199569702,1.6306028366088867,-0.2693971633911132
53.216878175735474,-0.34635779857635496,-0.3360786199569702,1.6306028366088867,-0.2693971633911132
53.24983739852905,-0.34635779857635496,-0.3360786199569702,1.6306028366088867,-0.2693971633911132
53.282758951187134,-0.34635779857635496,-0.3360786199569702,1.6306028366088867,-0.2693971633911132
53.31581711769104,-0.34635779857635496,-0.3360786199569702,1.6306028366088867,-0.2693971633911132
53.348825454711914,-0.34635779857635496,-0.3360786199569702,1.6306028366088867,-0.2693971633911132
53.38188815116882,-0.34635779857635496,-0.3360786199569702,1.6306028366088867,-0.2693971633911132
53.41476655006409,-0.34635779857635496,-0.3360786199569702,1.6306028366088867,-0.2693971633911132
53.44778800010681,-0.34635779857635496,-0.3360786199569702,1.6306028366088867,-0.2693971633911132
53.480806827545166,-0.34635779857635496,-0.3360786199569702,1.6306028366088867,-0.2693971633911132
53.51379132270813,-0.34635779857635496,-0.3360786199569702,1.6306028366088867,-0.2693971633911132
53.54688119888306,-0.34635779857635496,-0.3360786199569702,1.6306028366088867,-0.2693971633911132
53.57979226112366,-0.34635779857635496,-0.3360786199569702,1.6306028366088867,-0.2693971633911132
53.61290264129639,-0.34635779857635496,-0.3360786199569702,1.6306028366088867,-0.2693971633911132
53.64615488052368,-0.34635779857635496,-0.3360786199569702,1.6306028366088867,-0.2693971633911132
53.678789377212524,-0.34635779857635496,-0.3360786199569702,1.6306028366088867,-0.2693971633911132
53.7118194103241,-0.34635779857635496,-0.3360786199569702,1.6306028366088867,-0.2693971633911132
53.745102882385254,-0.34635779857635496,-0.3360786199569702,1.6306028366088867,-0.2693971633911132
53.77778100967407,-0.34635779857635496,-0.3360786199569702,1.6306028366088867,-0.2693971633911132
53.811582803726196,-0.34635779857635496,-0.3360786199569702,1.6306028366088867,-0.2693971633911132
53.84456729888916,-0.34635779857635496,-0.3360786199569702,1.6306028366088867,-0.2693971633911132
53.8771607875824,-0.34635779857635496,-0.3360786199569702,1.6306028366088867,-0.2693971633911132
53.910730600357056,-0.34635779857635496,-0.3360786199569702,1.6306028366088867,-0.2693971633911132
53.94363260269165,-0.34635779857635496,-0.3360786199569702,1.6306028366088867,-0.2693971633911132
53.976157665252686,-0.34635779857635496,-0.3360786199569702,1.6306028366088867,-0.2693971633911132
54.00937294960022,-0.34635779857635496,-0.3360786199569702,1.6306028366088867,-0.2693971633911132
54.042206048965454,-0.34635779857635496,-0.3360786199569702,1.6306028366088867,-0.2693971633911132
54.07489538192749,-0.34635779857635496,-0.3360786199569702,1.6306028366088867,-0.2693971633911132
54.10786843299866,-0.34635779857635496,-0.3360786199569702,1.6306028366088867,-0.2693971633911132
54.141250133514404,-0.34635779857635496,-0.3360786199569702,1.6306028366088867,-0.2693971633911132
54.17422938346863,-0.34635779857635496,-0.3360786199569702,1.6306028366088867,-0.2693971633911132
54.20718741416931,-0.34635779857635496,-0.3360786199569702,1.6306028366088867,-0.2693971633911132
54.23978662490845,-0.34635779857635496,-0.3360786199569702,1.6306028366088867,-0.2693971633911132
54.27295398712158,-0.34635779857635496,-0.3360786199569702,1.6306028366088867,-0.2693971633911132
54.30595588684082,-0.34635779857635496,-0.3360786199569702,1.6306028366088867,-0.2693971633911132
54.33895540237427,-0.34635779857635496,-0.3360786199569702,1.6306028366088867,-0.2693971633911132
54.37200140953064,-0.34635779857635496,-0.3360786199569702,1.6306028366088867,-0.2693971633911132
54.40497922897339,-0.34635779857635496,-0.3360786199569702,1.6306028366088867,-0.2693971633911132
54.437957763671875,-0.34635779857635496,-0.3360786199569702,1.6306028366088867,-0.2693971633911132
54.47095823287964,-0.34635779857635496,-0.3360786199569702,1.6306028366088867,-0.2693971633911132
54.50398135185242,-0.34635779857635496,-0.3360786199569702,1.6306028366088867,-0.2693971633911132
54.53692841529846,-0.34635779857635496,-0.3360786199569702,1.6306028366088867,-0.2693971633911132
54.569966316223145,-0.34635779857635496,-0.3360786199569702,1.6306028366088867,-0.2693971633911132
54.602819204330444,-0.34635779857635496,-0.3360786199569702,1.6306028366088867,-0.2693971633911132
54.63584780693054,-0.34635779857635496,-0.3360786199569702,1.6306028366088867,-0.2693971633911132
54.66895580291748,-0.34635779857635496,-0.3360786199569702,1.6306028366088867,-0.2693971633911132
54.70187830924988,-0.34635779857635496,-0.3360786199569702,1.6306028366088867,-0.2693971633911132
54.73486614227295,-0.34635779857635496,-0.3360786199569702,1.6306028366088867,-0.2693971633911132
54.767752170562744,-0.34635779857635496,-0.3360786199569702,1.6306028366088867,-0.2693971633911132
54.800862312316895,-0.34635779857635496,-0.3360786199569702,1.6306028366088867,-0.2693971633911132
54.833810567855835,-0.34635779857635496,-0.3360786199569702,1.6306028366088867,-0.2693971633911132
54.86685585975647,-0.34635779857635496,-0.3360786199569702,1.6306028366088867,-0.2693971633911132
54.90020680427551,-0.34635779857635496,-0.3360786199569702,1.6306028366088867,-0.2693971633911132
54.93276810646057,-0.34635779857635496,-0.3360786199569702,1.6306028366088867,-0.2693971633911132
54.965837478637695,-0.34635779857635496,-0.3360786199569702,1.6306028366088867,-0.2693971633911132
54.9988112449646,-0.34635779857635496,-0.3360786199569702,1.6306028366088867,-0.2693971633911132
55.03179883956909,-0.34635779857635496,-0.3360786199569702,1.6306028366088867,-0.2693971633911132
55.06475806236267,-0.34635779857635496,-0.3360786199569702,1.6306028366088867,-0.2693971633911132
55.09783625602722,-0.34635779857635496,-0.3360786199569702,1.6306028366088867,-0.2693971633911132
55.1309380531311,-0.34635779857635496,-0.3360786199569702,1.6306028366088867,-0.2693971633911132
55.16405200958252,-0.34635779857635496,-0.3360786199569702,1.6306028366088867,-0.2693971633911132
55.19679570198059,-0.34635779857635496,-0.3360786199569702,1.6306028366088867,-0.2693971633911132
55.2301082611084,-0.34635779857635496,-0.3360786199569702,1.6306028366088867,-0.2693971633911132
55.263229846954346,-0.34635779857635496,-0.3360786199569702,1.6306028366088867,-0.2693971633911132
55.29630637168884,-0.34635779857635496,-0.3360786199569702,1.6306028366088867,-0.2693971633911132
55.32932162284851,-0.34635779857635496,-0.3360786199569702,1.6306028366088867,-0.2693971633911132
55.362390756607056,-0.34635779857635496,-0.3360786199569702,1.6306028366088867,-0.2693971633911132
55.395254373550415,-0.34635779857635496,-0.3360786199569702,1.6306028366088867,-0.2693971633911132
55.42815446853638,-0.34635779857635496,-0.3360786199569702,1.6306028366088867,-0.2693971633911132
55.461365699768066,-0.34635779857635496,-0.3360786199569702,1.6306028366088867,-0.2693971633911132
55.49441432952881,-0.34635779857635496,-0.3360786199569702,1.6306028366088867,-0.2693971633911132
55.52709484100342,-0.34635779857635496,-0.3360786199569702,1.6306028366088867,-0.2693971633911132
55.56007647514343,-0.34635779857635496,-0.3360786199569702,1.6306028366088867,-0.2693971633911132
55.593281269073486,-0.34635779857635496,-0.3360786199569702,1.6306028366088867,-0.2693971633911132
55.62606883049011,-0.34635779857635496,-0.3360786199569702,1.6306028366088867,-0.2693971633911132
55.659087896347046,-0.34635779857635496,-0.3360786199569702,1.6306028366088867,-0.2693971633911132
55.69210338592529,-0.34635779857635496,-0.3360786199569702,1.6306028366088867,-0.2693971633911132
55.72501182556152,-0.34635779857635496,-0.3360786199569702,1.6306028366088867,-0.2693971633911132
55.75812268257141,-0.34635779857635496,-0.3360786199569702,1.6306028366088867,-0.2693971633911132
55.79115295410156,-0.34635779857635496,-0.3360786199569702,1.6306028366088867,-0.2693971633911132
55.82416009902954,-0.34635779857635496,-0.3360786199569702,1.6306028366088867,-0.2693971633911132
55.8568389415741,-0.34635779857635496,-0.3360786199569702,1.6306028366088867,-0.2693971633911132
55.88981747627258,-0.34635779857635496,-0.3360786199569702,1.6306028366088867,-0.2693971633911132
55.922916889190674,-0.34635779857635496,-0.3360786199569702,1.6306028366088867,-0.2693971633911132
55.95582318305969,-0.34635779857635496,-0.3360786199569702,1.6306028366088867,-0.2693971633911132
55.98877787590027,-0.34635779857635496,-0.3360786199569702,1.6306028366088867,-0.2693971633911132
56.021780490875244,-0.34635779857635496,-0.3360786199569702,1.6306028366088867,-0.2693971633911132
56.05480360984802,-0.34635779857635496,-0.3360786199569702,1.6306028366088867,-0.2693971633911132
56.08781147003174,-0.34635779857635496,-0.3360786199569702,1.6306028366088867,-0.2693971633911132
56.121527433395386,-0.34635779857635496,-0.3360786199569702,1.6306028366088867,-0.2693971633911132
56.15388870239258,-0.34635779857635496,-0.3360786199569702,1.6306028366088867,-0.2693971633911132
56.1868782043457,-0.34635779857635496,-0.3360786199569702,1.6306028366088867,-0.2693971633911132
56.22002696990967,-0.34635779857635496,-0.3360786199569702,1.6306028366088867,-0.2693971633911132
56.25289702415466,-0.34635779857635496,-0.3360786199569702,1.6306028366088867,-0.2693971633911132
56.28589963912964,-0.34635779857635496,-0.3360786199569702,1.6306028366088867,-0.2693971633911132
56.31886029243469,-0.34635779857635496,-0.3360786199569702,1.6306028366088867,-0.2693971633911132
56.35196113586426,-0.34635779857635496,-0.3360786199569702,1.6306028366088867,-0.2693971633911132
56.38479399681091,-0.34635779857635496,-0.3360786199569702,1.6306028366088867,-0.2693971633911132
56.41826295852661,-0.34635779857635496,-0.3360786199569702,1.6306028366088867,-0.2693971633911132
56.45103573799133,-0.34635779857635496,-0.3360786199569702,1.6306028366088867,-0.2693971633911132
56.48413443565369,-0.34635779857635496,-0.3360786199569702,1.6306028366088867,-0.2693971633911132
56.51759362220764,-0.34635779857635496,-0.3360786199569702,1.6306028366088867,-0.2693971633911132
56.55018591880798,-0.34635779857635496,-0.3360786199569702,1.6306028366088867,-0.2693971633911132
56.583271980285645,-0.34635779857635496,-0.3360786199569702,1.6306028366088867,-0.2693971633911132
56.61609959602356,-0.34635779857635496,-0.3360786199569702,1.6306028366088867,-0.2693971633911132
56.649075984954834,-0.34635779857635496,-0.3360786199569702,1.6306028366088867,-0.2693971633911132
56.68194246292114,-0.34635779857635496,-0.3360786199569702,1.6306028366088867,-0.2693971633911132
56.7151312828064,-0.34635779857635496,-0.3360786199569702,1.6306028366088867,-0.2693971633911132
56.747772216796875,-0.34635779857635496,-0.3360786199569702,1.6306028366088867,-0.2693971633911132
56.78074097633362,-0.34635779857635496,-0.3360786199569702,1.6306028366088867,-0.2693971633911132
56.813899993896484,-0.34635779857635496,-0.3360786199569702,1.6306028366088867,-0.2693971633911132
56.84700131416321,-0.34635779857635496,-0.3360786199569702,1.6306028366088867,-0.2693971633911132
56.88019824028015,-0.34635779857635496,-0.3360786199569702,1.6306028366088867,-0.2693971633911132
56.91341018676758,-0.34635779857635496,-0.3360786199569702,1.6306028366088867,-0.2693971633911132
56.94618320465088,-0.34635779857635496,-0.3360786199569702,1.6306028366088867,-0.2693971633911132
56.97944688796997,-0.34635779857635496,-0.3360786199569702,1.6306028366088867,-0.2693971633911132
57.012287855148315,-0.34635779857635496,-0.3360786199569702,1.6306028366088867,-0.2693971633911132
57.04519987106323,-0.34635779857635496,-0.3360786199569702,1.6306028366088867,-0.2693971633911132
57.07820725440979,-0.34635779857635496,-0.3360786199569702,1.6306028366088867,-0.2693971633911132
57.11121153831482,-0.34635779857635496,-0.3360786199569702,1.6306028366088867,-0.2693971633911132
57.14414143562317,-0.34635779857635496,-0.3360786199569702,1.6306028366088867,-0.2693971633911132
57.177194118499756,-0.34635779857635496,-0.3360786199569702,1.6306028366088867,-0.2693971633911132
57.210296630859375,-0.34635779857635496,-0.3360786199569702,1.6306028366088867,-0.2693971633911132
57.24306917190552,-0.34635779857635496,-0.3360786199569702,1.6306028366088867,-0.2693971633911132
57.27616095542908,-0.34635779857635496,-0.3360786199569702,1.6306028366088867,-0.2693971633911132
57.309314012527466,-0.34635779857635496,-0.3360786199569702,1.6306028366088867,-0.2693971633911132
57.34227967262268,-0.34635779857635496,-0.3360786199569702,1.6306028366088867,-0.2693971633911132
57.37493133544922,-0.34635779857635496,-0.3360786199569702,1.6306028366088867,-0.2693971633911132
57.40795350074768,-0.34635779857635496,-0.3360786199569702,1.6306028366088867,-0.2693971633911132
57.44123864173889,-0.34635779857635496,-0.3360786199569702,1.6306028366088867,-0.2693971633911132
57.47376465797424,-0.34635779857635496,-0.3360786199569702,1.6306028366088867,-0.2693971633911132
57.50681257247925,-0.34635779857635496,-0.3360786199569702,1.6306028366088867,-0.2693971633911132
57.53975868225098,-0.34635779857635496,-0.3360786199569702,1.6306028366088867,-0.2693971633911132
57.57318687438965,-0.34635779857635496,-0.3360786199569702,1.6306028366088867,-0.2693971633911132
57.60613417625427,-0.34635779857635496,-0.3360786199569702,1.6306028366088867,-0.2693971633911132
57.63904619216919,-0.34635779857635496,-0.3360786199569702,1.6306028366088867,-0.2693971633911132
57.672420024871826,-0.34635779857635496,-0.3360786199569702,1.6306028366088867,-0.2693971633911132
57.705142974853516,-0.34635779857635496,-0.3360786199569702,1.6306028366088867,-0.2693971633911132
57.738181591033936,-0.34635779857635496,-0.3360786199569702,1.6306028366088867,-0.2693971633911132
57.77145195007324,-0.34635779857635496,-0.3360786199569702,1.6306028366088867,-0.2693971633911132
57.804492473602295,-0.34635779857635496,-0.3360786199569702,1.6306028366088867,-0.2693971633911132
57.83701205253601,-0.34635779857635496,-0.3360786199569702,1.6306028366088867,-0.2693971633911132
57.87018632888794,-0.34635779857635496,-0.3360786199569702,1.6306028366088867,-0.2693971633911132
57.90280079841614,-0.34635779857635496,-0.3360786199569702,1.6306028366088867,-0.2693971633911132
57.9358172416687,-0.34635779857635496,-0.3360786199569702,1.6306028366088867,-0.2693971633911132
57.96890306472778,-0.34635779857635496,-0.3360786199569702,1.6306028366088867,-0.2693971633911132
58.00179696083069,-0.34635779857635496,-0.3360786199569702,1.6306028366088867,-0.2693971633911132
58.03509068489075,-0.34635779857635496,-0.3360786199569702,1.6306028366088867,-0.2693971633911132
58.068142890930176,-0.34635779857635496,-0.3360786199569702,1.6306028366088867,-0.2693971633911132
58.1013925075531,-0.34635779857635496,-0.3360786199569702,1.6306028366088867,-0.2693971633911132
58.13403272628784,-0.34635779857635496,-0.3360786199569702,1.6306028366088867,-0.2693971633911132
58.167048931121826,-0.34635779857635496,-0.3360786199569702,1.6306028366088867,-0.2693971633911132
58.20072603225708,-0.34635779857635496,-0.3360786199569702,1.6306028366088867,-0.2693971633911132
58.23283314704895,-0.34635779857635496,-0.3360786199569702,1.6306028366088867,-0.2693971633911132
58.26581406593323,-0.34635779857635496,-0.3360786199569702,1.6306028366088867,-0.2693971633911132
58.298874616622925,-0.34635779857635496,-0.3360786199569702,1.6306028366088867,-0.2693971633911132
58.331827878952026,-0.34635779857635496,-0.3360786199569702,1.6306028366088867,-0.2693971633911132
58.36488699913025,-0.34635779857635496,-0.3360786199569702,1.6306028366088867,-0.2693971633911132
58.398505449295044,-0.34635779857635496,-0.3360786199569702,1.6306028366088867,-0.2693971633911132
58.43119025230408,-0.34635779857635496,-0.3360786199569702,1.6306028366088867,-0.2693971633911132
58.46414566040039,-0.34635779857635496,-0.3360786199569702,1.6306028366088867,-0.2693971633911132
58.49700164794922,-0.34635779857635496,-0.3360786199569702,1.6306028366088867,-0.2693971633911132
58.530322790145874,-0.34635779857635496,-0.3360786199569702,1.6306028366088867,-0.2693971633911132
58.56344652175903,-0.34635779857635496,-0.3360786199569702,1.6306028366088867,-0.2693971633911132
58.596134424209595,-0.34635779857635496,-0.3360786199569702,1.6306028366088867,-0.2693971633911132
58.62905550003052,-0.34635779857635496,-0.3360786199569702,1.6306028366088867,-0.2693971633911132
58.66178321838379,-0.34635779857635496,-0.3360786199569702,1.6306028366088867,-0.2693971633911132
58.69517946243286,-0.34635779857635496,-0.3360786199569702,1.6306028366088867,-0.2693971633911132
58.728068828582764,-0.34635779857635496,-0.3360786199569702,1.6306028366088867,-0.2693971633911132
58.76084923744202,-0.34635779857635496,-0.3360786199569702,1.6306028366088867,-0.2693971633911132
58.794219732284546,-0.34635779857635496,-0.3360786199569702,1.6306028366088867,-0.2693971633911132
58.826900005340576,-0.34635779857635496,-0.3360786199569702,1.6306028366088867,-0.2693971633911132
58.85994577407837,-0.34635779857635496,-0.3360786199569702,1.6306028366088867,-0.2693971633911132
58.893332719802856,-0.34635779857635496,-0.3360786199569702,1.6306028366088867,-0.2693971633911132
58.92621898651123,-0.34635779857635496,-0.3360786199569702,1.6306028366088867,-0.2693971633911132
58.959057331085205,-0.34635779857635496,-0.3360786199569702,1.6306028366088867,-0.2693971633911132
58.99251580238342,-0.34635779857635496,-0.3360786199569702,1.6306028366088867,-0.2693971633911132
59.0254852771759,-0.34635779857635496,-0.3360786199569702,1.6306028366088867,-0.2693971633911132
59.05823993682861,-0.34635779857635496,-0.3360786199569702,1.6306028366088867,-0.2693971633911132
59.0911123752594,-0.34635779857635496,-0.3360786199569702,1.6306028366088867,-0.2693971633911132
59.12421154975891,-0.34635779857635496,-0.3360786199569702,1.6306028366088867,-0.2693971633911132
59.15716195106506,-0.34635779857635496,-0.3360786199569702,1.6306028366088867,-0.2693971633911132
59.190019369125366,-0.34635779857635496,-0.3360786199569702,1.6306028366088867,-0.2693971633911132
59.22315549850464,-0.34635779857635496,-0.3360786199569702,1.6306028366088867,-0.2693971633911132
59.2558708190918,-0.34635779857635496,-0.3360786199569702,1.6306028366088867,-0.2693971633911132
59.28946781158447,-0.34635779857635496,-0.3360786199569702,1.6306028366088867,-0.2693971633911132
59.32207179069519,-0.34635779857635496,-0.3360786199569702,1.6306028366088867,-0.2693971633911132
59.35524535179138,-0.34635779857635496,-0.3360786199569702,1.6306028366088867,-0.2693971633911132
59.38835835456848,-0.34635779857635496,-0.3360786199569702,1.6306028366088867,-0.2693971633911132
59.42086124420166,-0.34635779857635496,-0.3360786199569702,1.6306028366088867,-0.2693971633911132
59.453876972198486,-0.34635779857635496,-0.3360786199569702,1.6306028366088867,-0.2693971633911132
59.48686337471008,-0.34635779857635496,-0.3360786199569702,1.6306028366088867,-0.2693971633911132
59.51982092857361,-0.34635779857635496,-0.3360786199569702,1.6306028366088867,-0.2693971633911132
59.552844762802124,-0.34635779857635496,-0.3360786199569702,1.6306028366088867,-0.2693971633911132
59.58573317527771,-0.34635779857635496,-0.3360786199569702,1.6306028366088867,-0.2693971633911132
59.61880087852478,-0.34635779857635496,-0.3360786199569702,1.6306028366088867,-0.2693971633911132
59.65176963806152,-0.34635779857635496,-0.3360786199569702,1.6306028366088867,-0.2693971633911132
59.68478584289551,-0.34635779857635496,-0.3360786199569702,1.6306028366088867,-0.2693971633911132
59.71765494346619,-0.34635779857635496,-0.3360786199569702,1.6306028366088867,-0.2693971633911132
59.75093984603882,-0.34635779857635496,-0.3360786199569702,1.6306028366088867,-0.2693971633911132
59.78382611274719,-0.34635779857635496,-0.3360786199569702,1.6306028366088867,-0.2693971633911132
59.81684446334839,-0.34635779857635496,-0.3360786199569702,1.6306028366088867,-0.2693971633911132
59.849783182144165,-0.34635779857635496,-0.3360786199569702,1.6306028366088867,-0.2693971633911132
59.882797718048096,-0.34635779857635496,-0.3360786199569702,1.6306028366088867,-0.2693971633911132
59.91580104827881,-0.34635779857635496,-0.3360786199569702,1.6306028366088867,-0.2693971633911132
59.948769330978394,-0.34635779857635496,-0.3360786199569702,1.6306028366088867,-0.2693971633911132
59.98181891441345,-0.34635779857635496,-0.3360786199569702,1.6306028366088867,-0.2693971633911132
60.01486158370972,-0.34635779857635496,-0.3360786199569702,1.6306028366088867,-0.2693971633911132
60.04768204689026,-0.34635779857635496,-0.3360786199569702,1.6306028366088867,-0.2693971633911132
60.08100175857544,-0.34635779857635496,-0.3360786199569702,1.6306028366088867,-0.2693971633911132
60.114025831222534,-0.34635779857635496,-0.3360786199569702,1.6306028366088867,-0.2693971633911132
60.146891355514526,-0.34635779857635496,-0.3360786199569702,1.6306028366088867,-0.2693971633911132
60.179765701293945,-0.34635779857635496,-0.3360786199569702,1.6306028366088867,-0.2693971633911132
60.21286654472351,-0.34635779857635496,-0.3360786199569702,1.6306028366088867,-0.2693971633911132
60.24582767486572,-0.34635779857635496,-0.3360786199569702,1.6306028366088867,-0.2693971633911132
60.27895665168762,-0.34635779857635496,-0.3360786199569702,1.6306028366088867,-0.2693971633911132
60.31189799308777,-0.34635779857635496,-0.3360786199569702,1.6306028366088867,-0.2693971633911132
60.34474039077759,-0.34635779857635496,-0.3360786199569702,1.6306028366088867,-0.2693971633911132
60.37794756889343,-0.34635779857635496,-0.3360786199569702,1.6306028366088867,-0.2693971633911132
60.41086554527283,-0.34635779857635496,-0.3360786199569702,1.6306028366088867,-0.2693971633911132
60.44383525848389,-0.34635779857635496,-0.3360786199569702,1.6306028366088867,-0.2693971633911132
60.47681641578674,-0.34635779857635496,-0.3360786199569702,1.6306028366088867,-0.2693971633911132
60.509931564331055,-0.34635779857635496,-0.3360786199569702,1.6306028366088867,-0.2693971633911132
60.542760372161865,-0.34635779857635496,-0.3360786199569702,1.6306028366088867,-0.2693971633911132
60.57601618766785,-0.34635779857635496,-0.3360786199569702,1.6306028366088867,-0.2693971633911132
60.608826875686646,-0.34635779857635496,-0.3360786199569702,1.6306028366088867,-0.2693971633911132
60.64182758331299,-0.34635779857635496,-0.3360786199569702,1.6306028366088867,-0.2693971633911132
60.67474699020386,-0.34635779857635496,-0.3360786199569702,1.6306028366088867,-0.2693971633911132
60.707815647125244,-0.34635779857635496,-0.3360786199569702,1.6306028366088867,-0.2693971633911132
60.740811824798584,-0.34635779857635496,-0.3360786199569702,1.6306028366088867,-0.2693971633911132
60.773823261260986,-0.34635779857635496,-0.3360786199569702,1.6306028366088867,-0.2693971633911132
60.8067741394043,-0.34635779857635496,-0.3360786199569702,1.6306028366088867,-0.2693971633911132
60.83982706069946,-0.34635779857635496,-0.3360786199569702,1.6306028366088867,-0.2693971633911132
60.8727490901947,-0.34635779857635496,-0.3360786199569702,1.6306028366088867,-0.2693971633911132
60.90592074394226,-0.34635779857635496,-0.3360786199569702,1.6306028366088867,-0.2693971633911132
60.938684701919556,-0.34635779857635496,-0.3360786199569702,1.6306028366088867,-0.2693971633911132
60.97169303894043,-0.34635779857635496,-0.3360786199569702,1.6306028366088867,-0.2693971633911132
61.004711627960205,-0.34635779857635496,-0.3360786199569702,1.6306028366088867,-0.2693971633911132
61.037861585617065,-0.34635779857635496,-0.3360786199569702,1.6306028366088867,-0.2693971633911132
61.070754289627075,-0.34635779857635496,-0.3360786199569702,1.6306028366088867,-0.2693971633911132
61.10385847091675,-0.34635779857635496,-0.3360786199569702,1.6306028366088867,-0.2693971633911132
61.13681745529175,-0.34635779857635496,-0.3360786199569702,1.6306028366088867,-0.2693971633911132
61.16995692253113,-0.34635779857635496,-0.3360786199569702,1.6306028366088867,-0.2693971633911132
61.20271277427673,-0.34635779857635496,-0.3360786199569702,1.6306028366088867,-0.2693971633911132
61.235833168029785,-0.34635779857635496,-0.3360786199569702,1.6306028366088867,-0.2693971633911132
61.268861532211304,-0.34635779857635496,-0.3360786199569702,1.6306028366088867,-0.2693971633911132
61.30214762687683,-0.34635779857635496,-0.3360786199569702,1.6306028366088867,-0.2693971633911132
61.335081577301025,-0.34635779857635496,-0.3360786199569702,1.6306028366088867,-0.2693971633911132
61.36781692504883,-0.34635779857635496,-0.3360786199569702,1.6306028366088867,-0.2693971633911132
61.400766134262085,-0.34635779857635496,-0.3360786199569702,1.6306028366088867,-0.2693971633911132
61.43394160270691,-0.34635779857635496,-0.3360786199569702,1.6306028366088867,-0.2693971633911132
61.46701431274414,-0.34635779857635496,-0.3360786199569702,1.6306028366088867,-0.2693971633911132
61.4997398853302,-0.34635779857635496,-0.3360786199569702,1.6306028366088867,-0.2693971633911132
61.532920837402344,-0.34635779857635496,-0.3360786199569702,1.6306028366088867,-0.2693971633911132
61.56595802307129,-0.34635779857635496,-0.3360786199569702,1.6306028366088867,-0.2693971633911132
61.59885358810425,-0.34635779857635496,-0.3360786199569702,1.6306028366088867,-0.2693971633911132
61.63188195228577,-0.34635779857635496,-0.3360786199569702,1.6306028366088867,-0.2693971633911132
61.664889335632324,-0.34635779857635496,-0.3360786199569702,1.6306028366088867,-0.2693971633911132
61.69798707962036,-0.34635779857635496,-0.3360786199569702,1.6306028366088867,-0.2693971633911132
61.730974197387695,-0.34635779857635496,-0.3360786199569702,1.6306028366088867,-0.2693971633911132
61.76388382911682,-0.34635779857635496,-0.3360786199569702,1.6306028366088867,-0.2693971633911132
61.79682159423828,-0.34635779857635496,-0.3360786199569702,1.6306028366088867,-0.2693971633911132
61.830100536346436,-0.34635779857635496,-0.3360786199569702,1.6306028366088867,-0.2693971633911132
61.86285638809204,-0.34635779857635496,-0.3360786199569702,1.6306028366088867,-0.2693971633911132
61.896145820617676,-0.34635779857635496,-0.3360786199569702,1.6306028366088867,-0.2693971633911132
61.92884421348572,-0.34635779857635496,-0.3360786199569702,1.6306028366088867,-0.2693971633911132
61.96184802055359,-0.34635779857635496,-0.3360786199569702,1.6306028366088867,-0.2693971633911132
61.99476337432861,-0.34635779857635496,-0.3360786199569702,1.6306028366088867,-0.2693971633911132
62.02798056602478,-0.34635779857635496,-0.3360786199569702,1.6306028366088867,-0.2693971633911132
62.060866355895996,-0.34635779857635496,-0.3360786199569702,1.6306028366088867,-0.2693971633911132
62.09394383430481,-0.34635779857635496,-0.3360786199569702,1.6306028366088867,-0.2693971633911132
62.12684965133667,-0.34635779857635496,-0.3360786199569702,1.6306028366088867,-0.2693971633911132
62.1605339050293,-0.34635779857635496,-0.3360786199569702,1.6306028366088867,-0.2693971633911132
62.19277811050415,-0.34635779857635496,-0.3360786199569702,1.6306028366088867,-0.2693971633911132
62.225810050964355,-0.34635779857635496,-0.3360786199569702,1.6306028366088867,-0.2693971633911132
62.25888752937317,-0.34635779857635496,-0.3360786199569702,1.6306028366088867,-0.2693971633911132
62.291847705841064,-0.34635779857635496,-0.3360786199569702,1.6306028366088867,-0.2693971633911132
62.3247709274292,-0.34635779857635496,-0.3360786199569702,1.6306028366088867,-0.2693971633911132
62.357789754867554,-0.34635779857635496,-0.3360786199569702,1.6306028366088867,-0.2693971633911132
62.39087390899658,-0.34635779857635496,-0.3360786199569702,1.6306028366088867,-0.2693971633911132
62.42396020889282,-0.34635779857635496,-0.3360786199569702,1.6306028366088867,-0.2693971633911132
62.45678663253784,-0.34635779857635496,-0.3360786199569702,1.6306028366088867,-0.2693971633911132
62.48992371559143,-0.34635779857635496,-0.3360786199569702,1.6306028366088867,-0.2693971633911132
62.52283573150635,-0.34635779857635496,-0.3360786199569702,1.6306028366088867,-0.2693971633911132
62.55591940879822,-0.34635779857635496,-0.3360786199569702,1.6306028366088867,-0.2693971633911132
62.58879041671753,-0.34635779857635496,-0.3360786199569702,1.6306028366088867,-0.2693971633911132
62.62179183959961,-0.34635779857635496,-0.3360786199569702,1.6306028366088867,-0.2693971633911132
62.65486192703247,-0.34635779857635496,-0.3360786199569702,1.6306028366088867,-0.2693971633911132
62.687973737716675,-0.34635779857635496,-0.3360786199569702,1.6306028366088867,-0.2693971633911132
62.72076630592346,-0.34635779857635496,-0.3360786199569702,1.6306028366088867,-0.2693971633911132
62.753759145736694,-0.34635779857635496,-0.3360786199569702,1.6306028366088867,-0.2693971633911132
62.787596464157104,-0.34635779857635496,-0.3360786199569702,1.6306028366088867,-0.2693971633911132
62.82093834877014,-0.34635779857635496,-0.3360786199569702,1.6306028366088867,-0.2693971633911132
62.85338592529297,-0.34635779857635496,-0.3360786199569702,1.6306028366088867,-0.2693971633911132
62.88674855232239,-0.34635779857635496,-0.3360786199569702,1.6306028366088867,-0.2693971633911132
62.91934370994568,-0.34635779857635496,-0.3360786199569702,1.6306028366088867,-0.2693971633911132
62.95224165916443,-0.34635779857635496,-0.3360786199569702,1.6306028366088867,-0.2693971633911132
62.98510408401489,-0.34635779857635496,-0.3360786199569702,1.6306028366088867,-0.2693971633911132
63.01819324493408,-0.34635779857635496,-0.3360786199569702,1.6306028366088867,-0.2693971633911132
63.05128026008606,-0.34635779857635496,-0.3360786199569702,1.6306028366088867,-0.2693971633911132
63.0839958190918,-0.34635779857635496,-0.3360786199569702,1.6306028366088867,-0.2693971633911132
63.11724400520325,-0.34635779857635496,-0.3360786199569702,1.6306028366088867,-0.2693971633911132
63.15034365653992,-0.34635779857635496,-0.3360786199569702,1.6306028366088867,-0.2693971633911132
63.18313193321228,-0.34635779857635496,-0.3360786199569702,1.6306028366088867,-0.2693971633911132
63.215758323669434,-0.34635779857635496,-0.3360786199569702,1.6306028366088867,-0.2693971633911132
63.24967408180237,-0.34635779857635496,-0.3360786199569702,1.6306028366088867,-0.2693971633911132
63.28212881088257,-0.34635779857635496,-0.3360786199569702,1.6306028366088867,-0.2693971633911132
63.315382957458496,-0.34635779857635496,-0.3360786199569702,1.6306028366088867,-0.2693971633911132
63.34809970855713,-0.34635779857635496,-0.3360786199569702,1.6306028366088867,-0.2693971633911132
63.381072759628296,-0.34635779857635496,-0.3360786199569702,1.6306028366088867,-0.2693971633911132
63.41423988342285,-0.34635779857635496,-0.3360786199569702,1.6306028366088867,-0.2693971633911132
63.44673705101013,-0.34635779857635496,-0.3360786199569702,1.6306028366088867,-0.2693971633911132
63.47989106178284,-0.34635779857635496,-0.3360786199569702,1.6306028366088867,-0.2693971633911132
63.51295185089111,-0.34635779857635496,-0.3360786199569702,1.6306028366088867,-0.2693971633911132
63.546003103256226,-0.34635779857635496,-0.3360786199569702,1.6306028366088867,-0.2693971633911132
63.5787034034729,-0.34635779857635496,-0.3360786199569702,1.6306028366088867,-0.2693971633911132
63.61202931404114,-0.34635779857635496,-0.3360786199569702,1.6306028366088867,-0.2693971633911132
63.644742488861084,-0.34635779857635496,-0.3360786199569702,1.6306028366088867,-0.2693971633911132
63.67774510383606,-0.34635779857635496,-0.3360786199569702,1.6306028366088867,-0.2693971633911132
63.71077537536621,-0.34635779857635496,-0.3360786199569702,1.6306028366088867,-0.2693971633911132
63.74366474151611,-0.34635779857635496,-0.3360786199569702,1.6306028366088867,-0.2693971633911132
63.77723717689514,-0.34635779857635496,-0.3360786199569702,1.6306028366088867,-0.2693971633911132
63.81016802787781,-0.34635779857635496,-0.3360786199569702,1.6306028366088867,-0.2693971633911132
63.84274697303772,-0.34635779857635496,-0.3360786199569702,1.6306028366088867,-0.2693971633911132
63.87573552131653,-0.34635779857635496,-0.3360786199569702,1.6306028366088867,-0.2693971633911132
63.909024715423584,-0.34635779857635496,-0.3360786199569702,1.6306028366088867,-0.2693971633911132
63.94192433357239,-0.34635779857635496,-0.3360786199569702,1.6306028366088867,-0.2693971633911132
63.97524857521057,-0.34635779857635496,-0.3360786199569702,1.6306028366088867,-0.2693971633911132
64.00834345817566,-0.34635779857635496,-0.3360786199569702,1.6306028366088867,-0.2693971633911132
64.04085755348206,-0.34635779857635496,-0.3360786199569702,1.6306028366088867,-0.2693971633911132
64.07396626472473,-0.34635779857635496,-0.3360786199569702,1.6306028366088867,-0.2693971633911132
64.10692596435547,-0.34635779857635496,-0.3360786199569702,1.6306028366088867,-0.2693971633911132
64.1399474143982,-0.34635779857635496,-0.3360786199569702,1.6306028366088867,-0.2693971633911132
64.17324542999268,-0.34635779857635496,-0.3360786199569702,1.6306028366088867,-0.2693971633911132
64.20576667785645,-0.34635779857635496,-0.3360786199569702,1.6306028366088867,-0.2693971633911132
64.23892545700073,-0.34635779857635496,-0.3360786199569702,1.6306028366088867,-0.2693971633911132
64.27196097373962,-0.34635779857635496,-0.3360786199569702,1.6306028366088867,-0.2693971633911132
64.30478882789612,-0.34635779857635496,-0.3360786199569702,1.6306028366088867,-0.2693971633911132
64.3379499912262,-0.34635779857635496,-0.3360786199569702,1.6306028366088867,-0.2693971633911132
64.3709831237793,-0.34635779857635496,-0.3360786199569702,1.6306028366088867,-0.2693971633911132
64.40388941764832,-0.34635779857635496,-0.3360786199569702,1.6306028366088867,-0.2693971633911132
64.43713736534119,-0.34635779857635496,-0.3360786199569702,1.6306028366088867,-0.2693971633911132
64.4704167842865,-0.34635779857635496,-0.3360786199569702,1.6306028366088867,-0.2693971633911132
64.50353240966797,-0.34635779857635496,-0.3360786199569702,1.6306028366088867,-0.2693971633911132
64.53619647026062,-0.34635779857635496,-0.3360786199569702,1.6306028366088867,-0.2693971633911132
64.56915020942688,-0.34635779857635496,-0.3360786199569702,1.6306028366088867,-0.2693971633911132
64.6021876335144,-0.34635779857635496,-0.3360786199569702,1.6306028366088867,-0.2693971633911132
64.63513922691345,-0.34635779857635496,-0.3360786199569702,1.6306028366088867,-0.2693971633911132
64.66813611984253,-0.34635779857635496,-0.3360786199569702,1.6306028366088867,-0.2693971633911132
64.70080828666687,-0.34635779857635496,-0.3360786199569702,1.6306028366088867,-0.2693971633911132
64.73386287689209,-0.34635779857635496,-0.3360786199569702,1.6306028366088867,-0.2693971633911132
64.76718235015869,-0.34635779857635496,-0.3360786199569702,1.6306028366088867,-0.2693971633911132
64.799809217453,-0.34635779857635496,-0.3360786199569702,1.6306028366088867,-0.2693971633911132
64.8328595161438,-0.34635779857635496,-0.3360786199569702,1.6306028366088867,-0.2693971633911132
64.8662919998169,-0.34635779857635496,-0.3360786199569702,1.6306028366088867,-0.2693971633911132
64.89884495735168,-0.34635779857635496,-0.3360786199569702,1.6306028366088867,-0.2693971633911132
64.93181490898132,-0.34635779857635496,-0.3360786199569702,1.6306028366088867,-0.2693971633911132
64.96486806869507,-0.34635779857635496,-0.3360786199569702,1.6306028366088867,-0.2693971633911132
64.99785590171814,-0.34635779857635496,-0.3360786199569702,1.6306028366088867,-0.2693971633911132
65.0309693813324,-0.34635779857635496,-0.3360786199569702,1.6306028366088867,-0.2693971633911132
65.0637218952179,-0.34635779857635496,-0.3360786199569702,1.6306028366088867,-0.2693971633911132
65.09688830375671,-0.34635779857635496,-0.3360786199569702,1.6306028366088867,-0.2693971633911132
65.1299319267273,-0.34635779857635496,-0.3360786199569702,1.6306028366088867,-0.2693971633911132
65.16285586357117,-0.34635779857635496,-0.3360786199569702,1.6306028366088867,-0.2693971633911132
65.1957278251648,-0.34635779857635496,-0.3360786199569702,1.6306028366088867,-0.2693971633911132
65.22905850410461,-0.34635779857635496,-0.3360786199569702,1.6306028366088867,-0.2693971633911132
65.26183843612671,-0.34635779857635496,-0.3360786199569702,1.6306028366088867,-0.2693971633911132
65.29489302635193,-0.34635779857635496,-0.3360786199569702,1.6306028366088867,-0.2693971633911132
65.3279218673706,-0.34635779857635496,-0.3360786199569702,1.6306028366088867,-0.2693971633911132
65.36095476150513,-0.34635779857635496,-0.3360786199569702,1.6306028366088867,-0.2693971633911132
65.3939368724823,-0.34635779857635496,-0.3360786199569702,1.6306028366088867,-0.2693971633911132
65.42698431015015,-0.34635779857635496,-0.3360786199569702,1.6306028366088867,-0.2693971633911132
65.45976424217224,-0.34635779857635496,-0.3360786199569702,1.6306028366088867,-0.2693971633911132
65.49298524856567,-0.34635779857635496,-0.3360786199569702,1.6306028366088867,-0.2693971633911132
65.52635407447815,-0.34635779857635496,-0.3360786199569702,1.6306028366088867,-0.2693971633911132
65.55907440185547,-0.34635779857635496,-0.3360786199569702,1.6306028366088867,-0.2693971633911132
65.59212684631348,-0.34635779857635496,-0.3360786199569702,1.6306028366088867,-0.2693971633911132
65.62517929077148,-0.34635779857635496,-0.3360786199569702,1.6306028366088867,-0.2693971633911132
65.65807747840881,-0.34635779857635496,-0.3360786199569702,1.6306028366088867,-0.2693971633911132
65.6908369064331,-0.34635779857635496,-0.3360786199569702,1.6306028366088867,-0.2693971633911132
65.72384119033813,-0.34635779857635496,-0.3360786199569702,1.6306028366088867,-0.2693971633911132
65.75690031051636,-0.34635779857635496,-0.3360786199569702,1.6306028366088867,-0.2693971633911132
65.78990745544434,-0.34635779857635496,-0.3360786199569702,1.6306028366088867,-0.2693971633911132
65.82286930084229,-0.34635779857635496,-0.3360786199569702,1.6306028366088867,-0.2693971633911132
65.85586929321289,-0.34635779857635496,-0.3360786199569702,1.6306028366088867,-0.2693971633911132
65.88894581794739,-0.34635779857635496,-0.3360786199569702,1.6306028366088867,-0.2693971633911132
65.92187881469727,-0.34635779857635496,-0.3360786199569702,1.6306028366088867,-0.2693971633911132
65.95494818687439,-0.34635779857635496,-0.3360786199569702,1.6306028366088867,-0.2693971633911132
65.98789882659912,-0.34635779857635496,-0.3360786199569702,1.6306028366088867,-0.2693971633911132
66.02078557014465,-0.34635779857635496,-0.3360786199569702,1.6306028366088867,-0.2693971633911132
66.0542380809784,-0.34635779857635496,-0.3360786199569702,1.6306028366088867,-0.2693971633911132
66.08711862564087,-0.34635779857635496,-0.3360786199569702,1.6306028366088867,-0.2693971633911132
66.12023758888245,-0.34635779857635496,-0.3360786199569702,1.6306028366088867,-0.2693971633911132
66.15313124656677,-0.34635779857635496,-0.3360786199569702,1.6306028366088867,-0.2693971633911132
66.18587136268616,-0.34635779857635496,-0.3360786199569702,1.6306028366088867,-0.2693971633911132
66.21876502037048,-0.34635779857635496,-0.3360786199569702,1.6306028366088867,-0.2693971633911132
66.25188994407654,-0.34635779857635496,-0.3360786199569702,1.6306028366088867,-0.2693971633911132
66.28485369682312,-0.34635779857635496,-0.3360786199569702,1.6306028366088867,-0.2693971633911132
66.31784701347351,-0.34635779857635496,-0.3360786199569702,1.6306028366088867,-0.2693971633911132
66.35099363327026,-0.34635779857635496,-0.3360786199569702,1.6306028366088867,-0.2693971633911132
66.38395667076111,-0.34635779857635496,-0.3360786199569702,1.6306028366088867,-0.2693971633911132
66.41686701774597,-0.34635779857635496,-0.3360786199569702,1.6306028366088867,-0.2693971633911132
66.44999027252197,-0.34635779857635496,-0.3360786199569702,1.6306028366088867,-0.2693971633911132
66.48288202285767,-0.34635779857635496,-0.3360786199569702,1.6306028366088867,-0.2693971633911132
66.51609396934509,-0.34635779857635496,-0.3360786199569702,1.6306028366088867,-0.2693971633911132
66.5489068031311,-0.34635779857635496,-0.3360786199569702,1.6306028366088867,-0.2693971633911132
66.582026720047,-0.34635779857635496,-0.3360786199569702,1.6306028366088867,-0.2693971633911132
66.61498594284058,-0.34635779857635496,-0.3360786199569702,1.6306028366088867,-0.2693971633911132
66.647873878479,-0.34635779857635496,-0.3360786199569702,1.6306028366088867,-0.2693971633911132
66.68120265007019,-0.34635779857635496,-0.3360786199569702,1.6306028366088867,-0.2693971633911132
66.7140781879425,-0.34635779857635496,-0.3360786199569702,1.6306028366088867,-0.2693971633911132
66.74683690071106,-0.34635779857635496,-0.3360786199569702,1.6306028366088867,-0.2693971633911132
66.7798056602478,-0.34635779857635496,-0.3360786199569702,1.6306028366088867,-0.2693971633911132
66.81296992301941,-0.34635779857635496,-0.3360786199569702,1.6306028366088867,-0.2693971633911132
66.84601902961731,-0.34635779857635496,-0.3360786199569702,1.6306028366088867,-0.2693971633911132
66.87881183624268,-0.34635779857635496,-0.3360786199569702,1.6306028366088867,-0.2693971633911132
66.91191101074219,-0.34635779857635496,-0.3360786199569702,1.6306028366088867,-0.2693971633911132
66.94507336616516,-0.34635779857635496,-0.3360786199569702,1.6306028366088867,-0.2693971633911132
66.97810316085815,-0.34635779857635496,-0.3360786199569702,1.6306028366088867,-0.2693971633911132
67.011066198349,-0.34635779857635496,-0.3360786199569702,1.6306028366088867,-0.2693971633911132
67.0438928604126,-0.34635779857635496,-0.3360786199569702,1.6306028366088867,-0.2693971633911132
67.0768940448761,-0.34635779857635496,-0.3360786199569702,1.6306028366088867,-0.2693971633911132
67.10984802246094,-0.34635779857635496,-0.3360786199569702,1.6306028366088867,-0.2693971633911132
67.14284229278564,-0.34635779857635496,-0.3360786199569702,1.6306028366088867,-0.2693971633911132
67.17599606513977,-0.34635779857635496,-0.3360786199569702,1.6306028366088867,-0.2693971633911132
67.20877623558044,-0.34635779857635496,-0.3360786199569702,1.6306028366088867,-0.2693971633911132
67.24179697036743,-0.34635779857635496,-0.3360786199569702,1.6306028366088867,-0.2693971633911132
67.27498149871826,-0.34635779857635496,-0.3360786199569702,1.6306028366088867,-0.2693971633911132
67.30788350105286,-0.34635779857635496,-0.3360786199569702,1.6306028366088867,-0.2693971633911132
67.34081959724426,-0.34635779857635496,-0.3360786199569702,1.6306028366088867,-0.2693971633911132
67.37379050254822,-0.34635779857635496,-0.3360786199569702,1.6306028366088867,-0.2693971633911132
67.4069287776947,-0.34635779857635496,-0.3360786199569702,1.6306028366088867,-0.2693971633911132
67.44008255004883,-0.34635779857635496,-0.3360786199569702,1.6306028366088867,-0.2693971633911132
67.47281694412231,-0.34635779857635496,-0.3360786199569702,1.6306028366088867,-0.2693971633911132
67.50582528114319,-0.34635779857635496,-0.3360786199569702,1.6306028366088867,-0.2693971633911132
67.5388514995575,-0.34635779857635496,-0.3360786199569702,1.6306028366088867,-0.2693971633911132
67.57204127311707,-0.34635779857635496,-0.3360786199569702,1.6306028366088867,-0.2693971633911132
67.60494780540466,-0.34635779857635496,-0.3360786199569702,1.6306028366088867,-0.2693971633911132
67.6378059387207,-0.34635779857635496,-0.3360786199569702,1.6306028366088867,-0.2693971633911132
67.67083883285522,-0.34635779857635496,-0.3360786199569702,1.6306028366088867,-0.2693971633911132
67.70396709442139,-0.34635779857635496,-0.3360786199569702,1.6306028366088867,-0.2693971633911132
67.73676252365112,-0.34635779857635496,-0.3360786199569702,1.6306028366088867,-0.2693971633911132
67.76987886428833,-0.34635779857635496,-0.3360786199569702,1.6306028366088867,-0.2693971633911132
67.80273008346558,-0.34635779857635496,-0.3360786199569702,1.6306028366088867,-0.2693971633911132
67.83590912818909,-0.34635779857635496,-0.3360786199569702,1.6306028366088867,-0.2693971633911132
67.86883807182312,-0.34635779857635496,-0.3360786199569702,1.6306028366088867,-0.2693971633911132
67.90176439285278,-0.34635779857635496,-0.3360786199569702,1.6306028366088867,-0.2693971633911132
67.93480515480042,-0.34635779857635496,-0.3360786199569702,1.6306028366088867,-0.2693971633911132
67.96795797348022,-0.34635779857635496,-0.3360786199569702,1.6306028366088867,-0.2693971633911132
68.00086283683777,-0.34635779857635496,-0.3360786199569702,1.6306028366088867,-0.2693971633911132
68.03389978408813,-0.34635779857635496,-0.3360786199569702,1.6306028366088867,-0.2693971633911132
68.06683015823364,-0.34635779857635496,-0.3360786199569702,1.6306028366088867,-0.2693971633911132
68.09976840019226,-0.34635779857635496,-0.3360786199569702,1.6306028366088867,-0.2693971633911132
68.13293194770813,-0.34635779857635496,-0.3360786199569702,1.6306028366088867,-0.2693971633911132
68.16585779190063,-0.34635779857635496,-0.3360786199569702,1.6306028366088867,-0.2693971633911132
68.19888997077942,-0.34635779857635496,-0.3360786199569702,1.6306028366088867,-0.2693971633911132
68.23180294036865,-0.34635779857635496,-0.3360786199569702,1.6306028366088867,-0.2693971633911132
68.26481938362122,-0.34635779857635496,-0.3360786199569702,1.6306028366088867,-0.2693971633911132
68.29780316352844,-0.34635779857635496,-0.3360786199569702,1.6306028366088867,-0.2693971633911132
68.33090138435364,-0.34635779857635496,-0.3360786199569702,1.6306028366088867,-0.2693971633911132
68.36397671699524,-0.34635779857635496,-0.3360786199569702,1.6306028366088867,-0.2693971633911132
68.39695763587952,-0.34635779857635496,-0.3360786199569702,1.6306028366088867,-0.2693971633911132
68.42993116378784,-0.34635779857635496,-0.3360786199569702,1.6306028366088867,-0.2693971633911132
68.46293425559998,-0.34635779857635496,-0.3360786199569702,1.6306028366088867,-0.2693971633911132
68.49601244926453,-0.34635779857635496,-0.3360786199569702,1.6306028366088867,-0.2693971633911132
68.52877902984619,-0.34635779857635496,-0.3360786199569702,1.6306028366088867,-0.2693971633911132
68.5619330406189,-0.34635779857635496,-0.3360786199569702,1.6306028366088867,-0.2693971633911132
68.59477186203003,-0.34635779857635496,-0.3360786199569702,1.6306028366088867,-0.2693971633911132
68.62772035598755,-0.34635779857635496,-0.3360786199569702,1.6306028366088867,-0.2693971633911132
68.6609513759613,-0.34635779857635496,-0.3360786199569702,1.6306028366088867,-0.2693971633911132
68.69398403167725,-0.34635779857635496,-0.3360786199569702,1.6306028366088867,-0.2693971633911132
68.7267427444458,-0.34635779857635496,-0.3360786199569702,1.6306028366088867,-0.2693971633911132
68.75977659225464,-0.34635779857635496,-0.3360786199569702,1.6306028366088867,-0.2693971633911132
68.79310989379883,-0.34635779857635496,-0.3360786199569702,1.6306028366088867,-0.2693971633911132
68.82611775398254,-0.34635779857635496,-0.3360786199569702,1.6306028366088867,-0.2693971633911132
68.85894846916199,-0.34635779857635496,-0.3360786199569702,1.6306028366088867,-0.2693971633911132
68.89199757575989,-0.34635779857635496,-0.3360786199569702,1.6306028366088867,-0.2693971633911132
68.924800157547,-0.34635779857635496,-0.3360786199569702,1.6306028366088867,-0.2693971633911132
68.95777535438538,-0.34635779857635496,-0.3360786199569702,1.6306028366088867,-0.2693971633911132
68.99080801010132,-0.34635779857635496,-0.3360786199569702,1.6306028366088867,-0.2693971633911132
69.02399253845215,-0.34635779857635496,-0.3360786199569702,1.6306028366088867,-0.2693971633911132
69.05680465698242,-0.34635779857635496,-0.3360786199569702,1.6306028366088867,-0.2693971633911132
69.0898859500885,-0.34635779857635496,-0.3360786199569702,1.6306028366088867,-0.2693971633911132
69.12293243408203,-0.34635779857635496,-0.3360786199569702,1.6306028366088867,-0.2693971633911132
69.15601992607117,-0.34635779857635496,-0.3360786199569702,1.6306028366088867,-0.2693971633911132
69.1889796257019,-0.34635779857635496,-0.3360786199569702,1.6306028366088867,-0.2693971633911132
69.22186541557312,-0.34635779857635496,-0.3360786199569702,1.6306028366088867,-0.2693971633911132
69.25493335723877,-0.34635779857635496,-0.3360786199569702,1.6306028366088867,-0.2693971633911132
69.28781366348267,-0.34635779857635496,-0.3360786199569702,1.6306028366088867,-0.2693971633911132
69.32092213630676,-0.34635779857635496,-0.3360786199569702,1.6306028366088867,-0.2693971633911132
69.35382342338562,-0.34635779857635496,-0.3360786199569702,1.6306028366088867,-0.2693971633911132
69.38707756996155,-0.34635779857635496,-0.3360786199569702,1.6306028366088867,-0.2693971633911132
69.42005014419556,-0.34635779857635496,-0.3360786199569702,1.6306028366088867,-0.2693971633911132
69.45289468765259,-0.34635779857635496,-0.3360786199569702,1.6306028366088867,-0.2693971633911132
69.48604917526245,-0.34635779857635496,-0.3360786199569702,1.6306028366088867,-0.2693971633911132
69.51894092559814,-0.34635779857635496,-0.3360786199569702,1.6306028366088867,-0.2693971633911132
69.55182838439941,-0.34635779857635496,-0.3360786199569702,1.6306028366088867,-0.2693971633911132
69.5847680568695,-0.34635779857635496,-0.3360786199569702,1.6306028366088867,-0.2693971633911132
69.61780524253845,-0.34635779857635496,-0.3360786199569702,1.6306028366088867,-0.2693971633911132
69.6508252620697,-0.34635779857635496,-0.3360786199569702,1.6306028366088867,-0.2693971633911132
69.68391036987305,-0.34635779857635496,-0.3360786199569702,1.6306028366088867,-0.2693971633911132
69.71699357032776,-0.34635779857635496,-0.3360786199569702,1.6306028366088867,-0.2693971633911132
69.74990749359131,-0.34635779857635496,-0.3360786199569702,1.6306028366088867,-0.2693971633911132
69.78292083740234,-0.34635779857635496,-0.3360786199569702,1.6306028366088867,-0.2693971633911132
69.81593012809753,-0.34635779857635496,-0.3360786199569702,1.6306028366088867,-0.2693971633911132
69.84890174865723,-0.34635779857635496,-0.3360786199569702,1.6306028366088867,-0.2693971633911132
69.88198614120483,-0.34635779857635496,-0.3360786199569702,1.6306028366088867,-0.2693971633911132
69.91496276855469,-0.34635779857635496,-0.3360786199569702,1.6306028366088867,-0.2693971633911132
69.94792795181274,-0.34635779857635496,-0.3360786199569702,1.6306028366088867,-0.2693971633911132
69.98091673851013,-0.34635779857635496,-0.3360786199569702,1.6306028366088867,-0.2693971633911132
70.01371622085571,-0.34635779857635496,-0.3360786199569702,1.6306028366088867,-0.2693971633911132
70.04683518409729,-0.34635779857635496,-0.3360786199569702,1.6306028366088867,-0.2693971633911132
70.08010625839233,-0.34635779857635496,-0.3360786199569702,1.6306028366088867,-0.2693971633911132
70.11305284500122,-0.34635779857635496,-0.3360786199569702,1.6306028366088867,-0.2693971633911132
70.1460223197937,-0.34635779857635496,-0.3360786199569702,1.6306028366088867,-0.2693971633911132
70.17899417877197,-0.34635779857635496,-0.3360786199569702,1.6306028366088867,-0.2693971633911132
70.21199655532837,-0.34635779857635496,-0.3360786199569702,1.6306028366088867,-0.2693971633911132
70.24499011039734,-0.34635779857635496,-0.3360786199569702,1.6306028366088867,-0.2693971633911132
70.27796936035156,-0.34635779857635496,-0.3360786199569702,1.6306028366088867,-0.2693971633911132
70.31091117858887,-0.34635779857635496,-0.3360786199569702,1.6306028366088867,-0.2693971633911132
70.34396481513977,-0.34635779857635496,-0.3360786199569702,1.6306028366088867,-0.2693971633911132
70.37689089775085,-0.34635779857635496,-0.3360786199569702,1.6306028366088867,-0.2693971633911132
70.40992736816406,-0.34635779857635496,-0.3360786199569702,1.6306028366088867,-0.2693971633911132
70.442711353302,-0.34635779857635496,-0.3360786199569702,1.6306028366088867,-0.2693971633911132
70.47597146034241,-0.34635779857635496,-0.3360786199569702,1.6306028366088867,-0.2693971633911132
70.50898146629333,-0.34635779857635496,-0.3360786199569702,1.6306028366088867,-0.2693971633911132
70.54197072982788,-0.34635779857635496,-0.3360786199569702,1.6306028366088867,-0.2693971633911132
70.57499432563782,-0.34635779857635496,-0.3360786199569702,1.6306028366088867,-0.2693971633911132
70.60799479484558,-0.34635779857635496,-0.3360786199569702,1.6306028366088867,-0.2693971633911132
70.64073514938354,-0.34635779857635496,-0.3360786199569702,1.6306028366088867,-0.2693971633911132
70.6739776134491,-0.34635779857635496,-0.3360786199569702,1.6306028366088867,-0.2693971633911132
70.7069308757782,-0.34635779857635496,-0.3360786199569702,1.6306028366088867,-0.2693971633911132
70.73994398117065,-0.34635779857635496,-0.3360786199569702,1.6306028366088867,-0.2693971633911132
70.77290678024292,-0.34635779857635496,-0.3360786199569702,1.6306028366088867,-0.2693971633911132
70.80599474906921,-0.34635779857635496,-0.3360786199569702,1.6306028366088867,-0.2693971633911132
70.83873701095581,-0.34635779857635496,-0.3360786199569702,1.6306028366088867,-0.2693971633911132
70.8716607093811,-0.34635779857635496,-0.3360786199569702,1.6306028366088867,-0.2693971633911132
70.90500044822693,-0.34635779857635496,-0.3360786199569702,1.6306028366088867,-0.2693971633911132
70.93778872489929,-0.34635779857635496,-0.3360786199569702,1.6306028366088867,-0.2693971633911132
70.9708662033081,-0.34635779857635496,-0.3360786199569702,1.6306028366088867,-0.2693971633911132
71.00399589538574,-0.34635779857635496,-0.3360786199569702,1.6306028366088867,-0.2693971633911132
71.03698325157166,-0.34635779857635496,-0.3360786199569702,1.6306028366088867,-0.2693971633911132
71.06978821754456,-0.34635779857635496,-0.3360786199569702,1.6306028366088867,-0.2693971633911132
71.10299587249756,-0.34635779857635496,-0.3360786199569702,1.6306028366088867,-0.2693971633911132
71.13596439361572,-0.34635779857635496,-0.3360786199569702,1.6306028366088867,-0.2693971633911132
71.16897058486938,-0.34635779857635496,-0.3360786199569702,1.6306028366088867,-0.2693971633911132
71.20179414749146,-0.34635779857635496,-0.3360786199569702,1.6306028366088867,-0.2693971633911132
71.23495888710022,-0.34635779857635496,-0.3360786199569702,1.6306028366088867,-0.2693971633911132
71.26791548728943,-0.34635779857635496,-0.3360786199569702,1.6306028366088867,-0.2693971633911132
71.30089354515076,-0.34635779857635496,-0.3360786199569702,1.6306028366088867,-0.2693971633911132
71.33395266532898,-0.34635779857635496,-0.3360786199569702,1.6306028366088867,-0.2693971633911132
71.36718988418579,-0.34635779857635496,-0.3360786199569702,1.6306028366088867,-0.2693971633911132
71.40020084381104,-0.34635779857635496,-0.3360786199569702,1.6306028366088867,-0.2693971633911132
71.43334126472473,-0.34635779857635496,-0.3360786199569702,1.6306028366088867,-0.2693971633911132
71.46611762046814,-0.34635779857635496,-0.3360786199569702,1.6306028366088867,-0.2693971633911132
71.49922060966492,-0.34635779857635496,-0.3360786199569702,1.6306028366088867,-0.2693971633911132
71.53179574012756,-0.34635779857635496,-0.3360786199569702,1.6306028366088867,-0.2693971633911132
71.56494355201721,-0.34635779857635496,-0.3360786199569702,1.6306028366088867,-0.2693971633911132
71.59791660308838,-0.34635779857635496,-0.3360786199569702,1.6306028366088867,-0.2693971633911132
71.63092684745789,-0.34635779857635496,-0.3360786199569702,1.6306028366088867,-0.2693971633911132
71.66373324394226,-0.34635779857635496,-0.3360786199569702,1.6306028366088867,-0.2693971633911132
71.69696116447449,-0.34635779857635496,-0.3360786199569702,1.6306028366088867,-0.2693971633911132
71.72984981536865,-0.34635779857635496,-0.3360786199569702,1.6306028366088867,-0.2693971633911132
71.76305055618286,-0.34635779857635496,-0.3360786199569702,1.6306028366088867,-0.2693971633911132
71.79601168632507,-0.34635779857635496,-0.3360786199569702,1.6306028366088867,-0.2693971633911132
71.82901883125305,-0.34635779857635496,-0.3360786199569702,1.6306028366088867,-0.2693971633911132
71.86195635795593,-0.34635779857635496,-0.3360786199569702,1.6306028366088867,-0.2693971633911132
71.89492583274841,-0.34635779857635496,-0.3360786199569702,1.6306028366088867,-0.2693971633911132
71.9279670715332,-0.34635779857635496,-0.3360786199569702,1.6306028366088867,-0.2693971633911132
71.96094942092896,-0.34635779857635496,-0.3360786199569702,1.6306028366088867,-0.2693971633911132
71.99400424957275,-0.34635779857635496,-0.3360786199569702,1.6306028366088867,-0.2693971633911132
72.02698230743408,-0.34635779857635496,-0.3360786199569702,1.6306028366088867,-0.2693971633911132
72.05998587608337,-0.34635779857635496,-0.3360786199569702,1.6306028366088867,-0.2693971633911132
72.09294152259827,-0.34635779857635496,-0.3360786199569702,1.6306028366088867,-0.2693971633911132
72.12599563598633,-0.34635779857635496,-0.3360786199569702,1.6306028366088867,-0.2693971633911132
72.15894556045532,-0.34635779857635496,-0.3360786199569702,1.6306028366088867,-0.2693971633911132
72.1920166015625,-0.34635779857635496,-0.3360786199569702,1.6306028366088867,-0.2693971633911132
72.22492456436157,-0.34635779857635496,-0.3360786199569702,1.6306028366088867,-0.2693971633911132
72.25798606872559,-0.34635779857635496,-0.3360786199569702,1.6306028366088867,-0.2693971633911132
72.29097819328308,-0.34635779857635496,-0.3360786199569702,1.6306028366088867,-0.2693971633911132
72.32400941848755,-0.34635779857635496,-0.3360786199569702,1.6306028366088867,-0.2693971633911132
72.35698461532593,-0.34635779857635496,-0.3360786199569702,1.6306028366088867,-0.2693971633911132
72.39000678062439,-0.34635779857635496,-0.3360786199569702,1.6306028366088867,-0.2693971633911132
72.42288208007812,-0.34635779857635496,-0.3360786199569702,1.6306028366088867,-0.2693971633911132
72.45595645904541,-0.34635779857635496,-0.3360786199569702,1.6306028366088867,-0.2693971633911132
72.48889589309692,-0.34635779857635496,-0.3360786199569702,1.6306028366088867,-0.2693971633911132
72.52195644378662,-0.34635779857635496,-0.3360786199569702,1.6306028366088867,-0.2693971633911132
72.5547411441803,-0.34635779857635496,-0.3360786199569702,1.6306028366088867,-0.2693971633911132
72.5879898071289,-0.34635779857635496,-0.3360786199569702,1.6306028366088867,-0.2693971633911132
72.62099480628967,-0.34635779857635496,-0.3360786199569702,1.6306028366088867,-0.2693971633911132
72.65399193763733,-0.34635779857635496,-0.3360786199569702,1.6306028366088867,-0.2693971633911132
72.68697118759155,-0.34635779857635496,-0.3360786199569702,1.6306028366088867,-0.2693971633911132
72.71997380256653,-0.34635779857635496,-0.3360786199569702,1.6306028366088867,-0.2693971633911132
72.75296235084534,-0.34635779857635496,-0.3360786199569702,1.6306028366088867,-0.2693971633911132
72.78594946861267,-0.34635779857635496,-0.3360786199569702,1.6306028366088867,-0.2693971633911132
72.81892704963684,-0.34635779857635496,-0.3360786199569702,1.6306028366088867,-0.2693971633911132
72.85201454162598,-0.34635779857635496,-0.3360786199569702,1.6306028366088867,-0.2693971633911132
72.88493514060974,-0.34635779857635496,-0.3360786199569702,1.6306028366088867,-0.2693971633911132
72.91798496246338,-0.34635779857635496,-0.3360786199569702,1.6306028366088867,-0.2693971633911132
72.9509129524231,-0.34635779857635496,-0.3360786199569702,1.6306028366088867,-0.2693971633911132
72.98393630981445,-0.34635779857635496,-0.3360786199569702,1.6306028366088867,-0.2693971633911132
73.0169620513916,-0.34635779857635496,-0.3360786199569702,1.6306028366088867,-0.2693971633911132
73.04996943473816,-0.34635779857635496,-0.3360786199569702,1.6306028366088867,-0.2693971633911132
73.08287978172302,-0.34635779857635496,-0.3360786199569702,1.6306028366088867,-0.2693971633911132
73.11592841148376,-0.34635779857635496,-0.3360786199569702,1.6306028366088867,-0.2693971633911132
73.1489896774292,-0.34635779857635496,-0.3360786199569702,1.6306028366088867,-0.2693971633911132
73.18197107315063,-0.34635779857635496,-0.3360786199569702,1.6306028366088867,-0.2693971633911132
73.2147970199585,-0.34635779857635496,-0.3360786199569702,1.6306028366088867,-0.2693971633911132
73.24791860580444,-0.34635779857635496,-0.3360786199569702,1.6306028366088867,-0.2693971633911132
73.28091835975647,-0.34635779857635496,-0.3360786199569702,1.6306028366088867,-0.2693971633911132
73.31377840042114,-0.34635779857635496,-0.3360786199569702,1.6306028366088867,-0.2693971633911132
73.34692859649658,-0.34635779857635496,-0.3360786199569702,1.6306028366088867,-0.2693971633911132
73.37984085083008,-0.34635779857635496,-0.3360786199569702,1.6306028366088867,-0.2693971633911132
73.41296601295471,-0.34635779857635496,-0.3360786199569702,1.6306028366088867,-0.2693971633911132
73.44587755203247,-0.34635779857635496,-0.3360786199569702,1.6306028366088867,-0.2693971633911132
73.4790198802948,-0.34635779857635496,-0.3360786199569702,1.6306028366088867,-0.2693971633911132
73.5119903087616,-0.34635779857635496,-0.3360786199569702,1.6306028366088867,-0.2693971633911132
73.54500699043274,-0.34635779857635496,-0.3360786199569702,1.6306028366088867,-0.2693971633911132
73.57798957824707,-0.34635779857635496,-0.3360786199569702,1.6306028366088867,-0.2693971633911132
73.6109733581543,-0.34635779857635496,-0.3360786199569702,1.6306028366088867,-0.2693971633911132
73.64398097991943,-0.34635779857635496,-0.3360786199569702,1.6306028366088867,-0.2693971633911132
73.67700600624084,-0.34635779857635496,-0.3360786199569702,1.6306028366088867,-0.2693971633911132
73.71002840995789,-0.34635779857635496,-0.3360786199569702,1.6306028366088867,-0.2693971633911132
73.74277019500732,-0.34635779857635496,-0.3360786199569702,1.6306028366088867,-0.2693971633911132
73.77595591545105,-0.34635779857635496,-0.3360786199569702,1.6306028366088867,-0.2693971633911132
73.80904936790466,-0.34635779857635496,-0.3360786199569702,1.6306028366088867,-0.2693971633911132
73.84197282791138,-0.34635779857635496,-0.3360786199569702,1.6306028366088867,-0.2693971633911132
73.87493252754211,-0.34635779857635496,-0.3360786199569702,1.6306028366088867,-0.2693971633911132
73.907963514328,-0.34635779857635496,-0.3360786199569702,1.6306028366088867,-0.2693971633911132
73.94096183776855,-0.34635779857635496,-0.3360786199569702,1.6306028366088867,-0.2693971633911132
73.97403931617737,-0.34635779857635496,-0.3360786199569702,1.6306028366088867,-0.2693971633911132
74.0069670677185,-0.34635779857635496,-0.3360786199569702,1.6306028366088867,-0.2693971633911132
74.03988432884216,-0.34635779857635496,-0.3360786199569702,1.6306028366088867,-0.2693971633911132
74.07297015190125,-0.34635779857635496,-0.3360786199569702,1.6306028366088867,-0.2693971633911132
74.10597443580627,-0.34635779857635496,-0.3360786199569702,1.6306028366088867,-0.2693971633911132
74.13897562026978,-0.34635779857635496,-0.3360786199569702,1.6306028366088867,-0.2693971633911132
74.17191410064697,-0.34635779857635496,-0.3360786199569702,1.6306028366088867,-0.2693971633911132
74.20488619804382,-0.34635779857635496,-0.3360786199569702,1.6306028366088867,-0.2693971633911132
74.23797392845154,-0.34635779857635496,-0.3360786199569702,1.6306028366088867,-0.2693971633911132
74.27098512649536,-0.34635779857635496,-0.3360786199569702,1.6306028366088867,-0.2693971633911132
74.30396938323975,-0.34635779857635496,-0.3360786199569702,1.6306028366088867,-0.2693971633911132
74.33694195747375,-0.34635779857635496,-0.3360786199569702,1.6306028366088867,-0.2693971633911132
74.36995434761047,-0.34635779857635496,-0.3360786199569702,1.6306028366088867,-0.2693971633911132
74.40295839309692,-0.34635779857635496,-0.3360786199569702,1.6306028366088867,-0.2693971633911132
74.43598699569702,-0.34635779857635496,-0.3360786199569702,1.6306028366088867,-0.2693971633911132
74.46896982192993,-0.34635779857635496,-0.3360786199569702,1.6306028366088867,-0.2693971633911132
74.50190687179565,-0.34635779857635496,-0.3360786199569702,1.6306028366088867,-0.2693971633911132
74.53496432304382,-0.34635779857635496,-0.3360786199569702,1.6306028366088867,-0.2693971633911132
74.56812238693237,-0.34635779857635496,-0.3360786199569702,1.6306028366088867,-0.2693971633911132
74.6013286113739,-0.34635779857635496,-0.3360786199569702,1.6306028366088867,-0.2693971633911132
74.63429474830627,-0.34635779857635496,-0.3360786199569702,1.6306028366088867,-0.2693971633911132
74.66695094108582,-0.34635779857635496,-0.3360786199569702,1.6306028366088867,-0.2693971633911132
74.70000624656677,-0.34635779857635496,-0.3360786199569702,1.6306028366088867,-0.2693971633911132
74.73293399810791,-0.34635779857635496,-0.3360786199569702,1.6306028366088867,-0.2693971633911132
74.76592326164246,-0.34635779857635496,-0.3360786199569702,1.6306028366088867,-0.2693971633911132
74.79898428916931,-0.34635779857635496,-0.3360786199569702,1.6306028366088867,-0.2693971633911132
74.83193945884705,-0.34635779857635496,-0.3360786199569702,1.6306028366088867,-0.2693971633911132
74.8650472164154,-0.34635779857635496,-0.3360786199569702,1.6306028366088867,-0.2693971633911132
74.89787888526917,-0.34635779857635496,-0.3360786199569702,1.6306028366088867,-0.2693971633911132
74.93101215362549,-0.34635779857635496,-0.3360786199569702,1.6306028366088867,-0.2693971633911132
74.96381855010986,-0.34635779857635496,-0.3360786199569702,1.6306028366088867,-0.2693971633911132
74.99685597419739,-0.34635779857635496,-0.3360786199569702,1.6306028366088867,-0.2693971633911132
75.02990531921387,-0.34635779857635496,-0.3360786199569702,1.6306028366088867,-0.2693971633911132
75.06295132637024,-0.34635779857635496,-0.3360786199569702,1.6306028366088867,-0.2693971633911132
75.0957624912262,-0.34635779857635496,-0.3360786199569702,1.6306028366088867,-0.2693971633911132
75.12889313697815,-0.34635779857635496,-0.3360786199569702,1.6306028366088867,-0.2693971633911132
75.1618983745575,-0.34635779857635496,-0.3360786199569702,1.6306028366088867,-0.2693971633911132
75.1950147151947,-0.34635779857635496,-0.3360786199569702,1.6306028366088867,-0.2693971633911132
75.22793126106262,-0.34635779857635496,-0.3360786199569702,1.6306028366088867,-0.2693971633911132
75.2608573436737,-0.34635779857635496,-0.3360786199569702,1.6306028366088867,-0.2693971633911132
75.293936252594,-0.34635779857635496,-0.3360786199569702,1.6306028366088867,-0.2693971633911132
75.32724022865295,-0.34635779857635496,-0.3360786199569702,1.6306028366088867,-0.2693971633911132
75.36036825180054,-0.34635779857635496,-0.3360786199569702,1.6306028366088867,-0.2693971633911132
75.3933253288269,-0.34635779857635496,-0.3360786199569702,1.6306028366088867,-0.2693971633911132
75.42634749412537,-0.34635779857635496,-0.3360786199569702,1.6306028366088867,-0.2693971633911132
75.45875573158264,-0.34635779857635496,-0.3360786199569702,1.6306028366088867,-0.2693971633911132
75.4917209148407,-0.34635779857635496,-0.3360786199569702,1.6306028366088867,-0.2693971633911132
75.52491521835327,-0.34635779857635496,-0.3360786199569702,1.6306028366088867,-0.2693971633911132
75.55782294273376,-0.34635779857635496,-0.3360786199569702,1.6306028366088867,-0.2693971633911132
75.59092712402344,-0.34635779857635496,-0.3360786199569702,1.6306028366088867,-0.2693971633911132
75.62386965751648,-0.34635779857635496,-0.3360786199569702,1.6306028366088867,-0.2693971633911132
75.65695452690125,-0.34635779857635496,-0.3360786199569702,1.6306028366088867,-0.2693971633911132
75.68981790542603,-0.34635779857635496,-0.3360786199569702,1.6306028366088867,-0.2693971633911132
75.72278690338135,-0.34635779857635496,-0.3360786199569702,1.6306028366088867,-0.2693971633911132
75.75591444969177,-0.34635779857635496,-0.3360786199569702,1.6306028366088867,-0.2693971633911132
75.7889711856842,-0.34635779857635496,-0.3360786199569702,1.6306028366088867,-0.2693971633911132
75.82192778587341,-0.34635779857635496,-0.3360786199569702,1.6306028366088867,-0.2693971633911132
75.85493612289429,-0.34635779857635496,-0.3360786199569702,1.6306028366088867,-0.2693971633911132
75.88794493675232,-0.34635779857635496,-0.3360786199569702,1.6306028366088867,-0.2693971633911132
75.92097902297974,-0.34635779857635496,-0.3360786199569702,1.6306028366088867,-0.2693971633911132
75.95381093025208,-0.34635779857635496,-0.3360786199569702,1.6306028366088867,-0.2693971633911132
75.98685932159424,-0.34635779857635496,-0.3360786199569702,1.6306028366088867,-0.2693971633911132
76.01984786987305,-0.34635779857635496,-0.3360786199569702,1.6306028366088867,-0.2693971633911132
76.05283069610596,-0.34635779857635496,-0.3360786199569702,1.6306028366088867,-0.2693971633911132
76.08599281311035,-0.34635779857635496,-0.3360786199569702,1.6306028366088867,-0.2693971633911132
76.11891102790833,-0.34635779857635496,-0.3360786199569702,1.6306028366088867,-0.2693971633911132
76.15199851989746,-0.34635779857635496,-0.3360786199569702,1.6306028366088867,-0.2693971633911132
76.18493485450745,-0.34635779857635496,-0.3360786199569702,1.6306028366088867,-0.2693971633911132
76.21778869628906,-0.34635779857635496,-0.3360786199569702,1.6306028366088867,-0.2693971633911132
76.25075697898865,-0.34635779857635496,-0.3360786199569702,1.6306028366088867,-0.2693971633911132
76.28409028053284,-0.34635779857635496,-0.3360786199569702,1.6306028366088867,-0.2693971633911132
76.31750345230103,-0.34635779857635496,-0.3360786199569702,1.6306028366088867,-0.2693971633911132
76.35062789916992,-0.34635779857635496,-0.3360786199569702,1.6306028366088867,-0.2693971633911132
76.38276982307434,-0.34635779857635496,-0.3360786199569702,1.6306028366088867,-0.2693971633911132
76.41688752174377,-0.34635779857635496,-0.3360786199569702,1.6306028366088867,-0.2693971633911132
76.4496488571167,-0.34635779857635496,-0.3360786199569702,1.6306028366088867,-0.2693971633911132
76.48224425315857,-0.34635779857635496,-0.3360786199569702,1.6306028366088867,-0.2693971633911132
76.51561379432678,-0.34635779857635496,-0.3360786199569702,1.6306028366088867,-0.2693971633911132
76.5478298664093,-0.34635779857635496,-0.3360786199569702,1.6306028366088867,-0.2693971633911132
76.58096385002136,-0.34635779857635496,-0.3360786199569702,1.6306028366088867,-0.2693971633911132
76.61379885673523,-0.34635779857635496,-0.3360786199569702,1.6306028366088867,-0.2693971633911132
76.64678502082825,-0.34635779857635496,-0.3360786199569702,1.6306028366088867,-0.2693971633911132
76.67988395690918,-0.34635779857635496,-0.3360786199569702,1.6306028366088867,-0.2693971633911132
76.71293544769287,-0.34635779857635496,-0.3360786199569702,1.6306028366088867,-0.2693971633911132
76.74615359306335,-0.34635779857635496,-0.3360786199569702,1.6306028366088867,-0.2693971633911132
76.7792067527771,-0.34635779857635496,-0.3360786199569702,1.6306028366088867,-0.2693971633911132
76.81183362007141,-0.34635779857635496,-0.3360786199569702,1.6306028366088867,-0.2693971633911132
76.84479427337646,-0.34635779857635496,-0.3360786199569702,1.6306028366088867,-0.2693971633911132
76.87782168388367,-0.34635779857635496,-0.3360786199569702,1.6306028366088867,-0.2693971633911132
76.91097712516785,-0.34635779857635496,-0.3360786199569702,1.6306028366088867,-0.2693971633911132
76.94402122497559,-0.34635779857635496,-0.3360786199569702,1.6306028366088867,-0.2693971633911132
76.97689032554626,-0.34635779857635496,-0.3360786199569702,1.6306028366088867,-0.2693971633911132
77.00983190536499,-0.34635779857635496,-0.3360786199569702,1.6306028366088867,-0.2693971633911132
77.0430064201355,-0.34635779857635496,-0.3360786199569702,1.6306028366088867,-0.2693971633911132
77.07597231864929,-0.34635779857635496,-0.3360786199569702,1.6306028366088867,-0.2693971633911132
77.10884642601013,-0.34635779857635496,-0.3360786199569702,1.6306028366088867,-0.2693971633911132
77.14201855659485,-0.34635779857635496,-0.3360786199569702,1.6306028366088867,-0.2693971633911132
77.17507863044739,-0.34635779857635496,-0.3360786199569702,1.6306028366088867,-0.2693971633911132
77.207937002182,-0.34635779857635496,-0.3360786199569702,1.6306028366088867,-0.2693971633911132
77.24082708358765,-0.34635779857635496,-0.3360786199569702,1.6306028366088867,-0.2693971633911132
77.27391695976257,-0.34635779857635496,-0.3360786199569702,1.6306028366088867,-0.2693971633911132
77.30696821212769,-0.34635779857635496,-0.3360786199569702,1.6306028366088867,-0.2693971633911132
77.33990716934204,-0.34635779857635496,-0.3360786199569702,1.6306028366088867,-0.2693971633911132
77.37292504310608,-0.34635779857635496,-0.3360786199569702,1.6306028366088867,-0.2693971633911132
77.40593838691711,-0.34635779857635496,-0.3360786199569702,1.6306028366088867,-0.2693971633911132
77.43898034095764,-0.34635779857635496,-0.3360786199569702,1.6306028366088867,-0.2693971633911132
77.47184896469116,-0.34635779857635496,-0.3360786199569702,1.6306028366088867,-0.2693971633911132
77.50502157211304,-0.34635779857635496,-0.3360786199569702,1.6306028366088867,-0.2693971633911132
77.53793263435364,-0.34635779857635496,-0.3360786199569702,1.6306028366088867,-0.2693971633911132
77.5714499950409,-0.34635779857635496,-0.3360786199569702,1.6306028366088867,-0.2693971633911132
77.6040461063385,-0.34635779857635496,-0.3360786199569702,1.6306028366088867,-0.2693971633911132
77.6369616985321,-0.34635779857635496,-0.3360786199569702,1.6306028366088867,-0.2693971633911132
77.67002391815186,-0.34635779857635496,-0.3360786199569702,1.6306028366088867,-0.2693971633911132
77.70294785499573,-0.34635779857635496,-0.3360786199569702,1.6306028366088867,-0.2693971633911132
77.73593544960022,-0.34635779857635496,-0.3360786199569702,1.6306028366088867,-0.2693971633911132
77.76889157295227,-0.34635779857635496,-0.3360786199569702,1.6306028366088867,-0.2693971633911132
77.80181884765625,-0.34635779857635496,-0.3360786199569702,1.6306028366088867,-0.2693971633911132
77.83483815193176,-0.34635779857635496,-0.3360786199569702,1.6306028366088867,-0.2693971633911132
77.86783409118652,-0.34635779857635496,-0.3360786199569702,1.6306028366088867,-0.2693971633911132
77.90094685554504,-0.34635779857635496,-0.3360786199569702,1.6306028366088867,-0.2693971633911132
77.93396401405334,-0.34635779857635496,-0.3360786199569702,1.6306028366088867,-0.2693971633911132
77.96697807312012,-0.34635779857635496,-0.3360786199569702,1.6306028366088867,-0.2693971633911132
78.0000433921814,-0.34635779857635496,-0.3360786199569702,1.6306028366088867,-0.2693971633911132
78.03279256820679,-0.34635779857635496,-0.3360786199569702,1.6306028366088867,-0.2693971633911132
78.06586742401123,-0.34635779857635496,-0.3360786199569702,1.6306028366088867,-0.2693971633911132
78.09901213645935,-0.34635779857635496,-0.3360786199569702,1.6306028366088867,-0.2693971633911132
78.13178849220276,-0.34635779857635496,-0.3360786199569702,1.6306028366088867,-0.2693971633911132
78.1650710105896,-0.34635779857635496,-0.3360786199569702,1.6306028366088867,-0.2693971633911132
78.19798302650452,-0.34635779857635496,-0.3360786199569702,1.6306028366088867,-0.2693971633911132
78.23100233078003,-0.34635779857635496,-0.3360786199569702,1.6306028366088867,-0.2693971633911132
78.2639729976654,-0.34635779857635496,-0.3360786199569702,1.6306028366088867,-0.2693971633911132
78.29699277877808,-0.34635779857635496,-0.3360786199569702,1.6306028366088867,-0.2693971633911132
78.32987260818481,-0.34635779857635496,-0.3360786199569702,1.6306028366088867,-0.2693971633911132
78.36327791213989,-0.34635779857635496,-0.3360786199569702,1.6306028366088867,-0.2693971633911132
78.39593815803528,-0.34635779857635496,-0.3360786199569702,1.6306028366088867,-0.2693971633911132
78.42894005775452,-0.34635779857635496,-0.3360786199569702,1.6306028366088867,-0.2693971633911132
78.4619767665863,-0.34635779857635496,-0.3360786199569702,1.6306028366088867,-0.2693971633911132
78.49499750137329,-0.34635779857635496,-0.3360786199569702,1.6306028366088867,-0.2693971633911132
78.52772951126099,-0.34635779857635496,-0.3360786199569702,1.6306028366088867,-0.2693971633911132
78.56073212623596,-0.34635779857635496,-0.3360786199569702,1.6306028366088867,-0.2693971633911132
78.59392309188843,-0.34635779857635496,-0.3360786199569702,1.6306028366088867,-0.2693971633911132
78.62695956230164,-0.34635779857635496,-0.3360786199569702,1.6306028366088867,-0.2693971633911132
78.6599268913269,-0.34635779857635496,-0.3360786199569702,1.6306028366088867,-0.2693971633911132
78.69295620918274,-0.34635779857635496,-0.3360786199569702,1.6306028366088867,-0.2693971633911132
78.72581696510315,-0.34635779857635496,-0.3360786199569702,1.6306028366088867,-0.2693971633911132
78.75858879089355,-0.34635779857635496,-0.3360786199569702,1.6306028366088867,-0.2693971633911132
78.79194664955139,-0.34635779857635496,-0.3360786199569702,1.6306028366088867,-0.2693971633911132
78.82479310035706,-0.34635779857635496,-0.3360786199569702,1.6306028366088867,-0.2693971633911132
78.85795950889587,-0.34635779857635496,-0.3360786199569702,1.6306028366088867,-0.2693971633911132
78.89096283912659,-0.34635779857635496,-0.3360786199569702,1.6306028366088867,-0.2693971633911132
78.92381644248962,-0.34635779857635496,-0.3360786199569702,1.6306028366088867,-0.2693971633911132
78.95680785179138,-0.34635779857635496,-0.3360786199569702,1.6306028366088867,-0.2693971633911132
78.99001383781433,-0.34635779857635496,-0.3360786199569702,1.6306028366088867,-0.2693971633911132
79.02296328544617,-0.34635779857635496,-0.3360786199569702,1.6306028366088867,-0.2693971633911132
79.05601835250854,-0.34635779857635496,-0.3360786199569702,1.6306028366088867,-0.2693971633911132
79.0889880657196,-0.34635779857635496,-0.3360786199569702,1.6306028366088867,-0.2693971633911132
79.12194752693176,-0.34635779857635496,-0.3360786199569702,1.6306028366088867,-0.2693971633911132
79.15493607521057,-0.34635779857635496,-0.3360786199569702,1.6306028366088867,-0.2693971633911132
79.18806481361389,-0.34635779857635496,-0.3360786199569702,1.6306028366088867,-0.2693971633911132
79.22080540657043,-0.34635779857635496,-0.3360786199569702,1.6306028366088867,-0.2693971633911132
79.25393319129944,-0.34635779857635496,-0.3360786199569702,1.6306028366088867,-0.2693971633911132
79.28723120689392,-0.34635779857635496,-0.3360786199569702,1.6306028366088867,-0.2693971633911132
79.32012271881104,-0.34635779857635496,-0.3360786199569702,1.6306028366088867,-0.2693971633911132
79.35269069671631,-0.34635779857635496,-0.3360786199569702,1.6306028366088867,-0.2693971633911132
79.38621020317078,-0.34635779857635496,-0.3360786199569702,1.6306028366088867,-0.2693971633911132
79.41876220703125,-0.34635779857635496,-0.3360786199569702,1.6306028366088867,-0.2693971633911132
79.45226716995239,-0.34635779857635496,-0.3360786199569702,1.6306028366088867,-0.2693971633911132
79.48520159721375,-0.34635779857635496,-0.3360786199569702,1.6306028366088867,-0.2693971633911132
79.51810789108276,-0.34635779857635496,-0.3360786199569702,1.6306028366088867,-0.2693971633911132
79.55116868019104,-0.34635779857635496,-0.3360786199569702,1.6306028366088867,-0.2693971633911132
79.58427453041077,-0.34635779857635496,-0.3360786199569702,1.6306028366088867,-0.2693971633911132
79.61716938018799,-0.34635779857635496,-0.3360786199569702,1.6306028366088867,-0.2693971633911132
79.64982104301453,-0.34635779857635496,-0.3360786199569702,1.6306028366088867,-0.2693971633911132
79.68291807174683,-0.34635779857635496,-0.3360786199569702,1.6306028366088867,-0.2693971633911132
79.71594142913818,-0.34635779857635496,-0.3360786199569702,1.6306028366088867,-0.2693971633911132
79.74890685081482,-0.34635779857635496,-0.3360786199569702,1.6306028366088867,-0.2693971633911132
79.78192639350891,-0.34635779857635496,-0.3360786199569702,1.6306028366088867,-0.2693971633911132
79.81475567817688,-0.34635779857635496,-0.3360786199569702,1.6306028366088867,-0.2693971633911132
79.84789228439331,-0.34635779857635496,-0.3360786199569702,1.6306028366088867,-0.2693971633911132
79.88083529472351,-0.34635779857635496,-0.3360786199569702,1.6306028366088867,-0.2693971633911132
79.91385793685913,-0.34635779857635496,-0.3360786199569702,1.6306028366088867,-0.2693971633911132
79.94681787490845,-0.34635779857635496,-0.3360786199569702,1.6306028366088867,-0.2693971633911132
79.9800021648407,-0.34635779857635496,-0.3360786199569702,1.6306028366088867,-0.2693971633911132
80.01280760765076,-0.34635779857635496,-0.3360786199569702,1.6306028366088867,-0.2693971633911132
80.0460090637207,-0.34635779857635496,-0.3360786199569702,1.6306028366088867,-0.2693971633911132
80.07899212837219,-0.34635779857635496,-0.3360786199569702,1.6306028366088867,-0.2693971633911132
80.11174011230469,-0.34635779857635496,-0.3360786199569702,1.6306028366088867,-0.2693971633911132
80.14496660232544,-0.34635779857635496,-0.3360786199569702,1.6306028366088867,-0.2693971633911132
80.17793154716492,-0.34635779857635496,-0.3360786199569702,1.6306028366088867,-0.2693971633911132
80.21100902557373,-0.34635779857635496,-0.3360786199569702,1.6306028366088867,-0.2693971633911132
80.24404215812683,-0.34635779857635496,-0.3360786199569702,1.6306028366088867,-0.2693971633911132
80.27677917480469,-0.34635779857635496,-0.3360786199569702,1.6306028366088867,-0.2693971633911132
80.31016159057617,-0.34635779857635496,-0.3360786199569702,1.6306028366088867,-0.2693971633911132
80.34294557571411,-0.34635779857635496,-0.3360786199569702,1.6306028366088867,-0.2693971633911132
80.37603831291199,-0.34635779857635496,-0.3360786199569702,1.6306028366088867,-0.2693971633911132
80.40923380851746,-0.34635779857635496,-0.3360786199569702,1.6306028366088867,-0.2693971633911132
80.44213795661926,-0.34635779857635496,-0.3360786199569702,1.6306028366088867,-0.2693971633911132
80.47524571418762,-0.34635779857635496,-0.3360786199569702,1.6306028366088867,-0.2693971633911132
80.50812578201294,-0.34635779857635496,-0.3360786199569702,1.6306028366088867,-0.2693971633911132
80.54103922843933,-0.34635779857635496,-0.3360786199569702,1.6306028366088867,-0.2693971633911132
80.57391500473022,-0.34635779857635496,-0.3360786199569702,1.6306028366088867,-0.2693971633911132
80.60687685012817,-0.34635779857635496,-0.3360786199569702,1.6306028366088867,-0.2693971633911132
80.64033079147339,-0.34635779857635496,-0.3360786199569702,1.6306028366088867,-0.2693971633911132
80.67329907417297,-0.34635779857635496,-0.3360786199569702,1.6306028366088867,-0.2693971633911132
80.70577955245972,-0.34635779857635496,-0.3360786199569702,1.6306028366088867,-0.2693971633911132
80.73899269104004,-0.34635779857635496,-0.3360786199569702,1.6306028366088867,-0.2693971633911132
80.77232027053833,-0.34635779857635496,-0.3360786199569702,1.6306028366088867,-0.2693971633911132
80.805246591568,-0.34635779857635496,-0.3360786199569702,1.6306028366088867,-0.2693971633911132
80.83799600601196,-0.34635779857635496,-0.3360786199569702,1.6306028366088867,-0.2693971633911132
80.87100219726562,-0.34635779857635496,-0.3360786199569702,1.6306028366088867,-0.2693971633911132
80.90400123596191,-0.34635779857635496,-0.3360786199569702,1.6306028366088867,-0.2693971633911132
80.93701338768005,-0.34635779857635496,-0.3360786199569702,1.6306028366088867,-0.2693971633911132
80.96997094154358,-0.34635779857635496,-0.3360786199569702,1.6306028366088867,-0.2693971633911132
81.00294589996338,-0.34635779857635496,-0.3360786199569702,1.6306028366088867,-0.2693971633911132
81.03595209121704,-0.34635779857635496,-0.3360786199569702,1.6306028366088867,-0.2693971633911132
81.06894588470459,-0.34635779857635496,-0.3360786199569702,1.6306028366088867,-0.2693971633911132
81.10197520256042,-0.34635779857635496,-0.3360786199569702,1.6306028366088867,-0.2693971633911132
81.13497519493103,-0.34635779857635496,-0.3360786199569702,1.6306028366088867,-0.2693971633911132
81.16794633865356,-0.34635779857635496,-0.3360786199569702,1.6306028366088867,-0.2693971633911132
81.20078206062317,-0.34635779857635496,-0.3360786199569702,1.6306028366088867,-0.2693971633911132
81.23400855064392,-0.34635779857635496,-0.3360786199569702,1.6306028366088867,-0.2693971633911132
81.26690006256104,-0.34635779857635496,-0.3360786199569702,1.6306028366088867,-0.2693971633911132
81.30006504058838,-0.34635779857635496,-0.3360786199569702,1.6306028366088867,-0.2693971633911132
81.33293461799622,-0.34635779857635496,-0.3360786199569702,1.6306028366088867,-0.2693971633911132
81.36594605445862,-0.34635779857635496,-0.3360786199569702,1.6306028366088867,-0.2693971633911132
81.39893651008606,-0.34635779857635496,-0.3360786199569702,1.6306028366088867,-0.2693971633911132
81.4319441318512,-0.34635779857635496,-0.3360786199569702,1.6306028366088867,-0.2693971633911132
81.46492290496826,-0.34635779857635496,-0.3360786199569702,1.6306028366088867,-0.2693971633911132
81.4979476928711,-0.34635779857635496,-0.3360786199569702,1.6306028366088867,-0.2693971633911132
81.53078031539917,-0.34635779857635496,-0.3360786199569702,1.6306028366088867,-0.2693971633911132
81.56394338607788,-0.34635779857635496,-0.3360786199569702,1.6306028366088867,-0.2693971633911132
81.59681153297424,-0.34635779857635496,-0.3360786199569702,1.6306028366088867,-0.2693971633911132
81.62984728813171,-0.34635779857635496,-0.3360786199569702,1.6306028366088867,-0.2693971633911132
81.66299390792847,-0.34635779857635496,-0.3360786199569702,1.6306028366088867,-0.2693971633911132
81.69597506523132,-0.34635779857635496,-0.3360786199569702,1.6306028366088867,-0.2693971633911132
81.7287962436676,-0.34635779857635496,-0.3360786199569702,1.6306028366088867,-0.2693971633911132
81.7617597579956,-0.34635779857635496,-0.3360786199569702,1.6306028366088867,-0.2693971633911132
81.79482102394104,-0.34635779857635496,-0.3360786199569702,1.6306028366088867,-0.2693971633911132
81.8278706073761,-0.34635779857635496,-0.3360786199569702,1.6306028366088867,-0.2693971633911132
81.86084365844727,-0.34635779857635496,-0.3360786199569702,1.6306028366088867,-0.2693971633911132
81.89373636245728,-0.34635779857635496,-0.3360786199569702,1.6306028366088867,-0.2693971633911132
81.92674827575684,-0.34635779857635496,-0.3360786199569702,1.6306028366088867,-0.2693971633911132
81.96018934249878,-0.34635779857635496,-0.3360786199569702,1.6306028366088867,-0.2693971633911132
81.99286913871765,-0.34635779857635496,-0.3360786199569702,1.6306028366088867,-0.2693971633911132
82.02577137947083,-0.34635779857635496,-0.3360786199569702,1.6306028366088867,-0.2693971633911132
82.05890536308289,-0.34635779857635496,-0.3360786199569702,1.6306028366088867,-0.2693971633911132
82.09227728843689,-0.34635779857635496,-0.3360786199569702,1.6306028366088867,-0.2693971633911132
82.12513518333435,-0.34635779857635496,-0.3360786199569702,1.6306028366088867,-0.2693971633911132
82.1578471660614,-0.34635779857635496,-0.3360786199569702,1.6306028366088867,-0.2693971633911132
82.19071817398071,-0.34635779857635496,-0.3360786199569702,1.6306028366088867,-0.2693971633911132
82.22396278381348,-0.34635779857635496,-0.3360786199569702,1.6306028366088867,-0.2693971633911132
82.25680184364319,-0.34635779857635496,-0.3360786199569702,1.6306028366088867,-0.2693971633911132
82.2898736000061,-0.34635779857635496,-0.3360786199569702,1.6306028366088867,-0.2693971633911132
82.32357406616211,-0.34635779857635496,-0.3360786199569702,1.6306028366088867,-0.2693971633911132
82.3561282157898,-0.34635779857635496,-0.3360786199569702,1.6306028366088867,-0.2693971633911132
82.38887190818787,-0.34635779857635496,-0.3360786199569702,1.6306028366088867,-0.2693971633911132
82.42193603515625,-0.34635779857635496,-0.3360786199569702,1.6306028366088867,-0.2693971633911132
82.45491671562195,-0.34635779857635496,-0.3360786199569702,1.6306028366088867,-0.2693971633911132
82.48800659179688,-0.34635779857635496,-0.3360786199569702,1.6306028366088867,-0.2693971633911132
82.52102899551392,-0.34635779857635496,-0.3360786199569702,1.6306028366088867,-0.2693971633911132
82.55405354499817,-0.34635779857635496,-0.3360786199569702,1.6306028366088867,-0.2693971633911132
82.58682441711426,-0.34635779857635496,-0.3360786199569702,1.6306028366088867,-0.2693971633911132
82.6199631690979,-0.34635779857635496,-0.3360786199569702,1.6306028366088867,-0.2693971633911132
82.65294456481934,-0.34635779857635496,-0.3360786199569702,1.6306028366088867,-0.2693971633911132
82.68575263023376,-0.34635779857635496,-0.3360786199569702,1.6306028366088867,-0.2693971633911132
82.71874237060547,-0.34635779857635496,-0.3360786199569702,1.6306028366088867,-0.2693971633911132
82.75171494483948,-0.34635779857635496,-0.3360786199569702,1.6306028366088867,-0.2693971633911132
82.78480410575867,-0.34635779857635496,-0.3360786199569702,1.6306028366088867,-0.2693971633911132
82.81778502464294,-0.34635779857635496,-0.3360786199569702,1.6306028366088867,-0.2693971633911132
82.85083508491516,-0.34635779857635496,-0.3360786199569702,1.6306028366088867,-0.2693971633911132
82.88393783569336,-0.34635779857635496,-0.3360786199569702,1.6306028366088867,-0.2693971633911132
82.91689777374268,-0.34635779857635496,-0.3360786199569702,1.6306028366088867,-0.2693971633911132
82.94987320899963,-0.34635779857635496,-0.3360786199569702,1.6306028366088867,-0.2693971633911132
82.98302721977234,-0.34635779857635496,-0.3360786199569702,1.6306028366088867,-0.2693971633911132
83.01598691940308,-0.34635779857635496,-0.3360786199569702,1.6306028366088867,-0.2693971633911132
83.04903244972229,-0.34635779857635496,-0.3360786199569702,1.6306028366088867,-0.2693971633911132
83.08218121528625,-0.34635779857635496,-0.3360786199569702,1.6306028366088867,-0.2693971633911132
83.11484813690186,-0.34635779857635496,-0.3360786199569702,1.6306028366088867,-0.2693971633911132
83.14780926704407,-0.34635779857635496,-0.3360786199569702,1.6306028366088867,-0.2693971633911132
83.18084621429443,-0.34635779857635496,-0.3360786199569702,1.6306028366088867,-0.2693971633911132
83.21379947662354,-0.34635779857635496,-0.3360786199569702,1.6306028366088867,-0.2693971633911132
83.24682521820068,-0.34635779857635496,-0.3360786199569702,1.6306028366088867,-0.2693971633911132
83.27980947494507,-0.34635779857635496,-0.3360786199569702,1.6306028366088867,-0.2693971633911132
83.31290054321289,-0.34635779857635496,-0.3360786199569702,1.6306028366088867,-0.2693971633911132
83.34599351882935,-0.34635779857635496,-0.3360786199569702,1.6306028366088867,-0.2693971633911132
83.37871551513672,-0.34635779857635496,-0.3360786199569702,1.6306028366088867,-0.2693971633911132
83.41185188293457,-0.34635779857635496,-0.3360786199569702,1.6306028366088867,-0.2693971633911132
83.44484376907349,-0.34635779857635496,-0.3360786199569702,1.6306028366088867,-0.2693971633911132
83.47775053977966,-0.34635779857635496,-0.3360786199569702,1.6306028366088867,-0.2693971633911132
83.51074576377869,-0.34635779857635496,-0.3360786199569702,1.6306028366088867,-0.2693971633911132
83.54377293586731,-0.34635779857635496,-0.3360786199569702,1.6306028366088867,-0.2693971633911132
83.5768792629242,-0.34635779857635496,-0.3360786199569702,1.6306028366088867,-0.2693971633911132
83.61029696464539,-0.34635779857635496,-0.3360786199569702,1.6306028366088867,-0.2693971633911132
83.64328384399414,-0.34635779857635496,-0.3360786199569702,1.6306028366088867,-0.2693971633911132
83.67629361152649,-0.34635779857635496,-0.3360786199569702,1.6306028366088867,-0.2693971633911132
83.70918679237366,-0.34635779857635496,-0.3360786199569702,1.6306028366088867,-0.2693971633911132
83.74212002754211,-0.34635779857635496,-0.3360786199569702,1.6306028366088867,-0.2693971633911132
83.77470397949219,-0.34635779857635496,-0.3360786199569702,1.6306028366088867,-0.2693971633911132
83.80777931213379,-0.34635779857635496,-0.3360786199569702,1.6306028366088867,-0.2693971633911132
83.84067368507385,-0.34635779857635496,-0.3360786199569702,1.6306028366088867,-0.2693971633911132
83.87402510643005,-0.34635779857635496,-0.3360786199569702,1.6306028366088867,-0.2693971633911132
83.90693068504333,-0.34635779857635496,-0.3360786199569702,1.6306028366088867,-0.2693971633911132
83.93994069099426,-0.34635779857635496,-0.3360786199569702,1.6306028366088867,-0.2693971633911132
83.97353887557983,-0.34635779857635496,-0.3360786199569702,1.6306028366088867,-0.2693971633911132
84.00594210624695,-0.34635779857635496,-0.3360786199569702,1.6306028366088867,-0.2693971633911132
84.03872466087341,-0.34635779857635496,-0.3360786199569702,1.6306028366088867,-0.2693971633911132
84.0717523097992,-0.34635779857635496,-0.3360786199569702,1.6306028366088867,-0.2693971633911132
84.10507369041443,-0.34635779857635496,-0.3360786199569702,1.6306028366088867,-0.2693971633911132
84.13801383972168,-0.34635779857635496,-0.3360786199569702,1.6306028366088867,-0.2693971633911132
84.17076587677002,-0.34635779857635496,-0.3360786199569702,1.6306028366088867,-0.2693971633911132
84.2040011882782,-0.34635779857635496,-0.3360786199569702,1.6306028366088867,-0.2693971633911132
84.23681163787842,-0.34635779857635496,-0.3360786199569702,1.6306028366088867,-0.2693971633911132
84.26996040344238,-0.34635779857635496,-0.3360786199569702,1.6306028366088867,-0.2693971633911132
84.30283308029175,-0.34635779857635496,-0.3360786199569702,1.6306028366088867,-0.2693971633911132
84.33577108383179,-0.34635779857635496,-0.3360786199569702,1.6306028366088867,-0.2693971633911132
84.36887764930725,-0.34635779857635496,-0.3360786199569702,1.6306028366088867,-0.2693971633911132
84.40184664726257,-0.34635779857635496,-0.3360786199569702,1.6306028366088867,-0.2693971633911132
84.43486142158508,-0.34635779857635496,-0.3360786199569702,1.6306028366088867,-0.2693971633911132
84.46778440475464,-0.34635779857635496,-0.3360786199569702,1.6306028366088867,-0.2693971633911132
84.50111627578735,-0.34635779857635496,-0.3360786199569702,1.6306028366088867,-0.2693971633911132
84.53439855575562,-0.34635779857635496,-0.3360786199569702,1.6306028366088867,-0.2693971633911132
84.56738042831421,-0.34635779857635496,-0.3360786199569702,1.6306028366088867,-0.2693971633911132
84.59997200965881,-0.34635779857635496,-0.3360786199569702,1.6306028366088867,-0.2693971633911132
84.63321995735168,-0.34635779857635496,-0.3360786199569702,1.6306028366088867,-0.2693971633911132
84.66595840454102,-0.34635779857635496,-0.3360786199569702,1.6306028366088867,-0.2693971633911132
84.69914102554321,-0.34635779857635496,-0.3360786199569702,1.6306028366088867,-0.2693971633911132
84.7318787574768,-0.34635779857635496,-0.3360786199569702,1.6306028366088867,-0.2693971633911132
84.76474738121033,-0.34635779857635496,-0.3360786199569702,1.6306028366088867,-0.2693971633911132
84.79784345626831,-0.34635779857635496,-0.3360786199569702,1.6306028366088867,-0.2693971633911132
84.83076071739197,-0.34635779857635496,-0.3360786199569702,1.6306028366088867,-0.2693971633911132
84.86404132843018,-0.34635779857635496,-0.3360786199569702,1.6306028366088867,-0.2693971633911132
84.89725375175476,-0.34635779857635496,-0.3360786199569702,1.6306028366088867,-0.2693971633911132
84.92976832389832,-0.34635779857635496,-0.3360786199569702,1.6306028366088867,-0.2693971633911132
84.96292424201965,-0.34635779857635496,-0.3360786199569702,1.6306028366088867,-0.2693971633911132
84.99583911895752,-0.34635779857635496,-0.3360786199569702,1.6306028366088867,-0.2693971633911132
85.02928400039673,-0.34635779857635496,-0.3360786199569702,1.6306028366088867,-0.2693971633911132
85.06206798553467,-0.34635779857635496,-0.3360786199569702,1.6306028366088867,-0.2693971633911132
85.09481739997864,-0.34635779857635496,-0.3360786199569702,1.6306028366088867,-0.2693971633911132
85.1281225681305,-0.34635779857635496,-0.3360786199569702,1.6306028366088867,-0.2693971633911132
85.16113424301147,-0.34635779857635496,-0.3360786199569702,1.6306028366088867,-0.2693971633911132
85.19414830207825,-0.34635779857635496,-0.3360786199569702,1.6306028366088867,-0.2693971633911132
85.22717475891113,-0.34635779857635496,-0.3360786199569702,1.6306028366088867,-0.2693971633911132
85.26020121574402,-0.34635779857635496,-0.3360786199569702,1.6306028366088867,-0.2693971633911132
85.29330348968506,-0.34635779857635496,-0.3360786199569702,1.6306028366088867,-0.2693971633911132
85.32615375518799,-0.34635779857635496,-0.3360786199569702,1.6306028366088867,-0.2693971633911132
85.35930967330933,-0.34635779857635496,-0.3360786199569702,1.6306028366088867,-0.2693971633911132
85.3922815322876,-0.34635779857635496,-0.3360786199569702,1.6306028366088867,-0.2693971633911132
85.42471408843994,-0.34635779857635496,-0.3360786199569702,1.6306028366088867,-0.2693971633911132
85.45798993110657,-0.34635779857635496,-0.3360786199569702,1.6306028366088867,-0.2693971633911132
85.49076437950134,-0.34635779857635496,-0.3360786199569702,1.6306028366088867,-0.2693971633911132
85.52386212348938,-0.34635779857635496,-0.3360786199569702,1.6306028366088867,-0.2693971633911132
85.5567843914032,-0.34635779857635496,-0.3360786199569702,1.6306028366088867,-0.2693971633911132
85.58981680870056,-0.34635779857635496,-0.3360786199569702,1.6306028366088867,-0.2693971633911132
85.62287092208862,-0.34635779857635496,-0.3360786199569702,1.6306028366088867,-0.2693971633911132
85.6557981967926,-0.34635779857635496,-0.3360786199569702,1.6306028366088867,-0.2693971633911132
85.68882942199707,-0.34635779857635496,-0.3360786199569702,1.6306028366088867,-0.2693971633911132
85.72182321548462,-0.34635779857635496,-0.3360786199569702,1.6306028366088867,-0.2693971633911132
85.75519108772278,-0.34635779857635496,-0.3360786199569702,1.6306028366088867,-0.2693971633911132
85.78797054290771,-0.34635779857635496,-0.3360786199569702,1.6306028366088867,-0.2693971633911132
85.82080149650574,-0.34635779857635496,-0.3360786199569702,1.6306028366088867,-0.2693971633911132
85.8536958694458,-0.34635779857635496,-0.3360786199569702,1.6306028366088867,-0.2693971633911132
85.88673281669617,-0.34635779857635496,-0.3360786199569702,1.6306028366088867,-0.2693971633911132
85.91999411582947,-0.34635779857635496,-0.3360786199569702,1.6306028366088867,-0.2693971633911132
85.95289373397827,-0.34635779857635496,-0.3360786199569702,1.6306028366088867,-0.2693971633911132
85.98593091964722,-0.34635779857635496,-0.3360786199569702,1.6306028366088867,-0.2693971633911132
86.01888513565063,-0.34635779857635496,-0.3360786199569702,1.6306028366088867,-0.2693971633911132
86.05174684524536,-0.34635779857635496,-0.3360786199569702,1.6306028366088867,-0.2693971633911132
86.08482313156128,-0.34635779857635496,-0.3360786199569702,1.6306028366088867,-0.2693971633911132
86.11775040626526,-0.34635779857635496,-0.3360786199569702,1.6306028366088867,-0.2693971633911132
86.1507740020752,-0.34635779857635496,-0.3360786199569702,1.6306028366088867,-0.2693971633911132
86.18373799324036,-0.34635779857635496,-0.3360786199569702,1.6306028366088867,-0.2693971633911132
86.21688604354858,-0.34635779857635496,-0.3360786199569702,1.6306028366088867,-0.2693971633911132
86.24980115890503,-0.34635779857635496,-0.3360786199569702,1.6306028366088867,-0.2693971633911132
86.28289246559143,-0.34635779857635496,-0.3360786199569702,1.6306028366088867,-0.2693971633911132
86.31584453582764,-0.34635779857635496,-0.3360786199569702,1.6306028366088867,-0.2693971633911132
86.34885740280151,-0.34635779857635496,-0.3360786199569702,1.6306028366088867,-0.2693971633911132
86.3818747997284,-0.34635779857635496,-0.3360786199569702,1.6306028366088867,-0.2693971633911132
86.41479563713074,-0.34635779857635496,-0.3360786199569702,1.6306028366088867,-0.2693971633911132
86.44775056838989,-0.34635779857635496,-0.3360786199569702,1.6306028366088867,-0.2693971633911132
86.48088693618774,-0.34635779857635496,-0.3360786199569702,1.6306028366088867,-0.2693971633911132
86.51408076286316,-0.34635779857635496,-0.3360786199569702,1.6306028366088867,-0.2693971633911132
86.54678630828857,-0.34635779857635496,-0.3360786199569702,1.6306028366088867,-0.2693971633911132
86.57973980903625,-0.34635779857635496,-0.3360786199569702,1.6306028366088867,-0.2693971633911132
86.61300706863403,-0.34635779857635496,-0.3360786199569702,1.6306028366088867,-0.2693971633911132
86.64593434333801,-0.34635779857635496,-0.3360786199569702,1.6306028366088867,-0.2693971633911132
86.67893838882446,-0.34635779857635496,-0.3360786199569702,1.6306028366088867,-0.2693971633911132
86.71196222305298,-0.34635779857635496,-0.3360786199569702,1.6306028366088867,-0.2693971633911132
86.7449963092804,-0.34635779857635496,-0.3360786199569702,1.6306028366088867,-0.2693971633911132
86.77781462669373,-0.34635779857635496,-0.3360786199569702,1.6306028366088867,-0.2693971633911132
86.8109393119812,-0.34635779857635496,-0.3360786199569702,1.6306028366088867,-0.2693971633911132
86.84383606910706,-0.34635779857635496,-0.3360786199569702,1.6306028366088867,-0.2693971633911132
86.87682294845581,-0.34635779857635496,-0.3360786199569702,1.6306028366088867,-0.2693971633911132
86.910001039505,-0.34635779857635496,-0.3360786199569702,1.6306028366088867,-0.2693971633911132
86.94297051429749,-0.34635779857635496,-0.3360786199569702,1.6306028366088867,-0.2693971633911132
86.97579717636108,-0.34635779857635496,-0.3360786199569702,1.6306028366088867,-0.2693971633911132
87.00899839401245,-0.34635779857635496,-0.3360786199569702,1.6306028366088867,-0.2693971633911132
87.04197883605957,-0.34635779857635496,-0.3360786199569702,1.6306028366088867,-0.2693971633911132
87.0749123096466,-0.34635779857635496,-0.3360786199569702,1.6306028366088867,-0.2693971633911132
87.10776209831238,-0.34635779857635496,-0.3360786199569702,1.6306028366088867,-0.2693971633911132
87.14098858833313,-0.34635779857635496,-0.3360786199569702,1.6306028366088867,-0.2693971633911132
87.17387366294861,-0.34635779857635496,-0.3360786199569702,1.6306028366088867,-0.2693971633911132
87.20694136619568,-0.34635779857635496,-0.3360786199569702,1.6306028366088867,-0.2693971633911132
87.23994040489197,-0.34635779857635496,-0.3360786199569702,1.6306028366088867,-0.2693971633911132
87.27274417877197,-0.34635779857635496,-0.3360786199569702,1.6306028366088867,-0.2693971633911132
87.30599355697632,-0.34635779857635496,-0.3360786199569702,1.6306028366088867,-0.2693971633911132
87.33896565437317,-0.34635779857635496,-0.3360786199569702,1.6306028366088867,-0.2693971633911132
87.37190556526184,-0.34635779857635496,-0.3360786199569702,1.6306028366088867,-0.2693971633911132
87.40493249893188,-0.34635779857635496,-0.3360786199569702,1.6306028366088867,-0.2693971633911132
87.43765139579773,-0.34635779857635496,-0.3360786199569702,1.6306028366088867,-0.2693971633911132
87.47092771530151,-0.34635779857635496,-0.3360786199569702,1.6306028366088867,-0.2693971633911132
87.50375151634216,-0.34635779857635496,-0.3360786199569702,1.6306028366088867,-0.2693971633911132
87.5368926525116,-0.34635779857635496,-0.3360786199569702,1.6306028366088867,-0.2693971633911132
87.56997990608215,-0.34635779857635496,-0.3360786199569702,1.6306028366088867,-0.2693971633911132
87.6029691696167,-0.34635779857635496,-0.3360786199569702,1.6306028366088867,-0.2693971633911132
87.63582301139832,-0.34635779857635496,-0.3360786199569702,1.6306028366088867,-0.2693971633911132
87.66884183883667,-0.34635779857635496,-0.3360786199569702,1.6306028366088867,-0.2693971633911132
87.70179843902588,-0.34635779857635496,-0.3360786199569702,1.6306028366088867,-0.2693971633911132
87.73477721214294,-0.34635779857635496,-0.3360786199569702,1.6306028366088867,-0.2693971633911132
87.76779174804688,-0.34635779857635496,-0.3360786199569702,1.6306028366088867,-0.2693971633911132
87.80076599121094,-0.34635779857635496,-0.3360786199569702,1.6306028366088867,-0.2693971633911132
87.83375859260559,-0.34635779857635496,-0.3360786199569702,1.6306028366088867,-0.2693971633911132
87.86680793762207,-0.34635779857635496,-0.3360786199569702,1.6306028366088867,-0.2693971633911132
87.89974665641785,-0.34635779857635496,-0.3360786199569702,1.6306028366088867,-0.2693971633911132
87.93271851539612,-0.34635779857635496,-0.3360786199569702,1.6306028366088867,-0.2693971633911132
87.96601891517639,-0.34635779857635496,-0.3360786199569702,1.6306028366088867,-0.2693971633911132
87.99894642829895,-0.34635779857635496,-0.3360786199569702,1.6306028366088867,-0.2693971633911132
88.03199553489685,-0.34635779857635496,-0.3360786199569702,1.6306028366088867,-0.2693971633911132
88.06502628326416,-0.34635779857635496,-0.3360786199569702,1.6306028366088867,-0.2693971633911132
88.09795188903809,-0.34635779857635496,-0.3360786199569702,1.6306028366088867,-0.2693971633911132
88.1309654712677,-0.34635779857635496,-0.3360786199569702,1.6306028366088867,-0.2693971633911132
88.16396307945251,-0.34635779857635496,-0.3360786199569702,1.6306028366088867,-0.2693971633911132
88.19697833061218,-0.34635779857635496,-0.3360786199569702,1.6306028366088867,-0.2693971633911132
88.2299153804779,-0.34635779857635496,-0.3360786199569702,1.6306028366088867,-0.2693971633911132
88.26299715042114,-0.34635779857635496,-0.3360786199569702,1.6306028366088867,-0.2693971633911132
88.2959840297699,-0.34635779857635496,-0.3360786199569702,1.6306028366088867,-0.2693971633911132
88.32899379730225,-0.34635779857635496,-0.3360786199569702,1.6306028366088867,-0.2693971633911132
88.36179637908936,-0.34635779857635496,-0.3360786199569702,1.6306028366088867,-0.2693971633911132
88.39482975006104,-0.34635779857635496,-0.3360786199569702,1.6306028366088867,-0.2693971633911132
88.42795848846436,-0.34635779857635496,-0.3360786199569702,1.6306028366088867,-0.2693971633911132
88.4610447883606,-0.34635779857635496,-0.3360786199569702,1.6306028366088867,-0.2693971633911132
88.49388718605042,-0.34635779857635496,-0.3360786199569702,1.6306028366088867,-0.2693971633911132
88.52695345878601,-0.34635779857635496,-0.3360786199569702,1.6306028366088867,-0.2693971633911132
88.56002855300903,-0.34635779857635496,-0.3360786199569702,1.6306028366088867,-0.2693971633911132
88.59282517433167,-0.34635779857635496,-0.3360786199569702,1.6306028366088867,-0.2693971633911132
88.62580132484436,-0.34635779857635496,-0.3360786199569702,1.6306028366088867,-0.2693971633911132
88.6589822769165,-0.34635779857635496,-0.3360786199569702,1.6306028366088867,-0.2693971633911132
88.69184875488281,-0.34635779857635496,-0.3360786199569702,1.6306028366088867,-0.2693971633911132
88.724933385849,-0.34635779857635496,-0.3360786199569702,1.6306028366088867,-0.2693971633911132
88.75788450241089,-0.34635779857635496,-0.3360786199569702,1.6306028366088867,-0.2693971633911132
88.790935754776,-0.34635779857635496,-0.3360786199569702,1.6306028366088867,-0.2693971633911132
88.8237566947937,-0.34635779857635496,-0.3360786199569702,1.6306028366088867,-0.2693971633911132
88.85692834854126,-0.34635779857635496,-0.3360786199569702,1.6306028366088867,-0.2693971633911132
88.88971471786499,-0.34635779857635496,-0.3360786199569702,1.6306028366088867,-0.2693971633911132
88.9228823184967,-0.34635779857635496,-0.3360786199569702,1.6306028366088867,-0.2693971633911132
88.95600128173828,-0.34635779857635496,-0.3360786199569702,1.6306028366088867,-0.2693971633911132
88.98870873451233,-0.34635779857635496,-0.3360786199569702,1.6306028366088867,-0.2693971633911132
89.02176141738892,-0.34635779857635496,-0.3360786199569702,1.6306028366088867,-0.2693971633911132
89.0549545288086,-0.34635779857635496,-0.3360786199569702,1.6306028366088867,-0.2693971633911132
89.0879807472229,-0.34635779857635496,-0.3360786199569702,1.6306028366088867,-0.2693971633911132
89.12072682380676,-0.34635779857635496,-0.3360786199569702,1.6306028366088867,-0.2693971633911132
89.15381455421448,-0.34635779857635496,-0.3360786199569702,1.6306028366088867,-0.2693971633911132
89.18676161766052,-0.34635779857635496,-0.3360786199569702,1.6306028366088867,-0.2693971633911132
89.21984601020813,-0.34635779857635496,-0.3360786199569702,1.6306028366088867,-0.2693971633911132
89.25294876098633,-0.34635779857635496,-0.3360786199569702,1.6306028366088867,-0.2693971633911132
89.28597712516785,-0.34635779857635496,-0.3360786199569702,1.6306028366088867,-0.2693971633911132
89.31898236274719,-0.34635779857635496,-0.3360786199569702,1.6306028366088867,-0.2693971633911132
89.35193157196045,-0.34635779857635496,-0.3360786199569702,1.6306028366088867,-0.2693971633911132
89.38494992256165,-0.34635779857635496,-0.3360786199569702,1.6306028366088867,-0.2693971633911132
89.41770601272583,-0.34635779857635496,-0.3360786199569702,1.6306028366088867,-0.2693971633911132
89.45081901550293,-0.34635779857635496,-0.3360786199569702,1.6306028366088867,-0.2693971633911132
89.48393034934998,-0.34635779857635496,-0.3360786199569702,1.6306028366088867,-0.2693971633911132
89.51700258255005,-0.34635779857635496,-0.3360786199569702,1.6306028366088867,-0.2693971633911132
89.54998445510864,-0.34635779857635496,-0.3360786199569702,1.6306028366088867,-0.2693971633911132
89.58276009559631,-0.34635779857635496,-0.3360786199569702,1.6306028366088867,-0.2693971633911132
89.61600351333618,-0.34635779857635496,-0.3360786199569702,1.6306028366088867,-0.2693971633911132
89.64900469779968,-0.34635779857635496,-0.3360786199569702,1.6306028366088867,-0.2693971633911132
89.68186712265015,-0.34635779857635496,-0.3360786199569702,1.6306028366088867,-0.2693971633911132
89.71497464179993,-0.34635779857635496,-0.3360786199569702,1.6306028366088867,-0.2693971633911132
89.74799275398254,-0.34635779857635496,-0.3360786199569702,1.6306028366088867,-0.2693971633911132
89.78104090690613,-0.34635779857635496,-0.3360786199569702,1.6306028366088867,-0.2693971633911132
89.81399750709534,-0.34635779857635496,-0.3360786199569702,1.6306028366088867,-0.2693971633911132
89.84698009490967,-0.34635779857635496,-0.3360786199569702,1.6306028366088867,-0.2693971633911132
89.88001084327698,-0.34635779857635496,-0.3360786199569702,1.6306028366088867,-0.2693971633911132
89.91293954849243,-0.34635779857635496,-0.3360786199569702,1.6306028366088867,-0.2693971633911132
89.94569540023804,-0.34635779857635496,-0.3360786199569702,1.6306028366088867,-0.2693971633911132
89.97871661186218,-0.34635779857635496,-0.3360786199569702,1.6306028366088867,-0.2693971633911132
90.01176738739014,-0.34635779857635496,-0.3360786199569702,1.6306028366088867,-0.2693971633911132
90.04498648643494,-0.34635779857635496,-0.3360786199569702,1.6306028366088867,-0.2693971633911132
90.0780417919159,-0.34635779857635496,-0.3360786199569702,1.6306028366088867,-0.2693971633911132
90.11093974113464,-0.34635779857635496,-0.3360786199569702,1.6306028366088867,-0.2693971633911132
90.14378023147583,-0.34635779857635496,-0.3360786199569702,1.6306028366088867,-0.2693971633911132
90.17703437805176,-0.34635779857635496,-0.3360786199569702,1.6306028366088867,-0.2693971633911132
90.20999884605408,-0.34635779857635496,-0.3360786199569702,1.6306028366088867,-0.2693971633911132
90.24294829368591,-0.34635779857635496,-0.3360786199569702,1.6306028366088867,-0.2693971633911132
90.27594065666199,-0.34635779857635496,-0.3360786199569702,1.6306028366088867,-0.2693971633911132
90.30896663665771,-0.34635779857635496,-0.3360786199569702,1.6306028366088867,-0.2693971633911132
90.3418972492218,-0.34635779857635496,-0.3360786199569702,1.6306028366088867,-0.2693971633911132
90.37501883506775,-0.34635779857635496,-0.3360786199569702,1.6306028366088867,-0.2693971633911132
90.40763235092163,-0.34635779857635496,-0.3360786199569702,1.6306028366088867,-0.2693971633911132
90.44096422195435,-0.34635779857635496,-0.3360786199569702,1.6306028366088867,-0.2693971633911132
90.47384834289551,-0.34635779857635496,-0.3360786199569702,1.6306028366088867,-0.2693971633911132
90.50699472427368,-0.34635779857635496,-0.3360786199569702,1.6306028366088867,-0.2693971633911132
90.54003858566284,-0.34635779857635496,-0.3360786199569702,1.6306028366088867,-0.2693971633911132
90.57287168502808,-0.34635779857635496,-0.3360786199569702,1.6306028366088867,-0.2693971633911132
90.60583806037903,-0.34635779857635496,-0.3360786199569702,1.6306028366088867,-0.2693971633911132
90.6389091014862,-0.34635779857635496,-0.3360786199569702,1.6306028366088867,-0.2693971633911132
90.67196130752563,-0.34635779857635496,-0.3360786199569702,1.6306028366088867,-0.2693971633911132
90.70503997802734,-0.34635779857635496,-0.3360786199569702,1.6306028366088867,-0.2693971633911132
90.73802089691162,-0.34635779857635496,-0.3360786199569702,1.6306028366088867,-0.2693971633911132
90.77097988128662,-0.34635779857635496,-0.3360786199569702,1.6306028366088867,-0.2693971633911132
90.80397081375122,-0.34635779857635496,-0.3360786199569702,1.6306028366088867,-0.2693971633911132
90.8367567062378,-0.34635779857635496,-0.3360786199569702,1.6306028366088867,-0.2693971633911132
90.86998724937439,-0.34635779857635496,-0.3360786199569702,1.6306028366088867,-0.2693971633911132
90.90262794494629,-0.34635779857635496,-0.3360786199569702,1.6306028366088867,-0.2693971633911132
90.93566918373108,-0.34635779857635496,-0.3360786199569702,1.6306028366088867,-0.2693971633911132
90.96885514259338,-0.34635779857635496,-0.3360786199569702,1.6306028366088867,-0.2693971633911132
91.001962184906,-0.34635779857635496,-0.3360786199569702,1.6306028366088867,-0.2693971633911132
91.03511881828308,-0.34635779857635496,-0.3360786199569702,1.6306028366088867,-0.2693971633911132
91.06777000427246,-0.34635779857635496,-0.3360786199569702,1.6306028366088867,-0.2693971633911132
91.10078620910645,-0.34635779857635496,-0.3360786199569702,1.6306028366088867,-0.2693971633911132
91.13394498825073,-0.34635779857635496,-0.3360786199569702,1.6306028366088867,-0.2693971633911132
91.16683554649353,-0.34635779857635496,-0.3360786199569702,1.6306028366088867,-0.2693971633911132
91.1998450756073,-0.34635779857635496,-0.3360786199569702,1.6306028366088867,-0.2693971633911132
91.23265886306763,-0.34635779857635496,-0.3360786199569702,1.6306028366088867,-0.2693971633911132
91.26614546775818,-0.34635779857635496,-0.3360786199569702,1.6306028366088867,-0.2693971633911132
91.29931378364563,-0.34635779857635496,-0.3360786199569702,1.6306028366088867,-0.2693971633911132
91.33215618133545,-0.34635779857635496,-0.3360786199569702,1.6306028366088867,-0.2693971633911132
91.36500883102417,-0.34635779857635496,-0.3360786199569702,1.6306028366088867,-0.2693971633911132
91.39805865287781,-0.34635779857635496,-0.3360786199569702,1.6306028366088867,-0.2693971633911132
91.43095183372498,-0.34635779857635496,-0.3360786199569702,1.6306028366088867,-0.2693971633911132
91.46402144432068,-0.34635779857635496,-0.3360786199569702,1.6306028366088867,-0.2693971633911132
91.49701428413391,-0.34635779857635496,-0.3360786199569702,1.6306028366088867,-0.2693971633911132
91.53000140190125,-0.34635779857635496,-0.3360786199569702,1.6306028366088867,-0.2693971633911132
91.56300687789917,-0.34635779857635496,-0.3360786199569702,1.6306028366088867,-0.2693971633911132
91.5960168838501,-0.34635779857635496,-0.3360786199569702,1.6306028366088867,-0.2693971633911132
91.62900495529175,-0.34635779857635496,-0.3360786199569702,1.6306028366088867,-0.2693971633911132
91.66192483901978,-0.34635779857635496,-0.3360786199569702,1.6306028366088867,-0.2693971633911132
91.6949303150177,-0.34635779857635496,-0.3360786199569702,1.6306028366088867,-0.2693971633911132
91.72794198989868,-0.34635779857635496,-0.3360786199569702,1.6306028366088867,-0.2693971633911132
91.76084494590759,-0.34635779857635496,-0.3360786199569702,1.6306028366088867,-0.2693971633911132
91.79382157325745,-0.34635779857635496,-0.3360786199569702,1.6306028366088867,-0.2693971633911132
91.82698440551758,-0.34635779857635496,-0.3360786199569702,1.6306028366088867,-0.2693971633911132
91.85987567901611,-0.34635779857635496,-0.3360786199569702,1.6306028366088867,-0.2693971633911132
91.89299750328064,-0.34635779857635496,-0.3360786199569702,1.6306028366088867,-0.2693971633911132
91.92601466178894,-0.34635779857635496,-0.3360786199569702,1.6306028366088867,-0.2693971633911132
91.9590015411377,-0.34635779857635496,-0.3360786199569702,1.6306028366088867,-0.2693971633911132
91.99203419685364,-0.34635779857635496,-0.3360786199569702,1.6306028366088867,-0.2693971633911132
92.02481198310852,-0.34635779857635496,-0.3360786199569702,1.6306028366088867,-0.2693971633911132
92.05797219276428,-0.34635779857635496,-0.3360786199569702,1.6306028366088867,-0.2693971633911132
92.09095859527588,-0.34635779857635496,-0.3360786199569702,1.6306028366088867,-0.2693971633911132
92.12400031089783,-0.34635779857635496,-0.3360786199569702,1.6306028366088867,-0.2693971633911132
92.15691256523132,-0.34635779857635496,-0.3360786199569702,1.6306028366088867,-0.2693971633911132
92.18990755081177,-0.34635779857635496,-0.3360786199569702,1.6306028366088867,-0.2693971633911132
92.22295141220093,-0.34635779857635496,-0.3360786199569702,1.6306028366088867,-0.2693971633911132
92.25583124160767,-0.34635779857635496,-0.3360786199569702,1.6306028366088867,-0.2693971633911132
92.28896427154541,-0.34635779857635496,-0.3360786199569702,1.6306028366088867,-0.2693971633911132
92.3218150138855,-0.34635779857635496,-0.3360786199569702,1.6306028366088867,-0.2693971633911132
92.35498881340027,-0.34635779857635496,-0.3360786199569702,1.6306028366088867,-0.2693971633911132
92.3879280090332,-0.34635779857635496,-0.3360786199569702,1.6306028366088867,-0.2693971633911132
92.42097067832947,-0.34635779857635496,-0.3360786199569702,1.6306028366088867,-0.2693971633911132
92.45394921302795,-0.34635779857635496,-0.3360786199569702,1.6306028366088867,-0.2693971633911132
92.48676109313965,-0.34635779857635496,-0.3360786199569702,1.6306028366088867,-0.2693971633911132
92.5199773311615,-0.34635779857635496,-0.3360786199569702,1.6306028366088867,-0.2693971633911132
92.55294299125671,-0.34635779857635496,-0.3360786199569702,1.6306028366088867,-0.2693971633911132
92.58594107627869,-0.34635779857635496,-0.3360786199569702,1.6306028366088867,-0.2693971633911132
92.61892533302307,-0.34635779857635496,-0.3360786199569702,1.6306028366088867,-0.2693971633911132
92.65199446678162,-0.34635779857635496,-0.3360786199569702,1.6306028366088867,-0.2693971633911132
92.68494367599487,-0.34635779857635496,-0.3360786199569702,1.6306028366088867,-0.2693971633911132
92.71799373626709,-0.34635779857635496,-0.3360786199569702,1.6306028366088867,-0.2693971633911132
92.75108695030212,-0.34635779857635496,-0.3360786199569702,1.6306028366088867,-0.2693971633911132
92.78391432762146,-0.34635779857635496,-0.3360786199569702,1.6306028366088867,-0.2693971633911132
92.81698369979858,-0.34635779857635496,-0.3360786199569702,1.6306028366088867,-0.2693971633911132
92.84980750083923,-0.34635779857635496,-0.3360786199569702,1.6306028366088867,-0.2693971633911132
92.88292050361633,-0.34635779857635496,-0.3360786199569702,1.6306028366088867,-0.2693971633911132
92.91588497161865,-0.34635779857635496,-0.3360786199569702,1.6306028366088867,-0.2693971633911132
92.94870853424072,-0.34635779857635496,-0.3360786199569702,1.6306028366088867,-0.2693971633911132
92.98188614845276,-0.34635779857635496,-0.3360786199569702,1.6306028366088867,-0.2693971633911132
93.01489877700806,-0.34635779857635496,-0.3360786199569702,1.6306028366088867,-0.2693971633911132
93.04765820503235,-0.34635779857635496,-0.3360786199569702,1.6306028366088867,-0.2693971633911132
93.08106184005737,-0.34635779857635496,-0.3360786199569702,1.6306028366088867,-0.2693971633911132
93.1139612197876,-0.34635779857635496,-0.3360786199569702,1.6306028366088867,-0.2693971633911132
93.14702796936035,-0.34635779857635496,-0.3360786199569702,1.6306028366088867,-0.2693971633911132
93.17957782745361,-0.34635779857635496,-0.3360786199569702,1.6306028366088867,-0.2693971633911132
93.21294808387756,-0.34635779857635496,-0.3360786199569702,1.6306028366088867,-0.2693971633911132
93.24593877792358,-0.34635779857635496,-0.3360786199569702,1.6306028366088867,-0.2693971633911132
93.27889609336853,-0.34635779857635496,-0.3360786199569702,1.6306028366088867,-0.2693971633911132
93.31196641921997,-0.34635779857635496,-0.3360786199569702,1.6306028366088867,-0.2693971633911132
93.34487342834473,-0.34635779857635496,-0.3360786199569702,1.6306028366088867,-0.2693971633911132
93.37800598144531,-0.34635779857635496,-0.3360786199569702,1.6306028366088867,-0.2693971633911132
93.4110016822815,-0.34635779857635496,-0.3360786199569702,1.6306028366088867,-0.2693971633911132
93.4437472820282,-0.34635779857635496,-0.3360786199569702,1.6306028366088867,-0.2693971633911132
93.47695803642273,-0.34635779857635496,-0.3360786199569702,1.6306028366088867,-0.2693971633911132
93.51007628440857,-0.34635779857635496,-0.3360786199569702,1.6306028366088867,-0.2693971633911132
93.5429174900055,-0.34635779857635496,-0.3360786199569702,1.6306028366088867,-0.2693971633911132
93.57600522041321,-0.34635779857635496,-0.3360786199569702,1.6306028366088867,-0.2693971633911132
93.60895276069641,-0.34635779857635496,-0.3360786199569702,1.6306028366088867,-0.2693971633911132
93.6420214176178,-0.34635779857635496,-0.3360786199569702,1.6306028366088867,-0.2693971633911132
93.67479205131531,-0.34635779857635496,-0.3360786199569702,1.6306028366088867,-0.2693971633911132
93.70796871185303,-0.34635779857635496,-0.3360786199569702,1.6306028366088867,-0.2693971633911132
93.74085474014282,-0.34635779857635496,-0.3360786199569702,1.6306028366088867,-0.2693971633911132
93.77398014068604,-0.34635779857635496,-0.3360786199569702,1.6306028366088867,-0.2693971633911132
93.80691170692444,-0.34635779857635496,-0.3360786199569702,1.6306028366088867,-0.2693971633911132
93.83997225761414,-0.34635779857635496,-0.3360786199569702,1.6306028366088867,-0.2693971633911132
93.87288665771484,-0.34635779857635496,-0.3360786199569702,1.6306028366088867,-0.2693971633911132
93.90592241287231,-0.34635779857635496,-0.3360786199569702,1.6306028366088867,-0.2693971633911132
93.93878197669983,-0.34635779857635496,-0.3360786199569702,1.6306028366088867,-0.2693971633911132
93.97163367271423,-0.34635779857635496,-0.3360786199569702,1.6306028366088867,-0.2693971633911132
94.00479984283447,-0.34635779857635496,-0.3360786199569702,1.6306028366088867,-0.2693971633911132
94.03777742385864,-0.34635779857635496,-0.3360786199569702,1.6306028366088867,-0.2693971633911132
94.07085633277893,-0.34635779857635496,-0.3360786199569702,1.6306028366088867,-0.2693971633911132
94.1042091846466,-0.34635779857635496,-0.3360786199569702,1.6306028366088867,-0.2693971633911132
94.1371123790741,-0.34635779857635496,-0.3360786199569702,1.6306028366088867,-0.2693971633911132
94.1701283454895,-0.34635779857635496,-0.3360786199569702,1.6306028366088867,-0.2693971633911132
94.20327043533325,-0.34635779857635496,-0.3360786199569702,1.6306028366088867,-0.2693971633911132
94.23605179786682,-0.34635779857635496,-0.3360786199569702,1.6306028366088867,-0.2693971633911132
94.26927089691162,-0.34635779857635496,-0.3360786199569702,1.6306028366088867,-0.2693971633911132
94.30230832099915,-0.34635779857635496,-0.3360786199569702,1.6306028366088867,-0.2693971633911132
94.33495116233826,-0.34635779857635496,-0.3360786199569702,1.6306028366088867,-0.2693971633911132
94.36792325973511,-0.34635779857635496,-0.3360786199569702,1.6306028366088867,-0.2693971633911132
94.40095138549805,-0.34635779857635496,-0.3360786199569702,1.6306028366088867,-0.2693971633911132
94.4339804649353,-0.34635779857635496,-0.3360786199569702,1.6306028366088867,-0.2693971633911132
94.46679282188416,-0.34635779857635496,-0.3360786199569702,1.6306028366088867,-0.2693971633911132
94.49995136260986,-0.34635779857635496,-0.3360786199569702,1.6306028366088867,-0.2693971633911132
94.53298830986023,-0.34635779857635496,-0.3360786199569702,1.6306028366088867,-0.2693971633911132
94.56595158576965,-0.34635779857635496,-0.3360786199569702,1.6306028366088867,-0.2693971633911132
94.59896206855774,-0.34635779857635496,-0.3360786199569702,1.6306028366088867,-0.2693971633911132
94.6319510936737,-0.34635779857635496,-0.3360786199569702,1.6306028366088867,-0.2693971633911132
94.66494560241699,-0.34635779857635496,-0.3360786199569702,1.6306028366088867,-0.2693971633911132
94.69788241386414,-0.34635779857635496,-0.3360786199569702,1.6306028366088867,-0.2693971633911132
94.73077988624573,-0.34635779857635496,-0.3360786199569702,1.6306028366088867,-0.2693971633911132
94.76392364501953,-0.34635779857635496,-0.3360786199569702,1.6306028366088867,-0.2693971633911132
94.79695105552673,-0.34635779857635496,-0.3360786199569702,1.6306028366088867,-0.2693971633911132
94.83006739616394,-0.34635779857635496,-0.3360786199569702,1.6306028366088867,-0.2693971633911132
94.86290216445923,-0.34635779857635496,-0.3360786199569702,1.6306028366088867,-0.2693971633911132
94.8958888053894,-0.34635779857635496,-0.3360786199569702,1.6306028366088867,-0.2693971633911132
94.92897129058838,-0.34635779857635496,-0.3360786199569702,1.6306028366088867,-0.2693971633911132
94.96203231811523,-0.34635779857635496,-0.3360786199569702,1.6306028366088867,-0.2693971633911132
94.9949779510498,-0.34635779857635496,-0.3360786199569702,1.6306028366088867,-0.2693971633911132
95.02804040908813,-0.34635779857635496,-0.3360786199569702,1.6306028366088867,-0.2693971633911132
95.06096410751343,-0.34635779857635496,-0.3360786199569702,1.6306028366088867,-0.2693971633911132
95.09399318695068,-0.34635779857635496,-0.3360786199569702,1.6306028366088867,-0.2693971633911132
95.12689781188965,-0.34635779857635496,-0.3360786199569702,1.6306028366088867,-0.2693971633911132
95.15985918045044,-0.34635779857635496,-0.3360786199569702,1.6306028366088867,-0.2693971633911132
95.19287204742432,-0.34635779857635496,-0.3360786199569702,1.6306028366088867,-0.2693971633911132
95.22593474388123,-0.34635779857635496,-0.3360786199569702,1.6306028366088867,-0.2693971633911132
95.2586350440979,-0.34635779857635496,-0.3360786199569702,1.6306028366088867,-0.2693971633911132
95.29195427894592,-0.34635779857635496,-0.3360786199569702,1.6306028366088867,-0.2693971633911132
95.32473182678223,-0.34635779857635496,-0.3360786199569702,1.6306028366088867,-0.2693971633911132
95.35799384117126,-0.34635779857635496,-0.3360786199569702,1.6306028366088867,-0.2693971633911132
95.3910071849823,-0.34635779857635496,-0.3360786199569702,1.6306028366088867,-0.2693971633911132
95.4239866733551,-0.34635779857635496,-0.3360786199569702,1.6306028366088867,-0.2693971633911132
95.45696330070496,-0.34635779857635496,-0.3360786199569702,1.6306028366088867,-0.2693971633911132
95.49000525474548,-0.34635779857635496,-0.3360786199569702,1.6306028366088867,-0.2693971633911132
95.52301263809204,-0.34635779857635496,-0.3360786199569702,1.6306028366088867,-0.2693971633911132
95.55595278739929,-0.34635779857635496,-0.3360786199569702,1.6306028366088867,-0.2693971633911132
95.5889081954956,-0.34635779857635496,-0.3360786199569702,1.6306028366088867,-0.2693971633911132
95.62196135520935,-0.34635779857635496,-0.3360786199569702,1.6306028366088867,-0.2693971633911132
95.65494060516357,-0.34635779857635496,-0.3360786199569702,1.6306028366088867,-0.2693971633911132
95.68793821334839,-0.34635779857635496,-0.3360786199569702,1.6306028366088867,-0.2693971633911132
95.72096538543701,-0.34635779857635496,-0.3360786199569702,1.6306028366088867,-0.2693971633911132
95.75381803512573,-0.34635779857635496,-0.3360786199569702,1.6306028366088867,-0.2693971633911132
95.78700137138367,-0.34635779857635496,-0.3360786199569702,1.6306028366088867,-0.2693971633911132
95.82002568244934,-0.34635779857635496,-0.3360786199569702,1.6306028366088867,-0.2693971633911132
95.85283374786377,-0.34635779857635496,-0.3360786199569702,1.6306028366088867,-0.2693971633911132
95.88598132133484,-0.34635779857635496,-0.3360786199569702,1.6306028366088867,-0.2693971633911132
95.91888427734375,-0.34635779857635496,-0.3360786199569702,1.6306028366088867,-0.2693971633911132
95.95186758041382,-0.34635779857635496,-0.3360786199569702,1.6306028366088867,-0.2693971633911132
95.98491740226746,-0.34635779857635496,-0.3360786199569702,1.6306028366088867,-0.2693971633911132
96.01800560951233,-0.34635779857635496,-0.3360786199569702,1.6306028366088867,-0.2693971633911132
96.05082726478577,-0.34635779857635496,-0.3360786199569702,1.6306028366088867,-0.2693971633911132
96.08390426635742,-0.34635779857635496,-0.3360786199569702,1.6306028366088867,-0.2693971633911132
96.11699485778809,-0.34635779857635496,-0.3360786199569702,1.6306028366088867,-0.2693971633911132
96.1497049331665,-0.34635779857635496,-0.3360786199569702,1.6306028366088867,-0.2693971633911132
96.1829764842987,-0.34635779857635496,-0.3360786199569702,1.6306028366088867,-0.2693971633911132
96.21594977378845,-0.34635779857635496,-0.3360786199569702,1.6306028366088867,-0.2693971633911132
96.24934959411621,-0.34635779857635496,-0.3360786199569702,1.6306028366088867,-0.2693971633911132
96.28211498260498,-0.34635779857635496,-0.3360786199569702,1.6306028366088867,-0.2693971633911132
96.3153429031372,-0.34635779857635496,-0.3360786199569702,1.6306028366088867,-0.2693971633911132
96.34817814826965,-0.34635779857635496,-0.3360786199569702,1.6306028366088867,-0.2693971633911132
96.38108706474304,-0.34635779857635496,-0.3360786199569702,1.6306028366088867,-0.2693971633911132
96.41414761543274,-0.34635779857635496,-0.3360786199569702,1.6306028366088867,-0.2693971633911132
96.44671249389648,-0.34635779857635496,-0.3360786199569702,1.6306028366088867,-0.2693971633911132
96.48007345199585,-0.34635779857635496,-0.3360786199569702,1.6306028366088867,-0.2693971633911132
96.51321053504944,-0.34635779857635496,-0.3360786199569702,1.6306028366088867,-0.2693971633911132
96.54590439796448,-0.34635779857635496,-0.3360786199569702,1.6306028366088867,-0.2693971633911132
96.5789361000061,-0.34635779857635496,-0.3360786199569702,1.6306028366088867,-0.2693971633911132
96.6117479801178,-0.34635779857635496,-0.3360786199569702,1.6306028366088867,-0.2693971633911132
96.64495182037354,-0.34635779857635496,-0.3360786199569702,1.6306028366088867,-0.2693971633911132
96.67788887023926,-0.34635779857635496,-0.3360786199569702,1.6306028366088867,-0.2693971633911132
96.71072626113892,-0.34635779857635496,-0.3360786199569702,1.6306028366088867,-0.2693971633911132
96.743980884552,-0.34635779857635496,-0.3360786199569702,1.6306028366088867,-0.2693971633911132
96.7770004272461,-0.34635779857635496,-0.3360786199569702,1.6306028366088867,-0.2693971633911132
96.80997395515442,-0.34635779857635496,-0.3360786199569702,1.6306028366088867,-0.2693971633911132
96.84276056289673,-0.34635779857635496,-0.3360786199569702,1.6306028366088867,-0.2693971633911132
96.87602877616882,-0.34635779857635496,-0.3360786199569702,1.6306028366088867,-0.2693971633911132
96.90900492668152,-0.34635779857635496,-0.3360786199569702,1.6306028366088867,-0.2693971633911132
96.94188952445984,-0.34635779857635496,-0.3360786199569702,1.6306028366088867,-0.2693971633911132
96.97502303123474,-0.34635779857635496,-0.3360786199569702,1.6306028366088867,-0.2693971633911132
97.00793766975403,-0.34635779857635496,-0.3360786199569702,1.6306028366088867,-0.2693971633911132
97.0408992767334,-0.34635779857635496,-0.3360786199569702,1.6306028366088867,-0.2693971633911132
97.07379484176636,-0.34635779857635496,-0.3360786199569702,1.6306028366088867,-0.2693971633911132
97.10695362091064,-0.34635779857635496,-0.3360786199569702,1.6306028366088867,-0.2693971633911132
97.1398811340332,-0.34635779857635496,-0.3360786199569702,1.6306028366088867,-0.2693971633911132
97.17294979095459,-0.34635779857635496,-0.3360786199569702,1.6306028366088867,-0.2693971633911132
97.2060034275055,-0.34635779857635496,-0.3360786199569702,1.6306028366088867,-0.2693971633911132
97.23891711235046,-0.34635779857635496,-0.3360786199569702,1.6306028366088867,-0.2693971633911132
97.27186703681946,-0.34635779857635496,-0.3360786199569702,1.6306028366088867,-0.2693971633911132
97.30501532554626,-0.34635779857635496,-0.3360786199569702,1.6306028366088867,-0.2693971633911132
97.33798360824585,-0.34635779857635496,-0.3360786199569702,1.6306028366088867,-0.2693971633911132
97.37097096443176,-0.34635779857635496,-0.3360786199569702,1.6306028366088867,-0.2693971633911132
97.4039318561554,-0.34635779857635496,-0.3360786199569702,1.6306028366088867,-0.2693971633911132
97.43697547912598,-0.34635779857635496,-0.3360786199569702,1.6306028366088867,-0.2693971633911132
97.46988892555237,-0.34635779857635496,-0.3360786199569702,1.6306028366088867,-0.2693971633911132
97.503000497818,-0.34635779857635496,-0.3360786199569702,1.6306028366088867,-0.2693971633911132
97.53594446182251,-0.34635779857635496,-0.3360786199569702,1.6306028366088867,-0.2693971633911132
97.56881070137024,-0.34635779857635496,-0.3360786199569702,1.6306028366088867,-0.2693971633911132
97.6017382144928,-0.34635779857635496,-0.3360786199569702,1.6306028366088867,-0.2693971633911132
97.63493871688843,-0.34635779857635496,-0.3360786199569702,1.6306028366088867,-0.2693971633911132
97.6678855419159,-0.34635779857635496,-0.3360786199569702,1.6306028366088867,-0.2693971633911132
97.70089435577393,-0.34635779857635496,-0.3360786199569702,1.6306028366088867,-0.2693971633911132
97.73381352424622,-0.34635779857635496,-0.3360786199569702,1.6306028366088867,-0.2693971633911132
97.76681089401245,-0.34635779857635496,-0.3360786199569702,1.6306028366088867,-0.2693971633911132
97.80000305175781,-0.34635779857635496,-0.3360786199569702,1.6306028366088867,-0.2693971633911132
97.83270835876465,-0.34635779857635496,-0.3360786199569702,1.6306028366088867,-0.2693971633911132
97.8660204410553,-0.34635779857635496,-0.3360786199569702,1.6306028366088867,-0.2693971633911132
97.8987169265747,-0.34635779857635496,-0.3360786199569702,1.6306028366088867,-0.2693971633911132
97.9317889213562,-0.34635779857635496,-0.3360786199569702,1.6306028366088867,-0.2693971633911132
97.96483588218689,-0.34635779857635496,-0.3360786199569702,1.6306028366088867,-0.2693971633911132
97.99796032905579,-0.34635779857635496,-0.3360786199569702,1.6306028366088867,-0.2693971633911132
98.0308084487915,-0.34635779857635496,-0.3360786199569702,1.6306028366088867,-0.2693971633911132
98.06401944160461,-0.34635779857635496,-0.3360786199569702,1.6306028366088867,-0.2693971633911132
98.09696412086487,-0.34635779857635496,-0.3360786199569702,1.6306028366088867,-0.2693971633911132
98.12982439994812,-0.34635779857635496,-0.3360786199569702,1.6306028366088867,-0.2693971633911132
98.16300821304321,-0.34635779857635496,-0.3360786199569702,1.6306028366088867,-0.2693971633911132
98.1960220336914,-0.34635779857635496,-0.3360786199569702,1.6306028366088867,-0.2693971633911132
98.22897553443909,-0.34635779857635496,-0.3360786199569702,1.6306028366088867,-0.2693971633911132
98.26200246810913,-0.34635779857635496,-0.3360786199569702,1.6306028366088867,-0.2693971633911132
98.29476189613342,-0.34635779857635496,-0.3360786199569702,1.6306028366088867,-0.2693971633911132
98.32790184020996,-0.34635779857635496,-0.3360786199569702,1.6306028366088867,-0.2693971633911132
98.36084628105164,-0.34635779857635496,-0.3360786199569702,1.6306028366088867,-0.2693971633911132
98.39397692680359,-0.34635779857635496,-0.3360786199569702,1.6306028366088867,-0.2693971633911132
98.4269425868988,-0.34635779857635496,-0.3360786199569702,1.6306028366088867,-0.2693971633911132
98.45999479293823,-0.34635779857635496,-0.3360786199569702,1.6306028366088867,-0.2693971633911132
98.49301147460938,-0.34635779857635496,-0.3360786199569702,1.6306028366088867,-0.2693971633911132
98.52598357200623,-0.34635779857635496,-0.3360786199569702,1.6306028366088867,-0.2693971633911132
98.55902075767517,-0.34635779857635496,-0.3360786199569702,1.6306028366088867,-0.2693971633911132
98.59206223487854,-0.34635779857635496,-0.3360786199569702,1.6306028366088867,-0.2693971633911132
98.62497520446777,-0.34635779857635496,-0.3360786199569702,1.6306028366088867,-0.2693971633911132
98.65800476074219,-0.34635779857635496,-0.3360786199569702,1.6306028366088867,-0.2693971633911132
98.69079685211182,-0.34635779857635496,-0.3360786199569702,1.6306028366088867,-0.2693971633911132
98.72395825386047,-0.34635779857635496,-0.3360786199569702,1.6306028366088867,-0.2693971633911132
98.75690937042236,-0.34635779857635496,-0.3360786199569702,1.6306028366088867,-0.2693971633911132
98.78985857963562,-0.34635779857635496,-0.3360786199569702,1.6306028366088867,-0.2693971633911132
98.82303786277771,-0.34635779857635496,-0.3360786199569702,1.6306028366088867,-0.2693971633911132
98.85580587387085,-0.34635779857635496,-0.3360786199569702,1.6306028366088867,-0.2693971633911132
98.88903832435608,-0.34635779857635496,-0.3360786199569702,1.6306028366088867,-0.2693971633911132
98.92176532745361,-0.34635779857635496,-0.3360786199569702,1.6306028366088867,-0.2693971633911132
98.95503497123718,-0.34635779857635496,-0.3360786199569702,1.6306028366088867,-0.2693971633911132
98.9879379272461,-0.34635779857635496,-0.3360786199569702,1.6306028366088867,-0.2693971633911132
99.02076482772827,-0.34635779857635496,-0.3360786199569702,1.6306028366088867,-0.2693971633911132
99.05380439758301,-0.34635779857635496,-0.3360786199569702,1.6306028366088867,-0.2693971633911132
99.08700156211853,-0.34635779857635496,-0.3360786199569702,1.6306028366088867,-0.2693971633911132
99.11994123458862,-0.34635779857635496,-0.3360786199569702,1.6306028366088867,-0.2693971633911132
99.15297102928162,-0.34635779857635496,-0.3360786199569702,1.6306028366088867,-0.2693971633911132
99.18594193458557,-0.34635779857635496,-0.3360786199569702,1.6306028366088867,-0.2693971633911132
99.21903586387634,-0.34635779857635496,-0.3360786199569702,1.6306028366088867,-0.2693971633911132
99.25194048881531,-0.34635779857635496,-0.3360786199569702,1.6306028366088867,-0.2693971633911132
99.28497958183289,-0.34635779857635496,-0.3360786199569702,1.6306028366088867,-0.2693971633911132
99.31772470474243,-0.34635779857635496,-0.3360786199569702,1.6306028366088867,-0.2693971633911132
99.35099077224731,-0.34635779857635496,-0.3360786199569702,1.6306028366088867,-0.2693971633911132
99.38388180732727,-0.34635779857635496,-0.3360786199569702,1.6306028366088867,-0.2693971633911132
99.41674709320068,-0.34635779857635496,-0.3360786199569702,1.6306028366088867,-0.2693971633911132
99.44995927810669,-0.34635779857635496,-0.3360786199569702,1.6306028366088867,-0.2693971633911132
99.48286461830139,-0.34635779857635496,-0.3360786199569702,1.6306028366088867,-0.2693971633911132
99.51585984230042,-0.34635779857635496,-0.3360786199569702,1.6306028366088867,-0.2693971633911132
99.54889750480652,-0.34635779857635496,-0.3360786199569702,1.6306028366088867,-0.2693971633911132
99.58198046684265,-0.34635779857635496,-0.3360786199569702,1.6306028366088867,-0.2693971633911132
99.6147985458374,-0.34635779857635496,-0.3360786199569702,1.6306028366088867,-0.2693971633911132
99.64784169197083,-0.34635779857635496,-0.3360786199569702,1.6306028366088867,-0.2693971633911132
99.68078947067261,-0.34635779857635496,-0.3360786199569702,1.6306028366088867,-0.2693971633911132
99.71373653411865,-0.34635779857635496,-0.3360786199569702,1.6306028366088867,-0.2693971633911132
99.74685668945312,-0.34635779857635496,-0.3360786199569702,1.6306028366088867,-0.2693971633911132
99.77993297576904,-0.34635779857635496,-0.3360786199569702,1.6306028366088867,-0.2693971633911132
99.81297397613525,-0.34635779857635496,-0.3360786199569702,1.6306028366088867,-0.2693971633911132
99.84593534469604,-0.34635779857635496,-0.3360786199569702,1.6306028366088867,-0.2693971633911132
99.87895131111145,-0.34635779857635496,-0.3360786199569702,1.6306028366088867,-0.2693971633911132
99.9120500087738,-0.34635779857635496,-0.3360786199569702,1.6306028366088867,-0.2693971633911132
99.94505476951599,-0.34635779857635496,-0.3360786199569702,1.6306028366088867,-0.2693971633911132
99.9779760837555,-0.34635779857635496,-0.3360786199569702,1.6306028366088867,-0.2693971633911132
100.01092839241028,-0.34635779857635496,-0.3360786199569702,1.6306028366088867,-0.2693971633911132
100.04391884803772,-0.34635779857635496,-0.3360786199569702,1.6306028366088867,-0.2693971633911132
100.0768051147461,-0.34635779857635496,-0.3360786199569702,1.6306028366088867,-0.2693971633911132
100.10993528366089,-0.34635779857635496,-0.3360786199569702,1.6306028366088867,-0.2693971633911132
100.14293813705444,-0.34635779857635496,-0.3360786199569702,1.6306028366088867,-0.2693971633911132
100.17594122886658,-0.34635779857635496,-0.3360786199569702,1.6306028366088867,-0.2693971633911132
100.20897626876831,-0.34635779857635496,-0.3360786199569702,1.6306028366088867,-0.2693971633911132
100.24193811416626,-0.34635779857635496,-0.3360786199569702,1.6306028366088867,-0.2693971633911132
100.27495694160461,-0.34635779857635496,-0.3360786199569702,1.6306028366088867,-0.2693971633911132
100.3079788684845,-0.34635779857635496,-0.3360786199569702,1.6306028366088867,-0.2693971633911132
100.3408432006836,-0.34635779857635496,-0.3360786199569702,1.6306028366088867,-0.2693971633911132
100.37385296821594,-0.34635779857635496,-0.3360786199569702,1.6306028366088867,-0.2693971633911132
100.40689969062805,-0.34635779857635496,-0.3360786199569702,1.6306028366088867,-0.2693971633911132
100.44002103805542,-0.34635779857635496,-0.3360786199569702,1.6306028366088867,-0.2693971633911132
100.47275519371033,-0.34635779857635496,-0.3360786199569702,1.6306028366088867,-0.2693971633911132
100.50602555274963,-0.34635779857635496,-0.3360786199569702,1.6306028366088867,-0.2693971633911132
100.53894329071045,-0.34635779857635496,-0.3360786199569702,1.6306028366088867,-0.2693971633911132
100.57199335098267,-0.34635779857635496,-0.3360786199569702,1.6306028366088867,-0.2693971633911132
100.60497188568115,-0.34635779857635496,-0.3360786199569702,1.6306028366088867,-0.2693971633911132
100.63793587684631,-0.34635779857635496,-0.3360786199569702,1.6306028366088867,-0.2693971633911132
100.67083978652954,-0.34635779857635496,-0.3360786199569702,1.6306028366088867,-0.2693971633911132
100.7039680480957,-0.34635779857635496,-0.3360786199569702,1.6306028366088867,-0.2693971633911132
100.73693943023682,-0.34635779857635496,-0.3360786199569702,1.6306028366088867,-0.2693971633911132
100.76995348930359,-0.34635779857635496,-0.3360786199569702,1.6306028366088867,-0.2693971633911132
100.8029956817627,-0.34635779857635496,-0.3360786199569702,1.6306028366088867,-0.2693971633911132
100.83589696884155,-0.34635779857635496,-0.3360786199569702,1.6306028366088867,-0.2693971633911132
100.86896300315857,-0.34635779857635496,-0.3360786199569702,1.6306028366088867,-0.2693971633911132
100.90191984176636,-0.34635779857635496,-0.3360786199569702,1.6306028366088867,-0.2693971633911132
100.93495464324951,-0.34635779857635496,-0.3360786199569702,1.6306028366088867,-0.2693971633911132
100.96778464317322,-0.34635779857635496,-0.3360786199569702,1.6306028366088867,-0.2693971633911132
101.00100898742676,-0.34635779857635496,-0.3360786199569702,1.6306028366088867,-0.2693971633911132
101.03389930725098,-0.34635779857635496,-0.3360786199569702,1.6306028366088867,-0.2693971633911132
101.06689238548279,-0.34635779857635496,-0.3360786199569702,1.6306028366088867,-0.2693971633911132
101.09993362426758,-0.34635779857635496,-0.3360786199569702,1.6306028366088867,-0.2693971633911132
101.13271594047546,-0.34635779857635496,-0.3360786199569702,1.6306028366088867,-0.2693971633911132
101.16579222679138,-0.34635779857635496,-0.3360786199569702,1.6306028366088867,-0.2693971633911132
101.19878673553467,-0.34635779857635496,-0.3360786199569702,1.6306028366088867,-0.2693971633911132
101.23193502426147,-0.34635779857635496,-0.3360786199569702,1.6306028366088867,-0.2693971633911132
101.26500916481018,-0.34635779857635496,-0.3360786199569702,1.6306028366088867,-0.2693971633911132
101.29796290397644,-0.34635779857635496,-0.3360786199569702,1.6306028366088867,-0.2693971633911132
101.33099293708801,-0.34635779857635496,-0.3360786199569702,1.6306028366088867,-0.2693971633911132
101.36381459236145,-0.34635779857635496,-0.3360786199569702,1.6306028366088867,-0.2693971633911132
101.39685416221619,-0.34635779857635496,-0.3360786199569702,1.6306028366088867,-0.2693971633911132
101.42981624603271,-0.34635779857635496,-0.3360786199569702,1.6306028366088867,-0.2693971633911132
101.46285343170166,-0.34635779857635496,-0.3360786199569702,1.6306028366088867,-0.2693971633911132
101.49572372436523,-0.34635779857635496,-0.3360786199569702,1.6306028366088867,-0.2693971633911132
101.52869987487793,-0.34635779857635496,-0.3360786199569702,1.6306028366088867,-0.2693971633911132
101.5618691444397,-0.34635779857635496,-0.3360786199569702,1.6306028366088867,-0.2693971633911132
101.59496903419495,-0.34635779857635496,-0.3360786199569702,1.6306028366088867,-0.2693971633911132
101.62771797180176,-0.34635779857635496,-0.3360786199569702,1.6306028366088867,-0.2693971633911132
101.66115736961365,-0.34635779857635496,-0.3360786199569702,1.6306028366088867,-0.2693971633911132
101.69396448135376,-0.34635779857635496,-0.3360786199569702,1.6306028366088867,-0.2693971633911132
101.72698307037354,-0.34635779857635496,-0.3360786199569702,1.6306028366088867,-0.2693971633911132
101.75978636741638,-0.34635779857635496,-0.3360786199569702,1.6306028366088867,-0.2693971633911132
101.79279899597168,-0.34635779857635496,-0.3360786199569702,1.6306028366088867,-0.2693971633911132
101.825936794281,-0.34635779857635496,-0.3360786199569702,1.6306028366088867,-0.2693971633911132
101.85896754264832,-0.34635779857635496,-0.3360786199569702,1.6306028366088867,-0.2693971633911132
101.8917908668518,-0.34635779857635496,-0.3360786199569702,1.6306028366088867,-0.2693971633911132
101.92501592636108,-0.34635779857635496,-0.3360786199569702,1.6306028366088867,-0.2693971633911132
101.95807194709778,-0.34635779857635496,-0.3360786199569702,1.6306028366088867,-0.2693971633911132
101.99093532562256,-0.34635779857635496,-0.3360786199569702,1.6306028366088867,-0.2693971633911132
102.02389287948608,-0.34635779857635496,-0.3360786199569702,1.6306028366088867,-0.2693971633911132
102.05684757232666,-0.34635779857635496,-0.3360786199569702,1.6306028366088867,-0.2693971633911132
102.08996248245239,-0.34635779857635496,-0.3360786199569702,1.6306028366088867,-0.2693971633911132
102.12294220924377,-0.34635779857635496,-0.3360786199569702,1.6306028366088867,-0.2693971633911132
102.15601706504822,-0.34635779857635496,-0.3360786199569702,1.6306028366088867,-0.2693971633911132
102.18897128105164,-0.34635779857635496,-0.3360786199569702,1.6306028366088867,-0.2693971633911132
102.2219934463501,-0.34635779857635496,-0.3360786199569702,1.6306028366088867,-0.2693971633911132
102.25499129295349,-0.34635779857635496,-0.3360786199569702,1.6306028366088867,-0.2693971633911132
102.28768420219421,-0.34635779857635496,-0.3360786199569702,1.6306028366088867,-0.2693971633911132
102.3210129737854,-0.34635779857635496,-0.3360786199569702,1.6306028366088867,-0.2693971633911132
102.35374283790588,-0.34635779857635496,-0.3360786199569702,1.6306028366088867,-0.2693971633911132
102.38683247566223,-0.34635779857635496,-0.3360786199569702,1.6306028366088867,-0.2693971633911132
102.42001271247864,-0.34635779857635496,-0.3360786199569702,1.6306028366088867,-0.2693971633911132
102.4530119895935,-0.34635779857635496,-0.3360786199569702,1.6306028366088867,-0.2693971633911132
102.48607015609741,-0.34635779857635496,-0.3360786199569702,1.6306028366088867,-0.2693971633911132
102.51896739006042,-0.34635779857635496,-0.3360786199569702,1.6306028366088867,-0.2693971633911132
102.55186557769775,-0.34635779857635496,-0.3360786199569702,1.6306028366088867,-0.2693971633911132
102.58482670783997,-0.34635779857635496,-0.3360786199569702,1.6306028366088867,-0.2693971633911132
102.61785459518433,-0.34635779857635496,-0.3360786199569702,1.6306028366088867,-0.2693971633911132
102.65122890472412,-0.34635779857635496,-0.3360786199569702,1.6306028366088867,-0.2693971633911132
102.68423008918762,-0.34635779857635496,-0.3360786199569702,1.6306028366088867,-0.2693971633911132
102.71723985671997,-0.34635779857635496,-0.3360786199569702,1.6306028366088867,-0.2693971633911132
102.75019645690918,-0.34635779857635496,-0.3360786199569702,1.6306028366088867,-0.2693971633911132
102.78315162658691,-0.34635779857635496,-0.3360786199569702,1.6306028366088867,-0.2693971633911132
102.81605195999146,-0.34635779857635496,-0.3360786199569702,1.6306028366088867,-0.2693971633911132
102.84885120391846,-0.34635779857635496,-0.3360786199569702,1.6306028366088867,-0.2693971633911132
102.88180017471313,-0.34635779857635496,-0.3360786199569702,1.6306028366088867,-0.2693971633911132
102.91469311714172,-0.34635779857635496,-0.3360786199569702,1.6306028366088867,-0.2693971633911132
102.94779443740845,-0.34635779857635496,-0.3360786199569702,1.6306028366088867,-0.2693971633911132
102.98095417022705,-0.34635779857635496,-0.3360786199569702,1.6306028366088867,-0.2693971633911132
103.01386189460754,-0.34635779857635496,-0.3360786199569702,1.6306028366088867,-0.2693971633911132
103.04677414894104,-0.34635779857635496,-0.3360786199569702,1.6306028366088867,-0.2693971633911132
103.07975220680237,-0.34635779857635496,-0.3360786199569702,1.6306028366088867,-0.2693971633911132
103.11291670799255,-0.34635779857635496,-0.3360786199569702,1.6306028366088867,-0.2693971633911132
103.14592361450195,-0.34635779857635496,-0.3360786199569702,1.6306028366088867,-0.2693971633911132
103.1788158416748,-0.34635779857635496,-0.3360786199569702,1.6306028366088867,-0.2693971633911132
103.2118067741394,-0.34635779857635496,-0.3360786199569702,1.6306028366088867,-0.2693971633911132
103.24488639831543,-0.34635779857635496,-0.3360786199569702,1.6306028366088867,-0.2693971633911132
103.27792239189148,-0.34635779857635496,-0.3360786199569702,1.6306028366088867,-0.2693971633911132
103.310950756073,-0.34635779857635496,-0.3360786199569702,1.6306028366088867,-0.2693971633911132
103.34399843215942,-0.34635779857635496,-0.3360786199569702,1.6306028366088867,-0.2693971633911132
103.37682032585144,-0.34635779857635496,-0.3360786199569702,1.6306028366088867,-0.2693971633911132
103.40984439849854,-0.34635779857635496,-0.3360786199569702,1.6306028366088867,-0.2693971633911132
103.44291234016418,-0.34635779857635496,-0.3360786199569702,1.6306028366088867,-0.2693971633911132
103.47579979896545,-0.34635779857635496,-0.3360786199569702,1.6306028366088867,-0.2693971633911132
103.50890398025513,-0.34635779857635496,-0.3360786199569702,1.6306028366088867,-0.2693971633911132
103.541912317276,-0.34635779857635496,-0.3360786199569702,1.6306028366088867,-0.2693971633911132
103.57487559318542,-0.34635779857635496,-0.3360786199569702,1.6306028366088867,-0.2693971633911132
103.60788750648499,-0.34635779857635496,-0.3360786199569702,1.6306028366088867,-0.2693971633911132
103.64088273048401,-0.34635779857635496,-0.3360786199569702,1.6306028366088867,-0.2693971633911132
103.67374038696289,6.287628202699125e-05,-0.7193807601928711,1.7125230789184571,-0.1874769210815428
103.70699334144592,-0.002804870717227459,-0.7159811019897461,1.7020401000976562,-0.19795989990234375
103.74019956588745,-0.005467157810926437,-0.728416109085083,1.7297367095947265,-0.17026329040527344
103.77308917045593,-0.008352027833461761,-0.7179588794708252,1.7034137725830079,-0.19658622741699205
103.80625319480896,-0.011907711625099182,-0.728312635421753,1.72542724609375,-0.17457275390624982
103.83907008171082,-0.013920462131500244,-0.709480094909668,1.6766996383666992,-0.2233003616333007
103.87209272384644,-0.015233965218067169,-0.7217774868011475,1.7007219314575195,-0.19927806854248042
103.90480279922485,-0.015831755101680757,-0.7059465885162354,1.6583898544311524,-0.24161014556884752
103.93805456161499,-0.017036713659763336,-0.701540184020996,1.6478494644165038,-0.2521505355834961
103.97121930122375,-0.01804061084985733,-0.7044727802276611,1.658844566345215,-0.24115543365478498
104.00430345535278,-0.018706752359867095,-0.7000531673431396,1.655949020385742,-0.2440509796142578
104.03708386421204,-0.018886058032512663,-0.698113203048706,1.657098388671875,-0.24290161132812482
104.0696668624878,-0.019534024596214294,-0.6859766006469726,1.6332670211791993,-0.2667329788208006
104.1027500629425,-0.022177383303642273,-0.6912464141845703,1.6540363311767579,-0.24596366882324205
104.13578295707703,-0.02602304518222809,-0.6824648380279541,1.6413887023925782,-0.25861129760742174
104.16875767707825,-0.030217841267585754,-0.6917604923248291,1.6705055236816406,-0.2294944763183593
104.20176792144775,-0.030217841267585754,-0.6917604923248291,1.6705055236816406,-0.2294944763183593
104.23482751846313,-0.03334914147853851,-0.6920193195343017,1.678520965576172,-0.221479034423828
104.26839566230774,-0.03372342586517334,-0.6942502498626709,1.6844341278076171,-0.21556587219238277
104.30094385147095,-0.0325366348028183,-0.7014886379241944,1.6967336654663085,-0.20326633453369136
104.33401370048523,-0.028889134526252747,-0.6965711116790771,1.6751825332641601,-0.2248174667358398
104.36677122116089,-0.028205054998397826,-0.6995305061340332,1.6764545440673828,-0.2235454559326171
104.40027260780334,-0.028205054998397826,-0.6995305061340332,1.6764545440673828,-0.2235454559326171
104.4331636428833,-0.027379143238067626,-0.7017107486724854,1.6775150299072266,-0.22248497009277335
104.4662218093872,-0.026265180110931395,-0.6971658706665039,1.6626487731933595,-0.23735122680664045
104.49935913085938,-0.025000742077827452,-0.7050914764404297,1.6770078659057617,-0.22299213409423824
104.53190922737122,-0.025172948837280273,-0.7186298847198487,1.7035619735717773,-0.1964380264282226
104.56469798088074,-0.026077228784561157,-0.7257075309753418,1.7062108993530274,-0.19378910064697252
104.5976824760437,-0.024160145223140715,-0.7253010749816895,1.6994935989379882,-0.20050640106201167
104.63092184066772,-0.024160145223140715,-0.7253010749816895,1.6994935989379882,-0.20050640106201167
104.66413283348083,-0.025417038798332216,-0.7307003498077392,1.6941389083862304,-0.20586109161376953
104.69711422920227,-0.025417038798332216,-0.7307003498077392,1.6941389083862304,-0.20586109161376953
104.73041534423828,-0.02856749892234802,-0.7326170921325683,1.6896921157836915,-0.21030788421630842
104.76324701309204,-0.03214356303215027,-0.737938404083252,1.6973169326782227,-0.2026830673217772
104.79593634605408,-0.03440847396850586,-0.724806833267212,1.6640687942504884,-0.23593120574951154
104.8291027545929,-0.03440847396850586,-0.724806833267212,1.6640687942504884,-0.23593120574951154
104.86200904846191,-0.03440847396850586,-0.724806833267212,1.6640687942504884,-0.23593120574951154
104.89484667778015,-0.03440847396850586,-0.724806833267212,1.6640687942504884,-0.23593120574951154
104.92798328399658,-0.03440847396850586,-0.724806833267212,1.6640687942504884,-0.23593120574951154
104.96098470687866,-0.03440847396850586,-0.724806833267212,1.6640687942504884,-0.23593120574951154
104.99397397041321,-0.03440847396850586,-0.724806833267212,1.6640687942504884,-0.23593120574951154
105.02701711654663,-0.03440847396850586,-0.724806833267212,1.6640687942504884,-0.23593120574951154
105.06005692481995,-0.03440847396850586,-0.724806833267212,1.6640687942504884,-0.23593120574951154
105.09299349784851,-0.03440847396850586,-0.724806833267212,1.6640687942504884,-0.23593120574951154
105.12596726417542,-0.03440847396850586,-0.724806833267212,1.6640687942504884,-0.23593120574951154
105.15894031524658,-0.03440847396850586,-0.724806833267212,1.6640687942504884,-0.23593120574951154
105.19207906723022,-0.03440847396850586,-0.724806833267212,1.6640687942504884,-0.23593120574951154
105.22498989105225,-0.03440847396850586,-0.724806833267212,1.6640687942504884,-0.23593120574951154
105.2579562664032,-0.03440847396850586,-0.724806833267212,1.6640687942504884,-0.23593120574951154
105.29124546051025,-0.03440847396850586,-0.724806833267212,1.6640687942504884,-0.23593120574951154
105.32394051551819,-0.03440847396850586,-0.724806833267212,1.6640687942504884,-0.23593120574951154
105.35700416564941,-0.03440847396850586,-0.724806833267212,1.6640687942504884,-0.23593120574951154
105.38990664482117,-0.03440847396850586,-0.724806833267212,1.6640687942504884,-0.23593120574951154
105.42298722267151,-0.03440847396850586,-0.724806833267212,1.6640687942504884,-0.23593120574951154
105.45584964752197,-0.03440847396850586,-0.724806833267212,1.6640687942504884,-0.23593120574951154
105.48899340629578,-0.03440847396850586,-0.724806833267212,1.6640687942504884,-0.23593120574951154
105.52197122573853,-0.03440847396850586,-0.724806833267212,1.6640687942504884,-0.23593120574951154
105.55496525764465,-0.03440847396850586,-0.724806833267212,1.6640687942504884,-0.23593120574951154
105.58796811103821,-0.03440847396850586,-0.724806833267212,1.6640687942504884,-0.23593120574951154
105.62147188186646,-0.03440847396850586,-0.724806833267212,1.6640687942504884,-0.23593120574951154
105.6541314125061,-0.03440847396850586,-0.724806833267212,1.6640687942504884,-0.23593120574951154
105.68721199035645,-0.03440847396850586,-0.724806833267212,1.6640687942504884,-0.23593120574951154
105.72023844718933,-0.03440847396850586,-0.724806833267212,1.6640687942504884,-0.23593120574951154
105.7533929347992,-0.03440847396850586,-0.724806833267212,1.6640687942504884,-0.23593120574951154
105.7864146232605,-0.03440847396850586,-0.724806833267212,1.6640687942504884,-0.23593120574951154
105.81958556175232,-0.03440847396850586,-0.724806833267212,1.6640687942504884,-0.23593120574951154
105.85249066352844,-0.03440847396850586,-0.724806833267212,1.6640687942504884,-0.23593120574951154
105.88540959358215,-0.03440847396850586,-0.724806833267212,1.6640687942504884,-0.23593120574951154
105.91857933998108,-0.03440847396850586,-0.724806833267212,1.6640687942504884,-0.23593120574951154
105.95136213302612,-0.03440847396850586,-0.724806833267212,1.6640687942504884,-0.23593120574951154
105.98459458351135,-0.03440847396850586,-0.724806833267212,1.6640687942504884,-0.23593120574951154
106.01702642440796,-0.03440847396850586,-0.724806833267212,1.6640687942504884,-0.23593120574951154
106.05066204071045,-0.03440847396850586,-0.724806833267212,1.6640687942504884,-0.23593120574951154
106.08349227905273,-0.03440847396850586,-0.724806833267212,1.6640687942504884,-0.23593120574951154
106.11651062965393,-0.03440847396850586,-0.724806833267212,1.6640687942504884,-0.23593120574951154
106.14897346496582,-0.03440847396850586,-0.724806833267212,1.6640687942504884,-0.23593120574951154
106.18210124969482,-0.03440847396850586,-0.724806833267212,1.6640687942504884,-0.23593120574951154
106.21554660797119,-0.03440847396850586,-0.724806833267212,1.6640687942504884,-0.23593120574951154
106.24850487709045,-0.03440847396850586,-0.724806833267212,1.6640687942504884,-0.23593120574951154
106.2814838886261,-0.03440847396850586,-0.724806833267212,1.6640687942504884,-0.23593120574951154
106.31459760665894,-0.03440847396850586,-0.724806833267212,1.6640687942504884,-0.23593120574951154
106.34779787063599,-0.03440847396850586,-0.724806833267212,1.6640687942504884,-0.23593120574951154
106.38077211380005,-0.03440847396850586,-0.724806833267212,1.6640687942504884,-0.23593120574951154
106.41352796554565,-0.03440847396850586,-0.724806833267212,1.6640687942504884,-0.23593120574951154
106.44642186164856,-0.03440847396850586,-0.724806833267212,1.6640687942504884,-0.23593120574951154
106.4792902469635,-0.03440847396850586,-0.724806833267212,1.6640687942504884,-0.23593120574951154
106.51222896575928,-0.03440847396850586,-0.724806833267212,1.6640687942504884,-0.23593120574951154
106.54532098770142,-0.03440847396850586,-0.724806833267212,1.6640687942504884,-0.23593120574951154
106.57833361625671,-0.03440847396850586,-0.724806833267212,1.6640687942504884,-0.23593120574951154
106.61130166053772,-0.03440847396850586,-0.724806833267212,1.6640687942504884,-0.23593120574951154
106.64428496360779,-0.03440847396850586,-0.724806833267212,1.6640687942504884,-0.23593120574951154
106.67744398117065,-0.03440847396850586,-0.724806833267212,1.6640687942504884,-0.23593120574951154
106.71042323112488,-0.03440847396850586,-0.724806833267212,1.6640687942504884,-0.23593120574951154
106.7433340549469,-0.03440847396850586,-0.724806833267212,1.6640687942504884,-0.23593120574951154
106.7764265537262,-0.03440847396850586,-0.724806833267212,1.6640687942504884,-0.23593120574951154
106.80937552452087,-0.03440847396850586,-0.724806833267212,1.6640687942504884,-0.23593120574951154
106.8424003124237,-0.03440847396850586,-0.724806833267212,1.6640687942504884,-0.23593120574951154
106.87537574768066,-0.03440847396850586,-0.724806833267212,1.6640687942504884,-0.23593120574951154
106.90832114219666,-0.03440847396850586,-0.724806833267212,1.6640687942504884,-0.23593120574951154
106.94139790534973,-0.03440847396850586,-0.724806833267212,1.6640687942504884,-0.23593120574951154
106.9743001461029,-0.03440847396850586,-0.724806833267212,1.6640687942504884,-0.23593120574951154
107.00730800628662,-0.03440847396850586,-0.724806833267212,1.6640687942504884,-0.23593120574951154
107.04062700271606,-0.03440847396850586,-0.724806833267212,1.6640687942504884,-0.23593120574951154
107.0733699798584,-0.03440847396850586,-0.724806833267212,1.6640687942504884,-0.23593120574951154
107.10651564598083,-0.03440847396850586,-0.724806833267212,1.6640687942504884,-0.23593120574951154
107.13930344581604,-0.03440847396850586,-0.724806833267212,1.6640687942504884,-0.23593120574951154
107.17221760749817,-0.03440847396850586,-0.724806833267212,1.6640687942504884,-0.23593120574951154
107.20530867576599,-0.03440847396850586,-0.724806833267212,1.6640687942504884,-0.23593120574951154
107.23798990249634,-0.03440847396850586,-0.724806833267212,1.6640687942504884,-0.23593120574951154
107.27096390724182,-0.03440847396850586,-0.724806833267212,1.6640687942504884,-0.23593120574951154
107.3042299747467,-0.031669461727142335,-0.5761861801147461,2.0915855407714843,0.19158554077148438
107.33719491958618,-0.031669461727142335,-0.5761861801147461,2.0915855407714843,0.19158554077148438
107.3702323436737,-0.031669461727142335,-0.5761861801147461,2.0915855407714843,0.19158554077148438
107.40329957008362,-0.031669461727142335,-0.5761861801147461,2.0915855407714843,0.19158554077148438
107.43642020225525,-0.031669461727142335,-0.5761861801147461,2.0915855407714843,0.19158554077148438
107.46935820579529,-0.031669461727142335,-0.5761861801147461,2.0915855407714843,0.19158554077148438
107.5022668838501,-0.031669461727142335,-0.5761861801147461,2.0915855407714843,0.19158554077148438
107.53492426872253,-0.031669461727142335,-0.5761861801147461,2.0915855407714843,0.19158554077148438
107.56788992881775,-0.031669461727142335,-0.5761861801147461,2.0915855407714843,0.19158554077148438
107.60088348388672,-0.031669461727142335,-0.5761861801147461,2.0915855407714843,0.19158554077148438
107.63392281532288,-0.031669461727142335,-0.5761861801147461,2.0915855407714843,0.19158554077148438
107.66693067550659,-0.031669461727142335,-0.5761861801147461,2.0915855407714843,0.19158554077148438
107.70022177696228,-0.031669461727142335,-0.5761861801147461,2.0915855407714843,0.19158554077148438
107.73288989067078,-0.031669461727142335,-0.5761861801147461,2.0915855407714843,0.19158554077148438
107.76597261428833,-0.031669461727142335,-0.5761861801147461,2.0915855407714843,0.19158554077148438
107.79889130592346,-0.031669461727142335,-0.5761861801147461,2.0915855407714843,0.19158554077148438
107.8318920135498,-0.031669461727142335,-0.5761861801147461,2.0915855407714843,0.19158554077148438
107.86496949195862,-0.031669461727142335,-0.5761861801147461,2.0915855407714843,0.19158554077148438
107.89797830581665,-0.031669461727142335,-0.5761861801147461,2.0915855407714843,0.19158554077148438
107.93092584609985,-0.031669461727142335,-0.5761861801147461,2.0915855407714843,0.19158554077148438
107.9642539024353,-0.031669461727142335,-0.5761861801147461,2.0915855407714843,0.19158554077148438
107.996915102005,-0.031669461727142335,-0.5761861801147461,2.0915855407714843,0.19158554077148438
108.03013515472412,-0.031669461727142335,-0.5761861801147461,2.0915855407714843,0.19158554077148438
108.06294417381287,-0.031669461727142335,-0.5761861801147461,2.0915855407714843,0.19158554077148438
108.09592294692993,-0.031669461727142335,-0.5761861801147461,2.0915855407714843,0.19158554077148438
108.12899994850159,-0.031669461727142335,-0.5761861801147461,2.0915855407714843,0.19158554077148438
108.16212892532349,-0.031669461727142335,-0.5761861801147461,2.0915855407714843,0.19158554077148438
108.19513177871704,-0.031669461727142335,-0.5761861801147461,2.0915855407714843,0.19158554077148438
108.22798109054565,-0.031669461727142335,-0.5761861801147461,2.0915855407714843,0.19158554077148438
108.2609794139862,-0.031669461727142335,-0.5761861801147461,2.0915855407714843,0.19158554077148438
108.29401397705078,-0.031669461727142335,-0.5761861801147461,2.0915855407714843,0.19158554077148438
108.32702875137329,-0.031669461727142335,-0.5761861801147461,2.0915855407714843,0.19158554077148438
108.35987854003906,-0.031669461727142335,-0.5761861801147461,2.0915855407714843,0.19158554077148438
108.39300107955933,-0.031669461727142335,-0.5761861801147461,2.0915855407714843,0.19158554077148438
108.42632126808167,-0.031669461727142335,-0.5761861801147461,2.0915855407714843,0.19158554077148438
108.45926237106323,0.0005296303890645504,-0.5575340747833252,2.138419532775879,0.2384195327758789
108.49217677116394,0.0005296303890645504,-0.5575340747833252,2.138419532775879,0.2384195327758789
108.52492213249207,0.00040038712322711947,-0.55433669090271,2.1261295318603515,0.22612953186035156
108.55812501907349,0.00040038712322711947,-0.55433669090271,2.1261295318603515,0.22612953186035156
108.59077548980713,0.0004940568935126067,-0.5580830097198486,2.140516662597656,0.24051666259765625
108.62463569641113,0.0003305098274722695,-0.5593061447143555,2.1445333480834963,0.24453334808349636
108.65701174736023,0.0003354789689183235,-0.5649596691131592,2.166324234008789,0.26632423400878924
108.69041919708252,0.0004645741079002619,-0.566359567642212,2.1716617584228515,0.27166175842285156
108.7231912612915,0.0004107044078409672,-0.5580121517181397,2.139656829833984,0.2396568298339843
108.75632548332214,0.0003197340294718742,-0.5544674873352051,2.1262279510498048,0.22622795104980487
108.7891035079956,0.0003286566585302353,-0.5556229591369629,2.1305809020996094,0.23058090209960946
108.822270154953,0.00027692182920873164,-0.5578886508941651,2.1393512725830077,0.2393512725830078
108.85494375228882,0.0004093042109161615,-0.5560669898986816,2.132198143005371,0.232198143005371
108.88799381256104,0.0005797839723527432,-0.5616307258605957,2.1537960052490233,0.25379600524902335
108.92170977592468,0.0005180100444704295,-0.5607330322265625,2.1504716873168945,0.2504716873168946
108.95455050468445,0.0004912146367132663,-0.5610803127288818,2.1514902114868164,0.2514902114868165
108.98736810684204,0.00040654088370501996,-0.5522896766662597,2.1177133560180663,0.2177133560180664
109.0202796459198,0.00047032050788402556,-0.5531034946441651,2.120670509338379,0.22067050933837917
109.05325222015381,0.0004888962954282761,-0.5592619419097901,2.1445547103881837,0.24455471038818377
109.08592653274536,0.0004121484700590372,-0.5599926471710205,2.147251319885254,0.24725131988525417
109.11882066726685,0.0004992720205336809,-0.5542757511138916,2.1254335403442384,0.22543354034423846
109.15223503112793,0.00043971743434667587,-0.5639458656311035,2.1626714706420898,0.26267147064208984
109.18498587608337,0.00043971743434667587,-0.5639458656311035,2.1626714706420898,0.26267147064208984
109.21801567077637,0.000546713313087821,-0.5602942943572998,2.1484092712402343,0.24840927124023438
109.25086665153503,0.0005763510707765818,-0.5583796024322509,2.1416952133178713,0.24169521331787136
109.28436803817749,0.0004123456310480833,-0.5633566379547119,2.1601205825805665,0.2601205825805666
109.31693887710571,0.0006758806295692921,-0.5555861949920654,2.131051445007324,0.23105144500732422
109.35020589828491,0.00044515281915664674,-0.556653642654419,2.1346511840820312,0.23465118408203134
109.38303351402283,0.0006882556714117527,-0.5590837001800537,2.143986701965332,0.24398670196533212
109.4162495136261,0.0008188435807824135,-0.5675566673278809,2.1770435333251954,0.2770435333251955
109.44945216178894,0.000516186049208045,-0.5587717533111572,2.1429492950439455,0.24294929504394558
109.48185968399048,0.0006232425570487976,-0.5603341102600098,2.14940185546875,0.24940185546875027
109.51525092124939,0.0006288737524300814,-0.5662487506866455,2.172081184387207,0.2720811843872073
109.5479063987732,0.0007243667263537645,-0.5627613544464112,2.157975959777832,0.25797595977783194
109.58092212677002,0.0005863436963409185,-0.561115837097168,2.1520837783813476,0.25208377838134766
109.61486172676086,0.0004460632335394621,-0.5649617671966553,2.167466735839844,0.2674667358398439
109.64689636230469,0.0005348577164113521,-0.5546377182006836,2.126834487915039,0.22683448791503924
109.67994976043701,0.0005954788997769356,-0.5614577293395996,2.153396987915039,0.25339698791503906
109.71304965019226,0.0007513341028243303,-0.5723670959472656,2.1950145721435548,0.29501457214355487
109.74586868286133,0.0007101626601070165,-0.5631925582885742,2.1604440689086912,0.2604440689086913
109.77916097640991,0.0005856925155967474,-0.5556585788726807,2.1308446884155274,0.23084468841552752
109.81263017654419,0.0005688076373189688,-0.5578044414520263,2.1394475936889648,0.23944759368896484
109.84539103507996,0.0004857880063354969,-0.558521032333374,2.1408510208129883,0.24085102081298837
109.8782434463501,0.0005300693213939667,-0.5581271648406982,2.1392484664916993,0.2392484664916994
109.91123080253601,0.0006368726491928101,-0.5566685676574707,2.1339527130126954,0.2339527130126955
109.94459104537964,0.0006368726491928101,-0.5566685676574707,2.1339527130126954,0.2339527130126955
109.97796654701233,0.0006368726491928101,-0.5566685676574707,2.1339527130126954,0.2339527130126955
110.01029682159424,0.0006368726491928101,-0.5566685676574707,2.1339527130126954,0.2339527130126955
110.04355716705322,0.0006368726491928101,-0.5566685676574707,2.1339527130126954,0.2339527130126955
110.07688069343567,0.0006368726491928101,-0.5566685676574707,2.1339527130126954,0.2339527130126955
110.10943555831909,0.0006368726491928101,-0.5566685676574707,2.1339527130126954,0.2339527130126955
110.14266562461853,0.0006368726491928101,-0.5566685676574707,2.1339527130126954,0.2339527130126955
110.17554807662964,0.0006368726491928101,-0.5566685676574707,2.1339527130126954,0.2339527130126955
110.20838570594788,0.0006368726491928101,-0.5566685676574707,2.1339527130126954,0.2339527130126955
110.24142622947693,0.0006368726491928101,-0.5566685676574707,2.1339527130126954,0.2339527130126955
110.27440571784973,0.0006368726491928101,-0.5566685676574707,2.1339527130126954,0.2339527130126955
110.3073661327362,0.0006368726491928101,-0.5566685676574707,2.1339527130126954,0.2339527130126955
110.34043025970459,0.0006368726491928101,-0.5566685676574707,2.1339527130126954,0.2339527130126955
110.37350749969482,0.0006368726491928101,-0.5566685676574707,2.1339527130126954,0.2339527130126955
110.4064712524414,0.0006368726491928101,-0.5566685676574707,2.1339527130126954,0.2339527130126955
110.43939113616943,0.0006368726491928101,-0.5566685676574707,2.1339527130126954,0.2339527130126955
110.47245240211487,0.0006368726491928101,-0.5566685676574707,2.1339527130126954,0.2339527130126955
110.5053882598877,0.0006368726491928101,-0.5566685676574707,2.1339527130126954,0.2339527130126955
110.53844690322876,0.0006368726491928101,-0.5566685676574707,2.1339527130126954,0.2339527130126955
110.57145309448242,0.0006368726491928101,-0.5566685676574707,2.1339527130126954,0.2339527130126955
110.60428094863892,0.0006368726491928101,-0.5566685676574707,2.1339527130126954,0.2339527130126955
110.63736701011658,0.0006368726491928101,-0.5566685676574707,2.1339527130126954,0.2339527130126955
110.67035150527954,0.0006368726491928101,-0.5566685676574707,2.1339527130126954,0.2339527130126955
110.70332145690918,0.0006368726491928101,-0.5566685676574707,2.1339527130126954,0.2339527130126955
110.7364432811737,0.0006368726491928101,-0.5566685676574707,2.1339527130126954,0.2339527130126955
110.76942944526672,0.0006368726491928101,-0.5566685676574707,2.1339527130126954,0.2339527130126955
110.8023738861084,0.0006368726491928101,-0.5566685676574707,2.1339527130126954,0.2339527130126955
110.83516335487366,0.0006368726491928101,-0.5566685676574707,2.1339527130126954,0.2339527130126955
110.86829018592834,0.0006368726491928101,-0.5566685676574707,2.1339527130126954,0.2339527130126955
110.90099692344666,0.0006368726491928101,-0.5566685676574707,2.1339527130126954,0.2339527130126955
110.93395471572876,0.0006368726491928101,-0.5566685676574707,2.1339527130126954,0.2339527130126955
110.96690225601196,0.0006368726491928101,-0.5566685676574707,2.1339527130126954,0.2339527130126955
111.0000307559967,0.0006368726491928101,-0.5566685676574707,2.1339527130126954,0.2339527130126955
111.032954454422,0.0006368726491928101,-0.5566685676574707,2.1339527130126954,0.2339527130126955
111.06611561775208,0.0016807081177830697,-0.5792518138885498,2.2199775695800783,0.3199775695800784
111.09867334365845,0.0016041096299886704,-0.5731126308441162,2.1975908279418945,0.2975908279418946
111.13181829452515,0.0017134478315711022,-0.5673356056213379,2.175855255126953,0.2758552551269533
111.16478538513184,0.0018301239237189294,-0.5699615478515625,2.185587692260742,0.2855876922607421
111.1978919506073,0.00175672248005867,-0.5738253593444824,2.199820709228516,0.2998207092285159
111.23081970214844,0.0018402909860014915,-0.5737181663513183,2.198912239074707,0.2989122390747072
111.26367950439453,0.0016673641279339791,-0.566175127029419,2.171106147766113,0.2711061477661132
111.29681515693665,0.0017818180844187737,-0.5775145530700684,2.2136358261108398,0.31363582611083984
111.33007574081421,0.001806814596056938,-0.5730885028839111,2.197261428833008,0.297261428833008
111.3627622127533,0.0018124468624591827,-0.5722311973571778,2.1936450958251954,0.2936450958251955
111.39582896232605,0.0017685217782855034,-0.5715738773345947,2.1917139053344727,0.29171390533447283
111.42895221710205,0.0015760313719511033,-0.5735131740570069,2.198944664001465,0.298944664001465
111.46197605133057,0.0017109910026192666,-0.5712726593017579,2.190265655517578,0.2902656555175782
111.49526000022888,0.0017509531229734422,-0.5698977470397949,2.185430908203125,0.285430908203125
111.52808380126953,0.0016067594289779664,-0.5681320667266846,2.1783422470092773,0.27834224700927734
111.56100583076477,0.001758565939962864,-0.5743890285491944,2.202507972717285,0.30250797271728525
111.59408855438232,0.001758565939962864,-0.5743890285491944,2.202507972717285,0.30250797271728525
111.62736225128174,0.0017387151718139648,-0.5679338455200196,2.1772350311279296,0.2772350311279297
111.66015601158142,0.0017751693725585938,-0.5653563022613526,2.166703987121582,0.26670398712158194
111.69336295127869,0.0016587184742093085,-0.5687877655029296,2.181123161315918,0.28112316131591797
111.7259693145752,0.0016587184742093085,-0.5687877655029296,2.181123161315918,0.28112316131591797
111.7587022781372,0.0016644777730107307,-0.5707633018493652,2.1886987686157227,0.28869876861572275
111.79238772392273,0.0016644777730107307,-0.5707633018493652,2.1886987686157227,0.28869876861572275
111.8250823020935,0.0017019858583807944,-0.5670945167541503,2.1743696212768553,0.2743696212768554
111.8581976890564,0.0017701076343655587,-0.5697371006011963,2.183821678161621,0.2838216781616212
111.89083576202393,0.0018068132922053337,-0.5730876445770263,2.197258186340332,0.2972581863403323
111.92464184761047,0.0016673641279339791,-0.566175127029419,2.171106147766113,0.2711061477661132
111.95721483230591,0.0016673641279339791,-0.566175127029419,2.171106147766113,0.2711061477661132
111.99020290374756,0.0018005212768912315,-0.5710754871368409,2.1895431518554687,0.28954315185546875
112.02371859550476,0.0017215535044670105,-0.573759937286377,2.199841117858887,0.2998411178588869
112.05658864974976,0.0016694897785782814,-0.5709562778472901,2.1891204833984377,0.28912048339843777
112.08933186531067,0.001813150942325592,-0.5751065731048584,2.204998588562012,0.3049985885620119
112.12247276306152,0.001740320585668087,-0.5684045791625977,2.1795602798461915,0.2795602798461916
112.15515995025635,0.001740320585668087,-0.5684045791625977,2.1795602798461915,0.2795602798461916
112.18824768066406,0.0017501801252365113,-0.5656265258789063,2.16890811920166,0.26890811920166025
112.22141695022583,0.0018444929271936416,-0.5706981182098388,2.1884696960449217,0.2884696960449218
112.2545223236084,0.001918254792690277,-0.5756423473358154,2.207666778564453,0.3076667785644531
112.28788375854492,0.0018005600199103356,-0.5710924148559571,2.1896083831787108,0.28960838317871085
112.3211739063263,0.0018005546182394028,-0.5710901737213134,2.189599609375,0.2895996093750002
112.35376310348511,0.001806776598095894,-0.5730723381042481,2.197199249267578,0.2971992492675781
112.38710951805115,0.001806776598095894,-0.5730723381042481,2.197199249267578,0.2971992492675781
112.41949987411499,0.0017141671851277351,-0.571129322052002,2.190300178527832,0.2903001785278323
112.45200419425964,0.0018789395689964294,-0.5718782901763916,2.1927160263061523,0.29271602630615234
112.48511409759521,0.0018067779019474983,-0.573073148727417,2.1972024917602537,0.2972024917602538
112.51859521865845,0.0017363084480166435,-0.5692116260528565,2.182612419128418,0.28261241912841806
112.55111336708069,0.0017492774873971938,-0.5683379173278809,2.1792184829711916,0.2792184829711917
112.58423972129822,0.0016815539449453354,-0.5677175045013427,2.1767093658447267,0.27670936584472683
112.61675262451172,0.0017815165221691132,-0.5662655830383301,2.171046829223633,0.271046829223633
112.64985227584839,0.0018381532281637192,-0.5687274932861328,2.1809125900268556,0.28091259002685565
112.68301153182983,0.0018098268657922745,-0.5758815765380859,2.2086238861083984,0.3086238861083985
112.71581768989563,0.001794409193098545,-0.5691288948059082,2.182080078125,0.2820800781249999
112.74868392944336,0.001756182499229908,-0.5675764560699463,2.176385498046875,0.2763854980468752
112.78186202049255,0.0018098287284374237,-0.5758831024169921,2.208629608154297,0.30862960815429696
112.81480145454407,0.0017262361943721771,-0.5751551151275635,2.205739212036133,0.3057392120361331
112.8477931022644,0.0018789395689964294,-0.5718782901763916,2.1927160263061523,0.29271602630615234
112.8808319568634,0.0018789395689964294,-0.5718782901763916,2.1927160263061523,0.29271602630615234
112.91368365287781,0.0018005212768912315,-0.5710754871368409,2.1895431518554687,0.28954315185546875
112.94677925109863,0.0018131859600543977,-0.5751222610473633,2.2050588607788084,0.3050588607788085
112.9798698425293,0.0018131859600543977,-0.5751222610473633,2.2050588607788084,0.3050588607788085
113.013023853302,0.00175672248005867,-0.5738253593444824,2.199820709228516,0.2998207092285159
113.04589200019836,0.0017533959820866586,-0.5717707633972168,2.1910463333129884,0.29104633331298846
113.07902336120605,0.001800518110394478,-0.5710749149322509,2.189541053771973,0.2895410537719729
113.1119487285614,0.0018024027347564697,-0.5711881637573242,2.1904516220092773,0.29045162200927743
113.14486598968506,0.0017523745074868203,-0.5723597526550293,2.194726753234863,0.2947267532348632
113.17800402641296,0.001794409193098545,-0.5691288948059082,2.182080078125,0.2820800781249999
113.2109477519989,0.0018005212768912315,-0.5710754871368409,2.1895431518554687,0.28954315185546875
113.24390912055969,0.0017887545749545098,-0.567695140838623,2.176932716369629,0.2769327163696289
113.27686548233032,0.001762312650680542,-0.5695574760437012,2.183981704711914,0.283981704711914
113.31002950668335,0.001679065078496933,-0.5701457500457764,2.1863327026367188,0.28633270263671884
113.34363555908203,0.001800518110394478,-0.5710749149322509,2.189541053771973,0.2895410537719729
113.3767364025116,0.0016644766554236412,-0.5707626342773438,2.188696098327637,0.288696098327637
113.40885353088379,0.0017622802406549454,-0.5695569515228271,2.183979797363281,0.28397979736328116
113.44188952445984,0.0017036784440279007,-0.5645125865936279,2.164460563659668,0.26446056365966797
113.4749641418457,0.0017844269052147866,-0.5743869781494141,2.202341079711914,0.30234107971191415
113.50799632072449,0.001572742499411106,-0.5683212757110596,2.1798444747924806,0.27984447479248065
113.54089117050171,0.0016673641279339791,-0.566175127029419,2.171106147766113,0.2711061477661132
113.57410645484924,0.0017082616686820984,-0.5691643714904785,2.1827646255493165,0.2827646255493166
113.6077082157135,0.001740320585668087,-0.5684045791625977,2.1795602798461915,0.2795602798461916
113.64007067680359,0.0019339872524142265,-0.5752254009246827,2.2056806564331053,0.3056806564331054
113.67302775382996,0.0017501819878816605,-0.5656272888183593,2.1689109802246094,0.26891098022460946
113.70617127418518,0.0018147069960832596,-0.5681901454925538,2.1788427352905275,0.2788427352905276
113.73897242546082,0.0018269570544362068,-0.5657754898071289,2.1693145751953127,0.26931457519531277
113.77219915390015,0.001800518110394478,-0.5710749149322509,2.189541053771973,0.2895410537719729
113.80587077140808,0.0017561746761202812,-0.5675735950469971,2.1763742446899412,0.2763742446899413
113.83927869796753,0.0017561746761202812,-0.5675735950469971,2.1763742446899412,0.2763742446899413
113.8710036277771,0.0017561746761202812,-0.5675735950469971,2.1763742446899412,0.2763742446899413
113.90404462814331,0.001667364314198494,-0.5661752223968506,2.17110652923584,0.2711065292358401
113.9370527267456,0.0017695149406790733,-0.5624250411987305,2.156321907043457,0.25632190704345703
113.9699056148529,0.001794409193098545,-0.5691288948059082,2.182080078125,0.2820800781249999
114.00273537635803,0.0018089672550559044,-0.5656922340393067,2.168571662902832,0.2685716629028323
114.03597354888916,0.00176228117197752,-0.569556999206543,2.183980178833008,0.2839801788330081
114.06895875930786,0.0017622800543904305,-0.5695571422576904,2.183980369567871,0.2839803695678711
114.10216307640076,0.0018879484385251998,-0.573411512374878,2.19840145111084,0.29840145111083993
114.13517761230469,0.0018098287284374237,-0.5758809566497802,2.2086214065551757,0.3086214065551758
114.16797614097595,0.0016515908762812614,-0.5660727977752685,2.171131134033203,0.2711311340332032
114.20098280906677,0.0016515908762812614,-0.5660727977752685,2.171131134033203,0.2711311340332032
114.23392462730408,0.0016833288595080377,-0.5727650642395019,2.195825958251953,0.2958259582519531
114.26697778701782,0.001667364314198494,-0.5661752223968506,2.17110652923584,0.2711065292358401
114.29994821548462,0.0017141671851277351,-0.571129322052002,2.190300178527832,0.2903001785278323
114.33277320861816,0.0016169462352991105,-0.5659757137298584,2.170615005493164,0.270615005493164
114.36595273017883,0.001756182499229908,-0.5675764560699463,2.176385498046875,0.2763854980468752
114.39898157119751,0.0016169462352991105,-0.5659757137298584,2.170615005493164,0.270615005493164
114.43204116821289,0.001796223409473896,-0.5692277431488038,2.1829334259033204,0.2829334259033205
114.46526741981506,0.0017501819878816605,-0.5656272888183593,2.1689109802246094,0.26891098022460946
114.49814105033875,0.0017754577100276947,-0.5643265247344971,2.163612174987793,0.2636121749877929
114.53096222877502,0.001800518110394478,-0.5710749149322509,2.189541053771973,0.2895410537719729
114.56399202346802,0.0017201105132699014,-0.5731169700622558,2.1979228973388674,0.29792289733886745
114.59694766998291,0.0018271690234541893,-0.5721007347106933,2.193838882446289,0.293838882446289
114.62982106208801,0.0017344513908028603,-0.5664802551269531,2.172181510925293,0.27218151092529297
114.66274166107178,0.001572742499411106,-0.5683212757110596,2.1798444747924806,0.27984447479248065
114.69631695747375,0.00176228117197752,-0.569556999206543,2.183980178833008,0.2839801788330081
114.7290997505188,0.0017971465364098548,-0.57182936668396,2.1930826187133787,0.2930826187133788
114.76207518577576,0.0016616746783256532,-0.5642446994781494,2.1637035369873048,0.26370353698730487
114.79524326324463,0.0017082970589399338,-0.5691703796386719,2.1827877044677733,0.28278770446777335
114.82782673835754,0.0018381640315055848,-0.568731164932251,2.1809268951416017,0.28092689514160174
114.8610348701477,0.0017501819878816605,-0.5656272888183593,2.1689109802246094,0.26891098022460946
114.89377284049988,0.0017531393095850945,-0.5717884063720703,2.1925148010253905,0.2925148010253906
114.92689061164856,0.001862202025949955,-0.5750761508941651,2.205760192871094,0.305760192871094
114.95989084243774,0.0017523745074868203,-0.5723597526550293,2.194726753234863,0.2947267532348632
114.99292802810669,0.0017262067645788192,-0.5751499176025391,2.2057193756103515,0.30571937561035156
115.025710105896,0.0018012793734669685,-0.5732025623321533,2.197896957397461,0.297896957397461
115.05879330635071,0.001632438227534294,-0.57052583694458,2.1875030517578127,0.28750305175781277
115.09182071685791,0.00167316272854805,-0.5681425571441651,2.17865104675293,0.27865104675292995
115.12511897087097,0.001746295765042305,-0.5703639030456543,2.187073516845703,0.28707351684570304
115.15820407867432,0.0016406850889325141,-0.5673408508300781,2.175288200378418,0.27528820037841806
115.19097685813904,0.001638551987707615,-0.575419569015503,2.206011199951172,0.3060111999511719
115.22374272346497,0.0017082616686820984,-0.5691643714904785,2.1827646255493165,0.2827646255493166
115.25688624382019,0.0018067799508571624,-0.573072862625122,2.1972013473510743,0.2972013473510744
115.28976035118103,0.001713765412569046,-0.5710153102874755,2.189402961730957,0.28940296173095703
115.32283353805542,0.001713765412569046,-0.5710153102874755,2.189402961730957,0.28940296173095703
115.3556981086731,0.0017748508602380753,-0.5736294746398926,2.199596405029297,0.29959640502929696
115.38886547088623,0.0017427576705813408,-0.5743360042572021,2.2028764724731444,0.30287647247314453
115.42178702354431,0.001790475845336914,-0.5731040954589843,2.197574424743652,0.29757442474365225
115.45477795600891,0.0016790611669421196,-0.5701274394989013,2.186262321472168,0.28626232147216824
115.48835134506226,0.0016790611669421196,-0.5701274394989013,2.186262321472168,0.28626232147216824
115.52112245559692,0.0017400532960891724,-0.5703356266021729,2.187162971496582,0.2871629714965822
115.55403685569763,0.0017141671851277351,-0.571129322052002,2.190300178527832,0.2903001785278323
115.58718299865723,0.0016281403601169585,-0.5698854923248291,2.185609817504883,0.2856098175048829
115.6202449798584,0.0016281403601169585,-0.5698854923248291,2.185609817504883,0.2856098175048829
115.65317392349243,0.0016530590131878854,-0.5668473720550538,2.17368221282959,0.27368221282958993
115.6864275932312,0.0016867702826857567,-0.57376070022583,2.200290870666504,0.3002908706665042
115.71901655197144,0.0017109910026192666,-0.5712726593017579,2.190265655517578,0.2902656555175782
115.75234818458557,0.0017109910026192666,-0.5712726593017579,2.190265655517578,0.2902656555175782
115.78533959388733,0.0017221169546246529,-0.5688124656677246,2.1814542770385743,0.2814542770385744
115.81766819953918,0.0017622802406549454,-0.5695569515228271,2.183979797363281,0.28397979736328116
115.85102605819702,0.0017622802406549454,-0.5695569515228271,2.183979797363281,0.28397979736328116
115.88385272026062,0.001732405833899975,-0.5772176742553711,2.2136491775512694,0.31364917755126953
115.91724610328674,0.001732405833899975,-0.5772176742553711,2.2136491775512694,0.31364917755126953
115.95038866996765,0.0016644766554236412,-0.5707626342773438,2.188696098327637,0.288696098327637
115.98302412033081,0.00167906004935503,-0.5701436042785645,2.1863245010375976,0.28632450103759766
116.0156352519989,0.0018446426838636398,-0.5813059329986572,2.228495788574219,0.328495788574219
116.04896354675293,0.0018446426838636398,-0.5813059329986572,2.228495788574219,0.328495788574219
116.08195877075195,0.0017778562381863595,-0.5807144641876221,2.226763153076172,0.3267631530761719
116.1152081489563,0.0017780467867851257,-0.5775733947753906,2.2140871047973634,0.31408710479736346
116.14819312095642,0.0018067779019474983,-0.573073148727417,2.1972024917602537,0.2972024917602538
116.1812653541565,0.0018067779019474983,-0.573073148727417,2.1972024917602537,0.2972024917602538
116.21373105049133,0.0018067779019474983,-0.573073148727417,2.1972024917602537,0.2972024917602538
116.24677610397339,0.0018366506323218347,-0.5735815048217774,2.1986499786376954,0.2986499786376955
116.27972078323364,0.0017522523179650308,-0.5763999938964843,2.209649658203125,0.3096496582031252
116.31320929527283,0.0017622802406549454,-0.5695569515228271,2.183979797363281,0.28397979736328116
116.34582424163818,0.001806776598095894,-0.5730723381042481,2.197199249267578,0.2971992492675781
116.37893176078796,0.0017718451097607612,-0.5716138362884522,2.1919126510620117,0.2919126510620118
116.41190767288208,0.0017201455309987068,-0.5731235027313233,2.1979480743408204,0.2979480743408205
116.44498682022095,0.0016338841989636422,-0.5718907356262207,2.193300247192383,0.2933002471923829
116.4779417514801,0.0016338841989636422,-0.5718907356262207,2.193300247192383,0.2933002471923829
116.51101493835449,0.0018163410946726798,-0.5779640674591064,2.2166107177734373,0.3166107177734374
116.54397320747375,0.0016703415662050248,-0.5727739810943604,2.1964090347290037,0.2964090347290038
116.57686161994934,0.0018855169415473937,-0.573885154724121,2.200410842895508,0.3004108428955079
116.6097207069397,0.0017235402017831802,-0.5720271587371826,2.193317413330078,0.2933174133300782
116.64329361915588,0.0017235402017831802,-0.5720271587371826,2.193317413330078,0.2933174133300782
116.67613101005554,0.0017314242199063302,-0.5729125499725342,2.1966506958007814,0.2966506958007815
116.70886731147766,0.001794372871518135,-0.5691137313842773,2.1820215225219726,0.28202152252197266
116.74188280105591,0.0018444925546646119,-0.5706976890563965,2.188467788696289,0.288467788696289
116.77505946159363,0.001756182499229908,-0.5675764560699463,2.176385498046875,0.2763854980468752
116.80780291557312,0.0017849178984761238,-0.567921495437622,2.178095245361328,0.2780952453613281
116.84111166000366,0.0017201105132699014,-0.5731169700622558,2.1979228973388674,0.29792289733886745
116.87394452095032,0.0017527131363749503,-0.5713089942932129,2.1912973403930662,0.2912973403930663
116.90710783004761,0.001708296500146389,-0.5691707611083985,2.1827892303466796,0.2827892303466797
116.93989872932434,0.0016115091741085053,-0.5640769004821777,2.1633327484130858,0.26333274841308585
116.97283625602722,0.0015714474022388459,-0.5627819061279297,2.1586687088012697,0.2586687088012698
117.00633144378662,0.001818988285958767,-0.5716837406158447,2.1925771713256834,0.2925771713256835
117.03909301757812,0.001708296500146389,-0.5691707611083985,2.1827892303466796,0.2827892303466797
117.07203984260559,0.0017201455309987068,-0.5731235027313233,2.1979480743408204,0.2979480743408205
117.10530281066895,0.001623256504535675,-0.5696651935577393,2.185224151611328,0.2852241516113283
117.13836479187012,0.0017595781013369561,-0.5709618091583252,2.189589500427246,0.2895895004272462
117.17091679573059,0.001572742499411106,-0.5683212757110596,2.1798444747924806,0.27984447479248065
117.20397615432739,0.0015929274260997773,-0.5704732894897461,2.1881704330444336,0.2881704330444337
117.23692059516907,0.001572742499411106,-0.5683212757110596,2.1798444747924806,0.27984447479248065
117.27032017707825,0.0018335683271288872,-0.5741079330444336,2.2015359878540037,0.3015359878540038
117.30329084396362,0.00162813700735569,-0.5698835849761963,2.185602378845215,0.2856023788452151
117.33603477478027,0.0017246225848793983,-0.5717377662658691,2.1917787551879884,0.29177875518798846
117.36899042129517,0.0016224920749664308,-0.5679123401641846,2.1780426025390627,0.27804260253906277
117.40193033218384,0.00173737034201622,-0.5733984470367431,2.1982221603393555,0.29822216033935556
117.43520927429199,0.0017058102414011956,-0.5753773212432861,2.2067508697509766,0.30675086975097665
117.46788167953491,0.0017075425013899804,-0.5653676986694336,2.1683076858520507,0.2683076858520508
117.50104331970215,0.0016731677576899528,-0.5681446552276611,2.1786590576171876,0.2786590576171877
117.53408193588257,0.0016879135742783546,-0.5659782409667968,2.1708196640014648,0.27081966400146484
117.56712555885315,0.0016224920749664308,-0.5679123401641846,2.1780426025390627,0.27804260253906277
117.60011625289917,0.001577899605035782,-0.5734382152557373,2.199433708190918,0.29943370819091797
117.63303184509277,0.0016265029087662696,-0.5691587924957275,2.182289695739746,0.28228969573974627
117.66586399078369,0.0018188847228884698,-0.5742677688598633,2.2014522552490234,0.3014522552490235
117.6989483833313,0.00171416774392128,-0.5711289405822754,2.190298843383789,0.290298843383789
117.73261952400208,0.001740320585668087,-0.5684045791625977,2.1795602798461915,0.2795602798461916
117.76527833938599,0.001701989769935608,-0.5714694023132324,2.191811180114746,0.29181118011474627
117.79816579818726,0.0018139174208045006,-0.5742504119873046,2.202045440673828,0.3020454406738282
117.83128333091736,0.0017141412943601608,-0.5711246013641358,2.1902820587158205,0.2902820587158206
117.86424160003662,0.0018034312874078751,-0.5738396167755127,2.2007925033569338,0.30079250335693386
117.89724206924438,0.001790059171617031,-0.5743247985839843,2.203235626220703,0.3032356262207032
117.93011903762817,0.0017650628462433815,-0.5753426074981689,2.2067684173583983,0.30676841735839844
117.96326088905334,0.0017588283866643907,-0.5733061790466308,2.198957633972168,0.29895763397216824
117.99607062339783,0.0016224920749664308,-0.5679123401641846,2.1780426025390627,0.27804260253906277
118.02922582626343,0.0017461139708757401,-0.5723223209381103,2.1947813034057617,0.2947813034057618
118.06207275390625,0.0018005212768912315,-0.5710754871368409,2.1895431518554687,0.28954315185546875
118.09493207931519,0.001713765412569046,-0.5710153102874755,2.189402961730957,0.28940296173095703
118.1278440952301,0.0016976231709122658,-0.5662517547607422,2.1710859298706056,0.27108592987060565
118.1611864566803,0.0018131937831640244,-0.5751242637634277,2.2050664901733397,0.30506649017333975
118.19428157806396,0.0017137693241238594,-0.571016788482666,2.1894084930419924,0.28940849304199245
118.2274956703186,0.0017078196629881858,-0.5690365791320801,2.1818161010742188,0.28181610107421884
118.26033926010132,0.001750621199607849,-0.5718285083770752,2.192165565490723,0.2921655654907229
118.29312539100647,0.0017246091738343239,-0.5672310829162598,2.1747941970825195,0.2747941970825196
118.32622933387756,0.0016644692048430442,-0.57076096534729,2.188689613342285,0.28868961334228516
118.35897517204285,0.0016406850889325141,-0.5673408508300781,2.175288200378418,0.27528820037841806
118.39207053184509,0.0016778763383626938,-0.5708600997924804,2.1887521743774414,0.2887521743774415
118.42529582977295,0.00162813700735569,-0.5698835849761963,2.185602378845215,0.2856023788452151
118.45823359489441,0.0016778763383626938,-0.5708600997924804,2.1887521743774414,0.2887521743774415
118.49121737480164,0.0018005212768912315,-0.5710754871368409,2.1895431518554687,0.28954315185546875
118.52428984642029,0.0016694879159331322,-0.5709557056427002,2.1891183853149414,0.2891183853149415
118.55719900131226,0.0016338974237442017,-0.5718954563140869,2.1933183670043945,0.2933183670043946
118.58978533744812,0.0015939079225063325,-0.570034122467041,2.1858953475952148,0.28589534759521484
118.6233298778534,0.0015939079225063325,-0.570034122467041,2.1858953475952148,0.28589534759521484
118.65645813941956,0.001661919802427292,-0.569992971420288,2.185634422302246,0.285634422302246
118.68933057785034,0.00167316272854805,-0.5681425571441651,2.17865104675293,0.27865104675292995
118.72241544723511,0.00167316272854805,-0.5681425571441651,2.17865104675293,0.27865104675292995
118.7550597190857,0.0017622802406549454,-0.5695569515228271,2.183979797363281,0.28397979736328116
118.78802680969238,0.0017400575801730157,-0.5703364849090576,2.187166213989258,0.2871662139892579
118.8209707736969,0.0017400575801730157,-0.5703364849090576,2.187166213989258,0.2871662139892579
118.85381364822388,0.0016969479620456696,-0.5708919048309327,2.1888364791870116,0.2888364791870117
118.88696432113647,0.0016644692048430442,-0.57076096534729,2.188689613342285,0.28868961334228516
118.91989541053772,0.0018335683271288872,-0.5741079330444336,2.2015359878540037,0.3015359878540038
118.95279216766357,0.0016464341431856155,-0.5693421363830566,2.182961654663086,0.2829616546630862
118.98581147193909,0.0017838696017861365,-0.5712708950042724,2.190847969055176,0.29084796905517596
119.01910829544067,0.00167316272854805,-0.5681425571441651,2.17865104675293,0.27865104675292995
119.05219149589539,0.001783771812915802,-0.5719455242156982,2.1936370849609377,0.29363708496093777
119.08476161956787,0.0017482602968811988,-0.5692580223083497,2.1828329086303713,0.28283290863037136
119.11832308769226,0.0017482602968811988,-0.5692580223083497,2.1828329086303713,0.28283290863037136
119.15080523490906,0.0017050324007868768,-0.5692801952362061,2.1826265335083006,0.2826265335083007
119.1838219165802,0.0018067799508571624,-0.573072862625122,2.1972013473510743,0.2972013473510744
119.21676325798035,0.0017976654693484307,-0.5675008773803711,2.175864028930664,0.275864028930664
119.2498300075531,0.0018025940284132958,-0.5724356651306153,2.1944299697875977,0.29442996978759783
119.28283214569092,0.0017201105132699014,-0.5731169700622558,2.1979228973388674,0.29792289733886745
119.3159646987915,0.0017782600596547126,-0.5704589366912842,2.1867462158203126,0.2867462158203127
119.34877681732178,0.0016801930963993073,-0.577410078048706,2.2135478973388674,0.31354789733886745
119.38216257095337,0.0017096517607569695,-0.5720441818237305,2.1938201904296877,0.29382019042968777
119.4149112701416,0.0016703343018889428,-0.5727718353271485,2.196400833129883,0.2964008331298831
119.44778990745544,0.0017524424940347672,-0.5723045349121094,2.194736099243164,0.29473609924316424
119.48104524612427,0.0017425058409571647,-0.5731856346130371,2.1976242065429688,0.29762420654296884
119.51393127441406,0.001701970025897026,-0.5670898914337158,2.1743520736694335,0.2743520736694336
119.54682183265686,0.0017141671851277351,-0.571129322052002,2.190300178527832,0.2903001785278323
119.57984852790833,0.0017950229346752166,-0.5712062358856201,2.1902421951293944,0.29024219512939453
119.6128351688385,0.0017442930489778518,-0.563714599609375,2.1615766525268554,0.26157665252685547
119.64604353904724,0.0017442930489778518,-0.563714599609375,2.1615766525268554,0.26157665252685547
119.67908930778503,0.0017561746761202812,-0.5675735950469971,2.1763742446899412,0.2763742446899413
119.7118706703186,0.0017201133072376252,-0.5731176853179931,2.197925567626953,0.2979255676269532
119.74498295783997,0.0015995318070054054,-0.5720437049865723,2.1936014175415037,0.2936014175415038
119.77859687805176,0.001756182499229908,-0.5675764560699463,2.176385498046875,0.2763854980468752
119.81080651283264,0.0017099620774388314,-0.5706966400146485,2.1888349533081053,0.2888349533081054
119.84407925605774,0.0017099620774388314,-0.5706966400146485,2.1888349533081053,0.2888349533081054
119.87741875648499,0.0016265103593468666,-0.5691623687744141,2.182303619384766,0.2823036193847659
119.91031193733215,0.0018271669745445252,-0.5721000671386719,2.1938364028930666,0.2938364028930667
119.94294333457947,0.0016790611669421196,-0.5701274394989013,2.186262321472168,0.28626232147216824
119.9759829044342,0.001746295765042305,-0.5703639030456543,2.187073516845703,0.28707351684570304
120.00907468795776,0.0017562037333846091,-0.5675729751586914,2.1763721466064454,0.2763721466064455
120.04206109046936,0.001794409193098545,-0.5691288948059082,2.182080078125,0.2820800781249999
120.07498621940613,0.0017364328727126122,-0.5711643695831299,2.1898746490478516,0.28987464904785165
120.10782623291016,0.001806814596056938,-0.5730885028839111,2.197261428833008,0.297261428833008
120.14099955558777,0.00167316272854805,-0.5681425571441651,2.17865104675293,0.27865104675292995
120.1740345954895,0.0018131859600543977,-0.5751222610473633,2.2050588607788084,0.3050588607788085
120.2069194316864,0.0016530580818653108,-0.5668464183807373,2.1736787796020507,0.2736787796020508
120.24000239372253,0.0017523745074868203,-0.5723597526550293,2.194726753234863,0.2947267532348632
120.27307891845703,0.0014962526969611646,-0.5711637020111084,2.1901994705200196,0.2901994705200197
120.3059892654419,0.0017277872189879417,-0.5709170341491699,2.18884220123291,0.28884220123291016
120.3387942314148,0.0017684869468212127,-0.5715722560882568,2.191707801818848,0.2917078018188479
120.37188291549683,0.0017707757651805878,-0.5741195201873779,2.2009389877319334,0.3009389877319335
120.40495920181274,0.001756182499229908,-0.5675764560699463,2.176385498046875,0.2763854980468752
120.4380829334259,0.0017719818279147148,-0.574984073638916,2.2050146102905273,0.30501461029052734
120.47083187103271,0.001679065078496933,-0.5701457500457764,2.1863327026367188,0.28633270263671884
120.50398850440979,0.0017906412482261657,-0.568419075012207,2.179555892944336,0.279555892944336
120.53693389892578,0.0017017504200339318,-0.5634383201599121,2.1609079360961916,0.2609079360961917
120.5709080696106,0.001756172813475132,-0.567572832107544,2.176371383666992,0.2763713836669921
120.603102684021,0.0017137693241238594,-0.571016788482666,2.1894084930419924,0.28940849304199245
120.6362407207489,0.0017137693241238594,-0.571016788482666,2.1894084930419924,0.28940849304199245
120.66920948028564,0.00167906004935503,-0.5701436042785645,2.1863245010375976,0.28632450103759766
120.70300436019897,0.0018068132922053337,-0.5730876445770263,2.197258186340332,0.2972581863403323
120.73536252975464,0.001752932369709015,-0.5724225997924804,2.194647026062012,0.294647026062012
120.76926922798157,0.001608070358633995,-0.5750843048095703,2.2049665451049805,0.30496654510498056
120.80091738700867,0.0015940755605697633,-0.5733541965484619,2.198334503173828,0.29833450317382804
120.83400630950928,0.0017324384301900865,-0.5772236824035645,2.2136722564697267,0.31367225646972674
120.86721873283386,0.0017137693241238594,-0.571016788482666,2.1894084930419924,0.28940849304199245
120.90063118934631,0.0017462948337197304,-0.5703643798828125,2.1870754241943358,0.28707542419433585
120.93326735496521,0.0018005212768912315,-0.5710754871368409,2.1895431518554687,0.28954315185546875
120.96635842323303,0.00167316272854805,-0.5681425571441651,2.17865104675293,0.27865104675292995
120.99907851219177,0.0016913531348109246,-0.5751625537872315,2.2051734924316406,0.3051734924316407
121.03249835968018,0.0017318952828645705,-0.5713067531585694,2.189885711669922,0.28988571166992205
121.06519317626953,0.0017684869468212127,-0.5715722560882568,2.191707801818848,0.2917078018188479
121.0983898639679,0.0017462948337197304,-0.5703643798828125,2.1870754241943358,0.28707542419433585
121.13164710998535,0.0017523745074868203,-0.5723597526550293,2.194726753234863,0.2947267532348632
121.16424369812012,0.001697913371026516,-0.5718585968017578,2.1926050186157227,0.29260501861572275
121.19729161262512,0.0017462948337197304,-0.5703643798828125,2.1870754241943358,0.28707542419433585
121.2300033569336,0.0016265103593468666,-0.5691623687744141,2.182303619384766,0.2823036193847659
121.2633364200592,0.0016587169840931893,-0.5687875270843505,2.181122398376465,0.281122398376465
121.29647588729858,0.001663886569440365,-0.5709169864654541,2.189217758178711,0.2892177581787112
121.32910442352295,0.0015920072793960572,-0.5679032802581787,2.1776458740234377,0.27764587402343777
121.36196517944336,0.0016750119626522063,-0.5697399616241455,2.184871482849121,0.284871482849121
121.39562368392944,0.0017538100481033325,-0.5757822036743164,2.207221794128418,0.3072217941284179
121.42819476127625,0.0018246117979288101,-0.5770763397216797,2.212424659729004,0.3124246597290039
121.4612045288086,0.0017087087035179138,-0.5759917259216308,2.2075706481933595,0.30757064819335955
121.4942696094513,0.001732405833899975,-0.5772176742553711,2.2136491775512694,0.31364917755126953
121.52710843086243,0.0017719650641083717,-0.5749792098999024,2.2049959182739256,0.3049959182739257
121.5604829788208,0.0016703424975275994,-0.5727738857269287,2.1964086532592773,0.29640865325927734
121.59348130226135,0.0016829736530780792,-0.5730947494506836,2.197682762145996,0.2976827621459961
121.62667751312256,0.0016587123274803162,-0.5687867641448975,2.1811193466186523,0.28111934661865234
121.65929317474365,0.0017201455309987068,-0.5731235027313233,2.1979480743408204,0.2979480743408205
121.6921877861023,0.0016350455582141877,-0.5653781890869141,2.1677627563476562,0.26776275634765634
121.72512555122375,0.00167316272854805,-0.5681425571441651,2.17865104675293,0.27865104675292995
121.75867319107056,0.0016763107851147652,-0.5748215675354004,2.20426082611084,0.30426082611083993
121.79110550880432,0.0017198089510202408,-0.5730276107788086,2.197118377685547,0.29711837768554705
121.82424545288086,0.0018983608111739158,-0.5750670909881592,2.2046297073364256,0.3046297073364257
121.8572506904602,0.0015995318070054054,-0.5720437049865723,2.1936014175415037,0.2936014175415038
121.89012265205383,0.001806814596056938,-0.5730885028839111,2.197261428833008,0.297261428833008
121.92323803901672,0.0016281403601169585,-0.5698854923248291,2.185609817504883,0.2856098175048829
121.95616126060486,0.0017201481387019157,-0.5731245994567871,2.1979522705078125,0.2979522705078126
121.98876595497131,0.0018178872764110566,-0.5759920120239258,2.2084333419799806,0.30843334197998074
122.02236270904541,0.0017141671851277351,-0.571129322052002,2.190300178527832,0.2903001785278323
122.05486512184143,0.0018067779019474983,-0.573073148727417,2.1972024917602537,0.2972024917602538
122.08793115615845,0.0017263028770685197,-0.5736829280853272,2.2000555038452148,0.30005550384521484
122.12118721008301,0.0017262067645788192,-0.5751499176025391,2.2057193756103515,0.30571937561035156
122.15422630310059,0.0016324389725923538,-0.5705265998840332,2.187506103515625,0.287506103515625
122.18727803230286,0.0017182279378175735,-0.5731913089752197,2.1971073150634766,0.29710731506347665
122.21970653533936,0.0016190685331821443,-0.5709903240203857,2.1889881134033202,0.2889881134033203
122.25293970108032,0.0017719537019729615,-0.5786463737487793,2.2185089111328127,0.31850891113281277
122.28607535362244,0.0016658181324601174,-0.5719338893890381,2.192332649230957,0.29233264923095703
122.31923222541809,0.0017364244908094407,-0.5711633682250976,2.189870834350586,0.289870834350586
122.3521773815155,0.0017262361943721771,-0.5751551151275635,2.205739212036133,0.3057392120361331
122.38497853279114,0.001745775155723095,-0.5737673759460449,2.199437141418457,0.2994371414184571
122.41812682151794,0.0016763107851147652,-0.5748215675354004,2.20426082611084,0.30426082611083993
122.45089149475098,0.0016861459240317344,-0.5731788158416748,2.197328567504883,0.2973285675048829
122.48375248908997,0.0016861459240317344,-0.5731788158416748,2.197328567504883,0.2973285675048829
122.51718926429749,0.0018705260008573532,-0.5730813980102539,2.1970088958740233,0.29700889587402335
122.55007600784302,0.0018705260008573532,-0.5730813980102539,2.1970088958740233,0.29700889587402335
122.5832896232605,0.0016785653308033944,-0.5725009918212891,2.1938915252685547,0.2938915252685548
122.61617422103882,0.0017181660979986191,-0.5718125343322754,2.191804885864258,0.2918048858642579
122.64909076690674,0.0017867034301161766,-0.5739081859588623,2.2000505447387697,0.3000505447387698
122.68252873420715,0.0017867034301161766,-0.5739081859588623,2.2000505447387697,0.3000505447387698
122.71489405632019,0.0016673555597662925,-0.5661556720733643,2.1710315704345704,0.2710315704345705
122.748361825943,0.0016265103593468666,-0.5691623687744141,2.182303619384766,0.2823036193847659
122.78141760826111,0.0016265103593468666,-0.5691623687744141,2.182303619384766,0.2823036193847659
122.81431579589844,0.0017685217782855034,-0.5715738773345947,2.1917139053344727,0.29171390533447283
122.8466911315918,0.0016123434528708459,-0.5700993537902832,2.185885429382324,0.2858854293823243
122.87981581687927,0.0016123434528708459,-0.5700993537902832,2.185885429382324,0.2858854293823243
122.91279244422913,0.0017259733751416207,-0.5750794887542725,2.204986000061035,0.30498600006103516
122.94632053375244,0.0017259733751416207,-0.5750794887542725,2.204986000061035,0.30498600006103516
122.97891473770142,0.0017496444284915923,-0.5709641456604004,2.188665008544922,0.28866500854492205
123.01177740097046,0.0018067779019474983,-0.573073148727417,2.1972024917602537,0.2972024917602538
123.04502749443054,0.0018067779019474983,-0.573073148727417,2.1972024917602537,0.2972024917602538
123.07788276672363,0.0016338974237442017,-0.5718954563140869,2.1933183670043945,0.2933183670043946
123.11118388175964,0.0016323547810316087,-0.5691019535064697,2.182351493835449,0.2823514938354492
123.14425897598267,0.0017078159376978873,-0.5690351486206054,2.1818105697631838,0.28181056976318386
123.17732524871826,0.001762312650680542,-0.5695574760437012,2.183981704711914,0.283981704711914
123.21001601219177,0.0016074715182185172,-0.5732076644897461,2.1974891662597655,0.2974891662597656
123.2428207397461,0.0017170550301671029,-0.5733000755310058,2.198038673400879,0.2980386734008791
123.27583384513855,0.0016338847577571868,-0.5718905925750732,2.1932998657226563,0.2932998657226564
123.30891036987305,0.0016338847577571868,-0.5718905925750732,2.1932998657226563,0.2932998657226564
123.3422999382019,0.0017707757651805878,-0.5741195201873779,2.2009389877319334,0.3009389877319335
123.37503027915955,0.0017685217782855034,-0.5715738773345947,2.1917139053344727,0.29171390533447283
123.4077205657959,0.0017825733870267869,-0.5744535446166992,2.2015975952148437,0.30159759521484375
123.44122648239136,0.0016180336475372314,-0.5721032619476318,2.193568801879883,0.293568801879883
123.47430968284607,0.0016180336475372314,-0.5721032619476318,2.193568801879883,0.293568801879883
123.50732111930847,0.0016933599486947059,-0.5716936111450195,2.19195442199707,0.2919544219970702
123.5400903224945,0.0016933599486947059,-0.5716936111450195,2.19195442199707,0.2919544219970702
123.57337713241577,0.0015884626656770707,-0.5680891036987304,2.178437042236328,0.27843704223632804
123.60689067840576,0.0017648732289671897,-0.5764588832855224,2.210445022583008,0.310445022583008
123.63909697532654,0.0016854725778102874,-0.5713004112243653,2.1904598236083985,0.2904598236083986
123.67216396331787,0.0016169570386409759,-0.5659796714782714,2.1706302642822264,0.2706302642822265
123.7052710056305,0.0017400575801730157,-0.5703364849090576,2.187166213989258,0.2871662139892579
123.73819828033447,0.0017684869468212127,-0.5715722560882568,2.191707801818848,0.2917078018188479
123.77115607261658,0.0017201455309987068,-0.5731235027313233,2.1979480743408204,0.2979480743408205
123.80402302742004,0.0017201455309987068,-0.5731235027313233,2.1979480743408204,0.2979480743408205
123.83694839477539,0.0016224920749664308,-0.5679123401641846,2.1780426025390627,0.27804260253906277
123.87020444869995,0.00167316272854805,-0.5681425571441651,2.17865104675293,0.27865104675292995
123.903240442276,0.001756182499229908,-0.5675764560699463,2.176385498046875,0.2763854980468752
123.93643355369568,0.00176228117197752,-0.569556999206543,2.183980178833008,0.2839801788330081
123.96944785118103,0.0016224920749664308,-0.5679123401641846,2.1780426025390627,0.27804260253906277
124.00227189064026,0.001806814596056938,-0.5730885028839111,2.197261428833008,0.297261428833008
124.03531122207642,0.0017622802406549454,-0.5695569515228271,2.183979797363281,0.28397979736328116
124.06876587867737,0.0015783589333295822,-0.5696627616882324,2.1844915390014648,0.28449153900146484
124.10134196281433,0.0017523745074868203,-0.5723597526550293,2.194726753234863,0.2947267532348632
124.13429999351501,0.0017523745074868203,-0.5723597526550293,2.194726753234863,0.2947267532348632
124.16721940040588,0.0017523745074868203,-0.5723597526550293,2.194726753234863,0.2947267532348632
124.20055294036865,0.001572447456419468,-0.5690231800079346,2.182036209106445,0.2820362091064452
124.23317623138428,0.00162813700735569,-0.5698835849761963,2.185602378845215,0.2856023788452151
124.26692414283752,0.0017141671851277351,-0.571129322052002,2.190300178527832,0.2903001785278323
124.2993655204773,0.0016406865790486336,-0.5673414707183838,2.1752904891967773,0.27529048919677734
124.33200073242188,0.0016850700601935386,-0.5721662998199463,2.194080924987793,0.29408092498779315
124.36566257476807,0.0017314184457063674,-0.5697778224945068,2.1847373962402346,0.28473739624023464
124.398766040802,0.0016587123274803162,-0.5687867641448975,2.1811193466186523,0.28111934661865234
124.43121576309204,0.001758565939962864,-0.5743890285491944,2.202507972717285,0.30250797271728525
124.46485686302185,0.0016587169840931893,-0.5687875270843505,2.181122398376465,0.281122398376465
124.49794816970825,0.0016115091741085053,-0.5640769004821777,2.1633327484130858,0.26333274841308585
124.53016495704651,0.0017050324007868768,-0.5692801952362061,2.1826265335083006,0.2826265335083007
124.56442070007324,0.0017595781013369561,-0.5709618091583252,2.189589500427246,0.2895895004272462
124.59683966636658,0.0017201481387019157,-0.5731245994567871,2.1979522705078125,0.2979522705078126
124.63006591796875,0.001608600839972496,-0.5695644855499268,2.1843502044677736,0.2843502044677737
124.66286277770996,0.0017078159376978873,-0.5690351486206054,2.1818105697631838,0.28181056976318386
124.69545435905457,0.0017078159376978873,-0.5690351486206054,2.1818105697631838,0.28181056976318386
124.72835612297058,0.0017036395147442818,-0.5717426300048828,2.1925434112548827,0.2925434112548828
124.76147317886353,0.001733245514333248,-0.5682228565216064,2.178371620178223,0.2783716201782229
124.7948203086853,0.0018575498834252357,-0.5747395515441894,2.2039676666259767,0.30396766662597674
124.82823419570923,0.0017685217782855034,-0.5715738773345947,2.1917139053344727,0.29171390533447283
124.86030459403992,0.0017455881461501122,-0.5722640037536622,2.1938642501831054,0.29386425018310547
124.89337229728699,0.0016703424975275994,-0.5727738857269287,2.1964086532592773,0.29640865325927734
124.92724108695984,0.001713765412569046,-0.5710153102874755,2.189402961730957,0.28940296173095703
124.96034502983093,0.0017364244908094407,-0.5711633682250976,2.189870834350586,0.289870834350586
124.9938657283783,0.00167906004935503,-0.5701436042785645,2.1863245010375976,0.28632450103759766
125.02542400360107,0.00167316272854805,-0.5681425571441651,2.17865104675293,0.27865104675292995
125.05867075920105,0.00162813700735569,-0.5698835849761963,2.185602378845215,0.2856023788452151
125.09134364128113,0.0017141671851277351,-0.571129322052002,2.190300178527832,0.2903001785278323
125.12562036514282,0.0017424970865249634,-0.5731836795806885,2.197616767883301,0.29761676788330105
125.1577320098877,0.001864192821085453,-0.5768194198608398,2.211943435668945,0.3119434356689452
125.19108366966248,0.0017859382554888726,-0.5786953449249268,2.21816349029541,0.31816349029541025
125.22376847267151,0.0017707757651805878,-0.5741195201873779,2.2009389877319334,0.3009389877319335
125.25737810134888,0.001762312650680542,-0.5695574760437012,2.183981704711914,0.283981704711914
125.29017114639282,0.001762312650680542,-0.5695574760437012,2.183981704711914,0.283981704711914
125.32318758964539,0.0017078159376978873,-0.5690351486206054,2.1818105697631838,0.28181056976318386
125.35535764694214,0.00176228117197752,-0.569556999206543,2.183980178833008,0.2839801788330081
125.38826012611389,0.0016530590131878854,-0.5668473720550538,2.17368221282959,0.27368221282958993
125.42196559906006,0.0017462948337197304,-0.5703643798828125,2.1870754241943358,0.28707542419433585
125.45455479621887,0.001667364314198494,-0.5661752223968506,2.17110652923584,0.2711065292358401
125.48697471618652,0.0018214887008070947,-0.569619607925415,2.183627700805664,0.28362770080566424
125.52034115791321,0.0016224920749664308,-0.5679123401641846,2.1780426025390627,0.27804260253906277
125.55370998382568,0.0017883287742733955,-0.5671856880187989,2.1746294021606447,0.2746294021606448
125.58679032325745,0.001756182499229908,-0.5675764560699463,2.176385498046875,0.2763854980468752
125.61944723129272,0.0016224920749664308,-0.5679123401641846,2.1780426025390627,0.27804260253906277
125.6530089378357,0.0016644755378365517,-0.5707616329193115,2.1886924743652343,0.2886924743652344
125.68508887290955,0.0016169462352991105,-0.5659757137298584,2.170615005493164,0.270615005493164
125.7182457447052,0.001667364314198494,-0.5661752223968506,2.17110652923584,0.2711065292358401
125.75177431106567,0.0016572320833802222,-0.5680206298828125,2.1786022186279297,0.2786022186279298
125.78449845314026,0.0018990593031048774,-0.5780213356018067,2.2162702560424803,0.3162702560424804
125.8176064491272,0.0017198089510202408,-0.5730276107788086,2.197118377685547,0.29711837768554705
125.85051393508911,0.0017748497426509856,-0.5736294269561768,2.1995962142944334,0.2995962142944335
125.88353991508484,0.001639745943248272,-0.5739371299743652,2.2011486053466798,0.30114860534667987
125.91627836227417,0.001728079654276371,-0.5732518672943115,2.1976585388183594,0.29765853881835946
125.9493317604065,0.0016644692048430442,-0.57076096534729,2.188689613342285,0.28868961334228516
125.98233103752136,0.0017648732289671897,-0.5764588832855224,2.210445022583008,0.310445022583008
126.01570224761963,0.0016275566071271897,-0.5690758228302002,2.1827383041381836,0.2827383041381837
126.04867506027222,0.0018335683271288872,-0.5741079330444336,2.2015359878540037,0.3015359878540038
126.08199691772461,0.0016169462352991105,-0.5659757137298584,2.170615005493164,0.270615005493164
126.11495637893677,0.001848791353404522,-0.5747939109802246,2.204764175415039,0.304764175415039
126.14806175231934,0.00162813700735569,-0.5698835849761963,2.185602378845215,0.2856023788452151
126.1812093257904,0.001800518110394478,-0.5710749149322509,2.189541053771973,0.2895410537719729
126.21421837806702,0.0017141412943601608,-0.5711246013641358,2.1902820587158205,0.2902820587158206
126.24749517440796,0.0017523745074868203,-0.5723597526550293,2.194726753234863,0.2947267532348632
126.28028964996338,0.0016817342489957809,-0.5671216011047363,2.174386405944824,0.2743864059448242
126.31332468986511,0.0016644692048430442,-0.57076096534729,2.188689613342285,0.28868961334228516
126.34642457962036,0.001740049570798874,-0.5703339576721191,2.1871564865112303,0.2871564865112304
126.37932014465332,0.0018270298838615417,-0.5729617595672607,2.197127342224121,0.2971273422241212
126.41171216964722,0.001667364314198494,-0.5661752223968506,2.17110652923584,0.2711065292358401
126.4453432559967,0.00167906004935503,-0.5701436042785645,2.1863245010375976,0.28632450103759766
126.47816967964172,0.00162813700735569,-0.5698835849761963,2.185602378845215,0.2856023788452151
126.51104784011841,0.0017437828704714776,-0.5695116996765137,2.1834894180297852,0.28348941802978533
126.5437331199646,0.0017113298177719115,-0.5755777359008789,2.207306671142578,0.30730667114257804
126.57736730575562,0.0017748497426509856,-0.5736294269561768,2.1995962142944334,0.2995962142944335
126.61059188842773,0.0016397437080740928,-0.5739365100860596,2.201146125793457,0.3011461257934571
126.64395785331726,0.0016703365370631218,-0.5727724552154541,2.1964031219482423,0.29640312194824237
126.67628455162048,0.0017567360773682594,-0.5718797206878662,2.1930313110351562,0.29303131103515634
126.70854353904724,0.0018496504053473473,-0.5727773189544678,2.196132278442383,0.296132278442383
126.7418839931488,0.0016408294439315795,-0.5677045345306396,2.177503776550293,0.27750377655029324
126.77425694465637,0.0016731677576899528,-0.5681446552276611,2.1786590576171876,0.2786590576171877
126.80748558044434,0.0017585651949048042,-0.5701503753662109,2.1857231140136717,0.2857231140136718
126.84044075012207,0.001701970025897026,-0.5670898914337158,2.1743520736694335,0.2743520736694336
126.8731369972229,0.0017082970589399338,-0.5691703796386719,2.1827877044677733,0.28278770446777335
126.90583562850952,0.0018293505534529686,-0.5679128170013428,2.177129554748535,0.27712955474853507
126.93945622444153,0.0015204790979623795,-0.5676704406738281,2.1770952224731444,0.27709522247314444
126.97244834899902,0.0018196813762187958,-0.5771946430206298,2.213004493713379,0.3130044937133789
127.00522112846375,0.0016338847577571868,-0.5718905925750732,2.1932998657226563,0.2932998657226564
127.03811955451965,0.0016829736530780792,-0.5730947494506836,2.197682762145996,0.2976827621459961
127.07159233093262,0.0017776487395167351,-0.569275188446045,2.183194160461426,0.28319416046142587
127.10426473617554,0.0016855159774422646,-0.5684175968170166,2.1797662734985352,0.27976627349853533
127.13741040229797,0.001645711250603199,-0.5760200977325439,2.2091371536254885,0.30913715362548855
127.17008447647095,0.0018091678619384765,-0.5737102508544922,2.2004451751708984,0.3004451751708985
127.2034592628479,0.0017262067645788192,-0.5751499176025391,2.2057193756103515,0.30571937561035156
127.23648977279663,0.0017557375133037568,-0.5740591526031494,2.201648712158203,0.3016487121582032
127.2689688205719,0.0016080236062407493,-0.5688784122467041,2.1808372497558595,0.28083724975585955
127.30230760574341,0.0017657037824392319,-0.5729487895965576,2.1972095489501955,0.2972095489501956
127.33557891845703,0.0017506605014204978,-0.5698951721191406,2.185421180725098,0.2854211807250979
127.36819887161255,0.0017963016405701637,-0.5704352855682373,2.186761474609375,0.2867614746093752
127.40114831924438,0.0017592962831258774,-0.5738156318664551,2.200288009643555,0.30028800964355495
127.43433022499084,0.0016731677576899528,-0.5681446552276611,2.1786590576171876,0.2786590576171877
127.46748280525208,0.00162813700735569,-0.5698835849761963,2.185602378845215,0.2856023788452151
127.50013995170593,0.0018034271895885467,-0.5738371849060059,2.2007831573486327,0.3007831573486328
127.53292727470398,0.0016816286370158195,-0.5770009517669678,2.2125473022460938,0.31254730224609384
127.56602239608765,0.001667364314198494,-0.5661752223968506,2.17110652923584,0.2711065292358401
127.59884643554688,0.001667364314198494,-0.5661752223968506,2.17110652923584,0.2711065292358401
127.63230037689209,0.0017567360773682594,-0.5718797206878662,2.1930313110351562,0.29303131103515634
127.66512298583984,0.0016644766554236412,-0.5707626342773438,2.188696098327637,0.288696098327637
127.69794917106628,0.0018131859600543977,-0.5751222610473633,2.2050588607788084,0.3050588607788085
127.73115062713623,0.001762995682656765,-0.5713940143585206,2.190175437927246,0.2901754379272461
127.76426267623901,0.0016281403601169585,-0.5698854923248291,2.185609817504883,0.2856098175048829
127.79714226722717,0.0017685217782855034,-0.5715738773345947,2.1917139053344727,0.29171390533447283
127.83008146286011,0.0017695665359497071,-0.5759345054626465,2.207523536682129,0.3075235366821292
127.86292481422424,0.0017629420384764672,-0.5758599758148193,2.207620620727539,0.30762062072753915
127.8958785533905,0.0016816286370158195,-0.5770009517669678,2.2125473022460938,0.31254730224609384
127.92889451980591,0.0016731677576899528,-0.5681446552276611,2.1786590576171876,0.2786590576171877
127.96187853813171,0.0017201455309987068,-0.5731235027313233,2.1979480743408204,0.2979480743408205
127.9958279132843,0.001762935146689415,-0.5739031314849854,2.200790596008301,0.30079059600830105
128.02819395065308,0.001713765412569046,-0.5710153102874755,2.189402961730957,0.28940296173095703
128.0612711906433,0.0017754239961504936,-0.5754342555999756,2.205661964416504,0.3056619644165042
128.09429001808167,0.001713765412569046,-0.5710153102874755,2.189402961730957,0.28940296173095703
128.12730145454407,0.0016637826338410378,-0.5707098007202148,2.18796329498291,0.28796329498291007
128.16027235984802,0.0016180336475372314,-0.5721032619476318,2.193568801879883,0.293568801879883
128.19315195083618,0.0016989151015877723,-0.5703541755676269,2.186505126953125,0.2865051269531249
128.2259078025818,0.0017451371997594834,-0.5721480369567871,2.1927671432495117,0.2927671432495118
128.25881791114807,0.0016555197536945343,-0.5738045692443847,2.1989162445068358,0.29891624450683585
128.291974067688,0.001532743312418461,-0.571657133102417,2.1905317306518555,0.29053173065185556
128.32508635520935,0.0016865601763129234,-0.5742412567138672,2.200954818725586,0.30095481872558594
128.35823488235474,0.0016645487397909165,-0.5741189479827881,2.2009925842285156,0.3009925842285157
128.39088678359985,0.0018972842022776603,-0.5757988452911377,2.2068389892578124,0.3068389892578125
128.42387580871582,0.0016654135659337043,-0.5722543716430664,2.193585968017578,0.2935859680175783
128.45683455467224,0.001668984442949295,-0.567218542098999,2.1739259719848634,0.27392597198486346
128.48977375030518,0.0017579255625605583,-0.5759096145629883,2.207166862487793,0.30716686248779324
128.52285957336426,0.001830478198826313,-0.5770551681518554,2.2115304946899412,0.3115304946899413
128.55583500862122,0.0017661640420556068,-0.5779168128967285,2.2145259857177733,0.31452598571777335
128.58886051177979,0.0017877588048577308,-0.5749986648559571,2.203948402404785,0.30394840240478516
128.62219214439392,0.0018404422327876091,-0.5767318725585937,2.210112190246582,0.3101121902465822
128.6554982662201,0.0017350684851408006,-0.5782119750976562,2.215981292724609,0.3159812927246093
128.68799829483032,0.0016888713464140892,-0.5768723011016845,2.2103519439697266,0.31035194396972665
128.72097444534302,0.001806182973086834,-0.5751962184906005,2.2041126251220704,0.3041126251220705
128.75389695167542,0.0017633270472288132,-0.5783873558044433,2.2166561126708983,0.31665611267089844
128.78687858581543,0.001821460947394371,-0.569624376296997,2.183645820617676,0.28364582061767596
128.8199427127838,0.001599622331559658,-0.5720759868621826,2.1937253952026365,0.29372539520263663
128.85286378860474,0.0017612989991903304,-0.5693164825439453,2.1826778411865235,0.2826778411865236
128.88605785369873,0.0016948480159044265,-0.5738080501556396,2.198910713195801,0.29891071319580087
128.91882276535034,0.0017088837921619415,-0.5749095439910888,2.204240417480469,0.3042404174804689
128.95188546180725,0.0018151432275772094,-0.5676426887512207,2.1760488510131837,0.27604885101318377
128.98506689071655,0.001758565939962864,-0.5743890285491944,2.202507972717285,0.30250797271728525
129.01778936386108,0.0016868174076080321,-0.5722130298614502,2.1936128616333006,0.2936128616333007
129.05173540115356,0.0016741668805480003,-0.5744229316711426,2.202084541320801,0.30208454132080087
129.0842490196228,0.0017387138679623604,-0.5793233871459961,2.221724510192871,0.3217245101928712
129.1175935268402,0.001717056892812252,-0.5733006954193115,2.1980411529541017,0.29804115295410183
129.15063858032227,0.0017930658534169198,-0.5759518146514893,2.20788459777832,0.3078845977783202
129.18403553962708,0.0017331091687083245,-0.576327896118164,2.2082061767578125,0.3082061767578126
129.21633911132812,0.0016766874119639396,-0.5718846797943116,2.1917388916015623,0.2917388916015624
129.24890089035034,0.0018067779019474983,-0.573073148727417,2.1972024917602537,0.2972024917602538
129.2819151878357,0.001793457567691803,-0.5727997303009034,2.1958286285400392,0.29582862854003933
129.31520223617554,0.0017262361943721771,-0.5751551151275635,2.205739212036133,0.3057392120361331
129.3483214378357,0.0018247179687023163,-0.5760149478912353,2.2078458786010744,0.3078458786010745
129.3817262649536,0.0016778763383626938,-0.5708600997924804,2.1887521743774414,0.2887521743774415
129.4152147769928,0.0016480600461363792,-0.5716843605041504,2.1916683197021483,0.29166831970214835
129.44842386245728,0.001787617802619934,-0.5754645824432373,2.2054750442504885,0.30547504425048855
129.48113775253296,0.0017031200230121612,-0.5750523567199707,2.2044654846191407,0.3044654846191408
129.51449179649353,0.0017245525494217872,-0.5770902633666992,2.2114234924316407,0.3114234924316408
129.54744791984558,0.0017753001302480698,-0.5765022277832031,2.2086002349853517,0.30860023498535183
129.58006834983826,0.0016278663650155067,-0.5717302799224854,2.191501998901367,0.2915019989013672
129.61233925819397,0.0016666682437062263,-0.5736818313598633,2.198970603942871,0.298970603942871
129.64577198028564,0.0018159041181206703,-0.5758510589599609,2.206923484802246,0.3069234848022462
129.67844653129578,0.0017591528594493866,-0.5744578838348389,2.2024503707885743,0.3024503707885744
129.71158266067505,0.001713765412569046,-0.5710153102874755,2.189402961730957,0.28940296173095703
129.74391317367554,0.0017262361943721771,-0.5751551151275635,2.205739212036133,0.3057392120361331
129.77694416046143,0.0016464529559016227,-0.5693423271179199,2.1829622268676756,0.2829622268676757
129.8105149269104,0.0016391461715102196,-0.5702822208404541,2.1859098434448243,0.2859098434448244
129.84417366981506,0.0018182294443249702,-0.573965311050415,2.1999897003173827,0.2999897003173828
129.87656140327454,0.0018517298623919487,-0.5775459289550782,2.21309814453125,0.3130981445312502
129.9097409248352,0.0016268016770482063,-0.5685458183288574,2.179911231994629,0.2799112319946291
129.9428608417511,0.0017648732289671897,-0.5764588832855224,2.210445022583008,0.310445022583008
129.97636914253235,0.0017675092443823815,-0.5713200092315673,2.190359115600586,0.290359115600586
130.00835490226746,0.0016123434528708459,-0.5700993537902832,2.185885429382324,0.2858854293823243
130.041166305542,0.0016422184184193612,-0.5694635391235352,2.1825912475585936,0.28259124755859366
130.07401847839355,0.001806814596056938,-0.5730885028839111,2.197261428833008,0.297261428833008
130.10690426826477,0.0018067779019474983,-0.573073148727417,2.1972024917602537,0.2972024917602538
130.1399245262146,0.0016934502869844436,-0.5758490562438965,2.2073511123657226,0.30735111236572266
130.1730477809906,0.0016216710209846497,-0.5713159084320069,2.1907842636108397,0.29078426361083975
130.2063479423523,0.0015972383320331574,-0.5710139274597168,2.189114570617676,0.28911457061767587
130.23905754089355,0.0017280787229537963,-0.573250675201416,2.197654151916504,0.2976541519165039
130.2718391418457,0.0016732975840568543,-0.5740132331848145,2.1999950408935547,0.2999950408935548
130.30493021011353,0.0017834598198533057,-0.5779855251312256,2.2151241302490234,0.3151241302490235
130.33789658546448,0.0017082424834370612,-0.5762263774871826,2.2087705612182615,0.30877056121826163
130.37091445922852,0.001804274320602417,-0.5761186599731445,2.208608627319336,0.308608627319336
130.4038486480713,0.001697453111410141,-0.5763847827911377,2.210257911682129,0.3102579116821289
130.43691062927246,0.0017198089510202408,-0.5730276107788086,2.197118377685547,0.29711837768554705
130.47018575668335,0.0016338974237442017,-0.5718954563140869,2.1933183670043945,0.2933183670043946
130.5029444694519,0.0017875289544463159,-0.5750933170318604,2.204908752441406,0.30490875244140625
130.5360233783722,0.0017201481387019157,-0.5731245994567871,2.1979522705078125,0.2979522705078126
130.56889462471008,0.0016922406852245332,-0.5711709499359131,2.1893636703491213,0.28936367034912136
130.60184502601624,0.0017364244908094407,-0.5711633682250976,2.189870834350586,0.289870834350586
130.63506364822388,0.0017648732289671897,-0.5764588832855224,2.210445022583008,0.310445022583008
130.66779255867004,0.0018083225935697556,-0.5773983001708984,2.212574005126953,0.3125740051269532
130.70106172561646,0.001750621199607849,-0.5718285083770752,2.192165565490723,0.2921655654907229
130.73419761657715,0.0017198173329234124,-0.5730296611785889,2.197126579284668,0.29712657928466824
130.76692700386047,0.0017141671851277351,-0.571129322052002,2.190300178527832,0.2903001785278323
130.7997739315033,0.0017312606796622276,-0.5713747501373291,2.190464210510254,0.2904642105102542
130.83290338516235,0.001673598773777485,-0.571957015991211,2.1923412322998046,0.2923412322998047
130.86612057685852,0.0018254376947879792,-0.5763402462005616,2.2093975067138674,0.30939750671386745
130.89935326576233,0.0017654934898018837,-0.5765329837799072,2.2104063034057617,0.3104063034057618
130.93221640586853,0.001758565939962864,-0.5743890285491944,2.202507972717285,0.30250797271728525
130.96510076522827,0.0017314184457063674,-0.5697778224945068,2.1847373962402346,0.28473739624023464
130.99828147888184,0.0016763146966695785,-0.574821949005127,2.204262542724609,0.3042625427246093
131.03150463104248,0.0017201455309987068,-0.5731235027313233,2.1979480743408204,0.2979480743408205
131.06437802314758,0.0016587169840931893,-0.5687875270843505,2.181122398376465,0.281122398376465
131.09717059135437,0.0016281403601169585,-0.5698854923248291,2.185609817504883,0.2856098175048829
131.12981390953064,0.0018131859600543977,-0.5751222610473633,2.2050588607788084,0.3050588607788085
131.16321873664856,0.0016464529559016227,-0.5693423271179199,2.1829622268676756,0.2829622268676757
131.19631099700928,0.0016254266723990441,-0.5693695068359375,2.183319854736328,0.28331985473632804
131.22973346710205,0.0018131937831640244,-0.5751242637634277,2.2050664901733397,0.30506649017333975
131.26259231567383,0.0016703400760889053,-0.5727736949920654,2.1964080810546873,0.2964080810546874
131.29604053497314,0.001672687381505966,-0.5741044044494629,2.2011129379272463,0.30111293792724636
131.3289556503296,0.0016893478110432624,-0.5704641819000245,2.1871484756469726,0.28714847564697266
131.36152720451355,0.00176228117197752,-0.569556999206543,2.183980178833008,0.2839801788330081
131.39417266845703,0.001713765412569046,-0.5710153102874755,2.189402961730957,0.28940296173095703
131.42698001861572,0.0017685217782855034,-0.5715738773345947,2.1917139053344727,0.29171390533447283
131.46029138565063,0.0017109982669353484,-0.5712757110595703,2.1902774810791015,0.29027748107910156
131.49360823631287,0.0017198089510202408,-0.5730276107788086,2.197118377685547,0.29711837768554705
131.52695035934448,0.0016829736530780792,-0.5730947494506836,2.197682762145996,0.2976827621459961
131.55940866470337,0.0017592962831258774,-0.5738156318664551,2.200288009643555,0.30028800964355495
131.5925052165985,0.0016426671296358108,-0.5692502975463867,2.1828628540039063,0.2828628540039064
131.6255669593811,0.0016216730698943138,-0.5713184356689454,2.190793991088867,0.2907939910888673
131.65924215316772,0.0016731677576899528,-0.5681446552276611,2.1786590576171876,0.2786590576171877
131.69202399253845,0.0015782909467816353,-0.5703263759613038,2.187535285949707,0.2875352859497071
131.72438025474548,0.0016478283330798149,-0.5727780342102051,2.1967512130737306,0.29675121307373065
131.75754261016846,0.00171416774392128,-0.5711289405822754,2.190298843383789,0.290298843383789
131.79040265083313,0.0017467135563492774,-0.5693494796752929,2.1837814331054686,0.28378143310546866
131.82317686080933,0.0017141671851277351,-0.571129322052002,2.190300178527832,0.2903001785278323
131.8561463356018,0.0017201455309987068,-0.5731235027313233,2.1979480743408204,0.2979480743408205
131.88883543014526,0.0017685217782855034,-0.5715738773345947,2.1917139053344727,0.29171390533447283
131.9221580028534,0.0016338974237442017,-0.5718954563140869,2.1933183670043945,0.2933183670043946
131.9552116394043,0.00171416774392128,-0.5711289405822754,2.190298843383789,0.290298843383789
131.9882197380066,0.001709955558180809,-0.570695447921753,2.1888303756713867,0.2888303756713868
132.0213565826416,0.0016692277044057847,-0.5741386413574219,2.2017669677734375,0.3017669677734376
132.05451846122742,0.0016224920749664308,-0.5679123401641846,2.1780426025390627,0.27804260253906277
132.08728957176208,0.0017154641449451447,-0.5717341423034668,2.192074012756348,0.2920740127563479
132.12017512321472,0.0017201481387019157,-0.5731245994567871,2.1979522705078125,0.2979522705078126
132.1532440185547,0.0016169570386409759,-0.5659796714782714,2.1706302642822264,0.2706302642822265
132.18630695343018,0.0017552219331264495,-0.5716249942779541,2.191620445251465,0.291620445251465
132.21909356117249,0.0015782909467816353,-0.5703263759613038,2.187535285949707,0.2875352859497071
132.2522988319397,0.0016338847577571868,-0.5718905925750732,2.1932998657226563,0.2932998657226564
132.28526186943054,0.001713765412569046,-0.5710153102874755,2.189402961730957,0.28940296173095703
132.31837511062622,0.0016224920749664308,-0.5679123401641846,2.1780426025390627,0.27804260253906277
132.35117483139038,0.0016644692048430442,-0.57076096534729,2.188689613342285,0.28868961334228516
132.38442182540894,0.0016790611669421196,-0.5701274394989013,2.186262321472168,0.28626232147216824
132.41726899147034,0.0017411161214113235,-0.5719197273254395,2.1936786651611326,0.2936786651611327
132.45007228851318,0.0016224920749664308,-0.5679123401641846,2.1780426025390627,0.27804260253906277
132.4830677509308,0.0017592962831258774,-0.5738156318664551,2.200288009643555,0.30028800964355495
132.5164089202881,0.0017462948337197304,-0.5703643798828125,2.1870754241943358,0.28707542419433585
132.5494360923767,0.0016338841989636422,-0.5718907356262207,2.193300247192383,0.2933002471923829
132.58221340179443,0.0016224920749664308,-0.5679123401641846,2.1780426025390627,0.27804260253906277
132.6152355670929,0.0017535349354147912,-0.5690020084381103,2.182073974609375,0.282073974609375
132.64843583106995,0.0017624102532863618,-0.5721062660217285,2.1943265914916994,0.2943265914916995
132.68092918395996,0.001713765412569046,-0.5710153102874755,2.189402961730957,0.28940296173095703
132.7140920162201,0.0017078159376978873,-0.5690351486206054,2.1818105697631838,0.28181056976318386
132.7468683719635,0.00162813700735569,-0.5698835849761963,2.185602378845215,0.2856023788452151
132.77986216545105,0.001753530465066433,-0.5690008163452148,2.1820693969726563,0.2820693969726564
132.81284856796265,0.0017198173329234124,-0.5730296611785889,2.197126579284668,0.29712657928466824
132.84592747688293,0.001697453111410141,-0.5763847827911377,2.210257911682129,0.3102579116821289
132.879545211792,0.0016992254182696342,-0.5714818477630615,2.191598892211914,0.29159889221191415
132.9127323627472,0.0015619446523487568,-0.5644192218780517,2.1648773193359374,0.2648773193359375
132.94592833518982,0.0016338847577571868,-0.5718905925750732,2.1932998657226563,0.2932998657226564
132.97873854637146,0.0017078159376978873,-0.5690351486206054,2.1818105697631838,0.28181056976318386
133.0114290714264,0.001656455546617508,-0.5688101291656494,2.181174468994141,0.2811744689941409
133.0438666343689,0.0016855159774422646,-0.5684175968170166,2.1797662734985352,0.27976627349853533
133.07767343521118,0.0017585644498467445,-0.5743887424468994,2.2025070190429688,0.30250701904296884
133.10990738868713,0.0018203722313046456,-0.5789086818695068,2.218830871582031,0.31883087158203116
133.14297771453857,0.001687106490135193,-0.5735009193420411,2.199112892150879,0.299112892150879
133.17581844329834,0.0019046107307076454,-0.5819283962249756,2.2307151794433593,0.3307151794433594
133.2088143825531,0.0017468245700001717,-0.5704240322113037,2.1869844436645507,0.2869844436645508
133.24187541007996,0.0016756042838096618,-0.5749353408813477,2.204626274108887,0.304626274108887
133.2747838497162,0.0017324022948741913,-0.5772172927856445,2.2136478424072266,0.31364784240722665
133.30782175064087,0.0017262067645788192,-0.5751499176025391,2.2057193756103515,0.30571937561035156
133.34070444107056,0.0017262067645788192,-0.5751499176025391,2.2057193756103515,0.30571937561035156
133.3739128112793,0.00161419864743948,-0.5715456962585449,2.1919483184814452,0.2919483184814453
133.40690732002258,0.0016338847577571868,-0.5718905925750732,2.1932998657226563,0.2932998657226564
133.43997263908386,0.0017194567248225213,-0.5693379878997803,2.1835350036621093,0.2835350036621094
133.47278261184692,0.0016734380275011062,-0.5722818374633789,2.195106315612793,0.2951063156127929
133.50576972961426,0.001758565939962864,-0.5743890285491944,2.202507972717285,0.30250797271728525
133.53880214691162,0.0015830237418413163,-0.5661463260650634,2.1709867477416993,0.2709867477416994
133.5722851753235,0.0016969505697488785,-0.5708916664123536,2.1888355255126952,0.2888355255126953
133.60477995872498,0.0017622802406549454,-0.5695569515228271,2.183979797363281,0.28397979736328116
133.6377673149109,0.00162813700735569,-0.5698835849761963,2.185602378845215,0.2856023788452151
133.67084670066833,0.0016338841989636422,-0.5718907356262207,2.193300247192383,0.2933002471923829
133.7037627696991,0.0016763107851147652,-0.5748215675354004,2.20426082611084,0.30426082611083993
133.73730444908142,0.0017462948337197304,-0.5703643798828125,2.1870754241943358,0.28707542419433585
133.77011561393738,0.00167316272854805,-0.5681425571441651,2.17865104675293,0.27865104675292995
133.8031268119812,0.0017622802406549454,-0.5695569515228271,2.183979797363281,0.28397979736328116
133.8362991809845,0.001806814596056938,-0.5730885028839111,2.197261428833008,0.297261428833008
133.8687927722931,0.0017051929607987404,-0.56999192237854,2.185556983947754,0.2855569839477541
133.9019157886505,0.001756172813475132,-0.567572832107544,2.176371383666992,0.2763713836669921
133.93475341796875,0.0016587169840931893,-0.5687875270843505,2.181122398376465,0.281122398376465
133.96790480613708,0.0018089968711137772,-0.5744711399078369,2.2022329330444337,0.30223293304443377
134.00074672698975,0.001610570028424263,-0.5707835674285888,2.188896369934082,0.2888963699340823
134.0341329574585,0.0015726760029792786,-0.5701664447784424,2.186352348327637,0.2863523483276369
134.06747388839722,0.0015726760029792786,-0.5701664447784424,2.186352348327637,0.2863523483276369
134.1003577709198,0.0016338847577571868,-0.5718905925750732,2.1932998657226563,0.2932998657226564
134.1326551437378,0.001613171026110649,-0.5720415115356445,2.19327449798584,0.29327449798583993
134.16617584228516,0.00162813700735569,-0.5698835849761963,2.185602378845215,0.2856023788452151
134.19863629341125,0.00162813700735569,-0.5698835849761963,2.185602378845215,0.2856023788452151
134.23195338249207,0.00162813700735569,-0.5698835849761963,2.185602378845215,0.2856023788452151
134.26492381095886,0.0016616743057966232,-0.5642446041107178,2.1637031555175783,0.2637031555175784
134.29823207855225,0.0017185326665639876,-0.5748964309692383,2.204787254333496,0.3047872543334962
134.33122396469116,0.0017185326665639876,-0.5748964309692383,2.204787254333496,0.3047872543334962
134.36444902420044,0.0017219886183738708,-0.574713659286499,2.2042417526245117,0.3042417526245118
134.39684200286865,0.0017538757994771004,-0.5716867446899414,2.1929288864135743,0.2929288864135744
134.43026542663574,0.0017538757994771004,-0.5716867446899414,2.1929288864135743,0.2929288864135744
134.46316695213318,0.0016450634226202964,-0.5742641448974609,2.2030099868774413,0.3030099868774414
134.49629163742065,0.00167316272854805,-0.5681425571441651,2.17865104675293,0.27865104675292995
134.5293004512787,0.0017201105132699014,-0.5731170177459717,2.1979228973388674,0.29792289733886745
134.56193661689758,0.0017281603068113327,-0.5767762184143066,2.212152671813965,0.3121526718139651
134.59494185447693,0.0016368068754673004,-0.5733736515045166,2.1986743927001955,0.2986743927001956
134.62789034843445,0.0016368068754673004,-0.5733736515045166,2.1986743927001955,0.2986743927001956
134.66113758087158,0.0017198089510202408,-0.5730276107788086,2.197118377685547,0.29711837768554705
134.69376301765442,0.0016338847577571868,-0.5718905925750732,2.1932998657226563,0.2932998657226564
134.72674870491028,0.00162813700735569,-0.5698835849761963,2.185602378845215,0.2856023788452151
134.75970005989075,0.0017262067645788192,-0.5751499176025391,2.2057193756103515,0.30571937561035156
134.79296875,0.0017262067645788192,-0.5751499176025391,2.2057193756103515,0.30571937561035156
134.82604479789734,0.0016912056133151054,-0.5742480754852295,2.2020641326904298,0.30206413269042987
134.85904335975647,0.001746295765042305,-0.5703639030456543,2.187073516845703,0.28707351684570304
134.89205121994019,0.0017159244045615197,-0.5726884841918946,2.1964744567871093,0.2964744567871094
134.9251914024353,0.0018012793734669685,-0.5732025623321533,2.197896957397461,0.297896957397461
134.95794486999512,0.00171416774392128,-0.5711289405822754,2.190298843383789,0.290298843383789
134.9909725189209,0.001702536828815937,-0.5656958103179932,2.169424629211426,0.26942462921142596
135.02399253845215,0.001857505366206169,-0.5747414588928222,2.2039749145507814,0.3039749145507815
135.05694556236267,0.0017401635646820067,-0.5748131275177002,2.2044677734375,0.3044677734375001
135.0899317264557,0.0018079139292240143,-0.5700094699859619,2.1865129470825195,0.2865129470825196
135.1229498386383,0.0018079139292240143,-0.5700094699859619,2.1865129470825195,0.2865129470825196
135.15592885017395,0.0017082616686820984,-0.5691643714904785,2.1827646255493165,0.2827646255493166
135.18928480148315,0.0017971482127904892,-0.5718303203582764,2.1930864334106444,0.29308643341064444
135.22206807136536,0.0018509352579712869,-0.5726995468139648,2.1961444854736327,0.2961444854736328
135.25488805770874,0.001740320585668087,-0.5684045791625977,2.1795602798461915,0.2795602798461916
135.28806519508362,0.0016153115779161454,-0.565255880355835,2.167325019836426,0.26732501983642587
135.32096242904663,0.001679065078496933,-0.5701457500457764,2.1863327026367188,0.28633270263671884
135.35421419143677,0.0017078159376978873,-0.5690351486206054,2.1818105697631838,0.28181056976318386
135.38689851760864,0.0017561746761202812,-0.5675735950469971,2.1763742446899412,0.2763742446899413
135.41990566253662,0.0016338841989636422,-0.5718907356262207,2.193300247192383,0.2933002471923829
135.45286917686462,0.0017201105132699014,-0.5731169700622558,2.1979228973388674,0.29792289733886745
135.48638153076172,0.0016911998391151428,-0.5742631435394288,2.202121925354004,0.3021219253540042
135.5190589427948,0.0016930706799030304,-0.5755342960357666,2.206909942626953,0.30690994262695304
135.55194330215454,0.0017400575801730157,-0.5703364849090576,2.187166213989258,0.2871662139892579
135.58505773544312,0.0017262332141399384,-0.5751543998718261,2.205736541748047,0.3057365417480469
135.61806797981262,0.0016922157257795334,-0.5762221813201904,2.210130310058594,0.3101303100585939
135.6509530544281,0.0016861738637089728,-0.5741557121276856,2.202204132080078,0.3022041320800781
135.68396019935608,0.0017205225303769112,-0.5721916198730469,2.1954368591308593,0.2954368591308594
135.71693229675293,0.00169184822589159,-0.5781898498535156,2.217877197265625,0.3178771972656249
135.75023531913757,0.0016734380275011062,-0.5722818374633789,2.195106315612793,0.2951063156127929
135.78289484977722,0.0016297005116939546,-0.5711697101593017,2.1913265228271483,0.29132652282714844
135.81589221954346,0.0017663780599832535,-0.5757835865020752,2.208643913269043,0.30864391326904306
135.8493573665619,0.0018142223358154296,-0.5720065116882325,2.1941736221313475,0.29417362213134757
135.88221669197083,0.0016605520620942115,-0.5715004920959472,2.19276123046875,0.2927612304687499
135.9148886203766,0.0017624331638216972,-0.5713404655456543,2.191638946533203,0.2916389465332032
135.94849467277527,0.0017159206792712212,-0.5726876258850098,2.1964712142944336,0.2964712142944337
135.9808897972107,0.0016797464340925217,-0.5685933589935303,2.1808713912963866,0.2808713912963867
136.01397728919983,0.0017201455309987068,-0.5731235027313233,2.1979480743408204,0.2979480743408205
136.0471019744873,0.0015783019363880158,-0.5703303337097168,2.187550735473633,0.2875507354736331
136.08003759384155,0.0016676304861903191,-0.570294189453125,2.187482452392578,0.2874824523925783
136.1139316558838,0.0016889108344912529,-0.5726798057556153,2.196757125854492,0.2967571258544921
136.14626836776733,0.0016796773299574852,-0.5740307331085205,2.2019235610961916,0.3019235610961917
136.1793794631958,0.0017358418554067612,-0.5728585720062256,2.1974489212036135,0.29744892120361355
136.2128632068634,0.0018086954951286316,-0.5731840610504151,2.1981056213378904,0.29810562133789054
136.24529838562012,0.0018163476139307021,-0.5779647350311279,2.21661319732666,0.31661319732666016
136.2785506248474,0.0019122853875160218,-0.5707659721374512,2.1884740829467773,0.28847408294677734
136.3114778995514,0.0017534509301185609,-0.575971269607544,2.209218978881836,0.309218978881836
136.34457993507385,0.0017467135563492774,-0.5693494796752929,2.1837814331054686,0.28378143310546866
136.37715792655945,0.0018290875479578972,-0.5738943099975586,2.201455307006836,0.3014553070068362
136.41028594970703,0.0016222763806581497,-0.5662716388702392,2.172348976135254,0.272348976135254
136.4432590007782,0.0016344724223017692,-0.5674356460571289,2.177033233642578,0.27703323364257804
136.47636890411377,0.001746317930519581,-0.5724998474121094,2.1963104248046874,0.2963104248046875
136.50940203666687,0.0017778575420379639,-0.5703971862792969,2.1881689071655273,0.28816890716552734
136.54181385040283,0.001842830516397953,-0.5723131656646728,2.1952919006347655,0.2952919006347656
136.5748405456543,0.0017576314508914947,-0.5725028991699219,2.1955169677734374,0.2955169677734375
136.60871624946594,0.0016338488087058068,-0.571169662475586,2.190501594543457,0.29050159454345703
136.64107751846313,0.0016861699521541595,-0.5741551876068115,2.2022022247314452,0.3022022247314453
136.6744966506958,0.0016199098899960518,-0.5735663414001465,2.1996976852416994,0.2996976852416995
136.7071361541748,0.001572742499411106,-0.5683212757110596,2.1798444747924806,0.27984447479248065
136.74012184143066,0.0016675511375069617,-0.5702703952789306,2.187390899658203,0.2873908996582033
136.772864818573,0.001572742499411106,-0.5683212757110596,2.1798444747924806,0.27984447479248065
136.80617666244507,0.001542475912719965,-0.5713212490081787,2.19167537689209,0.2916753768920901
136.83924889564514,0.001756182499229908,-0.5675764560699463,2.176385498046875,0.2763854980468752
136.8721354007721,0.001756182499229908,-0.5675764560699463,2.176385498046875,0.2763854980468752
136.9050054550171,0.00179098229855299,-0.5698599338531494,2.185529327392578,0.2855293273925783
136.9380180835724,0.0020005349069833755,-0.5755245685577393,2.205044746398926,0.30504474639892587
136.97113347053528,0.0020005349069833755,-0.5755245685577393,2.205044746398926,0.30504474639892587
137.00410079956055,0.0013445351272821427,-0.5651499271392822,2.1588069915771486,0.2588069915771487
137.03697323799133,0.00023298608139157295,-0.5530913829803467,2.107806587219238,0.20780658721923828
137.0698344707489,-0.0010577158071100711,-0.5723275184631348,2.177388000488281,0.27738800048828116
137.10304236412048,-0.0025640927255153657,-0.5667016506195068,2.14935359954834,0.24935359954834002
137.1361060142517,-0.004412957280874252,-0.5500843048095703,2.0776645660400392,0.17766456604003933
137.16904735565186,-0.007104565948247909,-0.5600475788116455,2.105545234680176,0.20554523468017605
137.20225715637207,-0.007104565948247909,-0.5600475788116455,2.105545234680176,0.20554523468017605
137.2350161075592,-0.012520501017570495,-0.5589699268341064,2.0794513702392576,0.17945137023925772
137.26800632476807,-0.016270005702972413,-0.5585148811340332,2.0646856307983397,0.16468563079833975
137.30097556114197,-0.01999102085828781,-0.5566181659698486,2.0440025329589844,0.14400253295898446
137.33377623558044,-0.02404833436012268,-0.5567009449005127,2.029257583618164,0.12925758361816397
137.36678838729858,-0.028419917821884154,-0.5517535209655762,1.996648406982422,0.09664840698242205
137.399799823761,-0.03247904181480408,-0.5394674777984619,1.9367382049560546,0.03673820495605473
137.43287348747253,-0.03822279274463654,-0.5493167400360107,1.9546085357666017,0.05460853576660174
137.46604585647583,-0.04280683100223541,-0.5338925838470459,1.8817987442016602,-0.018201255798339755
137.49922561645508,-0.04280683100223541,-0.5338925838470459,1.8817987442016602,-0.018201255798339755
137.5320463180542,-0.05596231818199158,-0.5432466983795166,1.874812698364258,-0.02518730163574201
137.5650372505188,-0.06325307488441467,-0.5471458435058594,1.8673131942749024,-0.03268680572509752
137.59807801246643,-0.06929591298103333,-0.539602518081665,1.8198419570922852,-0.08015804290771467
137.63084650039673,-0.07641574144363403,-0.5370070934295654,1.7860965728759766,-0.11390342712402335
137.66388583183289,-0.07641574144363403,-0.5370070934295654,1.7860965728759766,-0.11390342712402335
137.69707012176514,-0.08351377248764039,-0.5338524341583252,1.749959945678711,-0.15004005432128897
137.72998452186584,-0.09861653447151184,-0.5303231716156006,1.6865831375122071,-0.2134168624877928
137.76301646232605,-0.10618942975997925,-0.5241329669952393,1.6378149032592773,-0.26218509674072266
137.79590249061584,-0.11296786069869995,-0.517269229888916,1.5886225700378418,-0.3113774299621581
137.8289601802826,-0.12177200317382812,-0.5191654682159423,1.5644378662109375,-0.3355621337890624
137.8620204925537,-0.13203797340393067,-0.5241092681884766,1.5484905242919922,-0.3515094757080077
137.89514303207397,-0.13203797340393067,-0.5241092681884766,1.5484905242919922,-0.3515094757080077
137.92790603637695,-0.13609259128570556,-0.5307884693145752,1.5398741722106934,-0.36012582778930646
137.96081447601318,-0.13609259128570556,-0.5307884693145752,1.5398741722106934,-0.36012582778930646
137.9938268661499,-0.13609259128570556,-0.5307884693145752,1.5398741722106934,-0.36012582778930646
138.0270254611969,-0.13609259128570556,-0.5307884693145752,1.5398741722106934,-0.36012582778930646
138.05990266799927,-0.13609259128570556,-0.5307884693145752,1.5398741722106934,-0.36012582778930646
138.09300684928894,-0.13609259128570556,-0.5307884693145752,1.5398741722106934,-0.36012582778930646
138.1259434223175,-0.13609259128570556,-0.5307884693145752,1.5398741722106934,-0.36012582778930646
138.15899205207825,-0.13609259128570556,-0.5307884693145752,1.5398741722106934,-0.36012582778930646
138.1919071674347,-0.13609259128570556,-0.5307884693145752,1.5398741722106934,-0.36012582778930646
138.22559928894043,-0.01660206913948059,-0.5322615623474121,1.53768949508667,-0.36231050491332994
138.25801706314087,-0.01730439066886902,-0.533971643447876,1.5881840705871582,-0.31181592941284175
138.29098916053772,-0.021787871420383454,-0.530563497543335,1.5888513565063476,-0.31114864349365234
138.32418012619019,-0.021787871420383454,-0.530563497543335,1.5888513565063476,-0.31114864349365234
138.3572108745575,-0.028288570046424866,-0.5322572708129882,1.6044069290161134,-0.29559307098388654
138.3901572227478,-0.04439929127693176,-0.5291716098785401,1.6145654678344727,-0.28543453216552717
138.4236934185028,-0.04439929127693176,-0.5291716098785401,1.6145654678344727,-0.28543453216552717
138.45618748664856,-0.054468590021133426,-0.5309572219848633,1.629239273071289,-0.2707607269287109
138.48926520347595,-0.07792571783065796,-0.5365695953369141,1.6648593902587892,-0.23514060974121076
138.5218641757965,-0.07792571783065796,-0.5365695953369141,1.6648593902587892,-0.23514060974121076
138.55492687225342,-0.08921501636505128,-0.5297541141510009,1.6502208709716797,-0.24977912902832022
138.58799839019775,-0.10250319242477417,-0.5286009788513184,1.6545406341552735,-0.24545936584472638
138.6208221912384,-0.11573399305343628,-0.5271903514862061,1.6551584243774413,-0.2448415756225586
138.6549687385559,-0.12838999032974244,-0.5200482368469238,1.6383689880371093,-0.2616310119628906
138.68717288970947,-0.14601640701293944,-0.5280014038085937,1.6666112899780274,-0.23338871002197248
138.72006702423096,-0.15907752513885498,-0.5217455387115478,1.6485723495483398,-0.25142765045166016
138.75302505493164,-0.17190539836883545,-0.5120805740356446,1.6195730209350585,-0.2804269790649414
138.78657793998718,-0.18732553720474243,-0.5102564334869385,1.613806915283203,-0.28619308471679683
138.8198857307434,-0.19489070177078247,-0.5029595851898193,1.5901737213134766,-0.30982627868652335
138.85199570655823,-0.1935054898262024,-0.5147352695465088,1.6238235473632812,-0.27617645263671875
138.88471817970276,-0.1935054898262024,-0.5147352695465088,1.6238235473632812,-0.27617645263671875
138.91782402992249,-0.1855137586593628,-0.5082298278808594,1.5989418029785156,-0.3010581970214843
138.95083236694336,-0.17753641605377196,-0.5039614200592041,1.5796998023986817,-0.3203001976013182
138.98370146751404,-0.1728181004524231,-0.511259126663208,1.593137550354004,-0.30686244964599596
139.01672339439392,-0.16602537631988526,-0.5109525680541992,1.5829630851745606,-0.3170369148254393
139.04983592033386,-0.1584299087524414,-0.5101009845733643,1.56893892288208,-0.3310610771179199
139.08295059204102,-0.15392359495162963,-0.5194121360778808,1.585275936126709,-0.3147240638732909
139.11575889587402,-0.14613627195358275,-0.515754508972168,1.5618756294250489,-0.33812437057495104
139.14956331253052,-0.139787757396698,-0.5183186054229736,1.5554041862487793,-0.3445958137512206
139.18172931671143,-0.12810108661651612,-0.5210067749023437,1.535966968536377,-0.36403303146362287
139.21509957313538,-0.12810108661651612,-0.5210067749023437,1.535966968536377,-0.36403303146362287
139.2479214668274,-0.1272488832473755,-0.5234233856201171,1.5357803344726562,-0.36421966552734375
139.28100037574768,-0.12956297397613525,-0.5255881309509277,1.5441814422607423,-0.35581855773925763
139.31395435333252,-0.13355032205581666,-0.5280808925628662,1.5547017097473144,-0.34529829025268555
139.3468210697174,-0.13705493211746217,-0.5240702629089355,1.5463473320007324,-0.35365266799926753
139.37991547584534,-0.140971577167511,-0.5207385063171387,1.5407267570495606,-0.3592732429504393
139.41296482086182,-0.14673758745193483,-0.5242032527923584,1.5525975227355957,-0.3474024772644042
139.44591426849365,-0.15310633182525635,-0.5293622016906738,1.5688440322875976,-0.3311559677124023
139.4787929058075,-0.15690575838088988,-0.5256261348724365,1.5577295303344727,-0.3422704696655272
139.51191234588623,-0.16191986799240113,-0.5272991180419921,1.5617530822753907,-0.33824691772460924
139.54479360580444,-0.16745373010635375,-0.5310187339782715,1.5716938018798827,-0.3283061981201172
139.57784628868103,-0.16948803663253784,-0.5271512508392334,1.5566677093505858,-0.34333229064941406
139.61120319366455,-0.17456725835800171,-0.5352547645568848,1.5764524459838867,-0.32354755401611324
139.64391684532166,-0.17606406211853026,-0.5363457202911377,1.576407241821289,-0.3235927581787108
139.67674112319946,-0.17585206031799316,-0.5372077465057373,1.5743183135986327,-0.3256816864013672
139.7098286151886,-0.1739441990852356,-0.5361055850982666,1.566908836364746,-0.3330911636352538
139.74332571029663,-0.17333961725234986,-0.5411065578460693,1.5754961967468262,-0.32450380325317374
139.7757408618927,-0.16942592859268188,-0.5373530864715577,1.558700180053711,-0.3412998199462889
139.80903244018555,-0.16796302795410156,-0.5423566341400147,1.5654920578002929,-0.33450794219970703
139.84214782714844,-0.16639057397842408,-0.5480519771575928,1.5747695922851563,-0.3252304077148436
139.87498712539673,-0.1634726643562317,-0.5517091274261474,1.5775711059570312,-0.3224288940429687
139.90794610977173,-0.15853989124298096,-0.5516961097717286,1.5694554328918457,-0.33054456710815416
139.94089078903198,-0.1558223247528076,-0.5584431648254394,1.5809575080871583,-0.3190424919128416
139.9738483428955,-0.1497195839881897,-0.554994535446167,1.5646631240844726,-0.3353368759155273
140.00693678855896,-0.14422374963760376,-0.5521870613098144,1.550170612335205,-0.3498293876647949
140.03982162475586,-0.14136115312576295,-0.5561657905578613,1.5554353713989257,-0.3445646286010742
140.0727574825287,-0.13799400329589845,-0.556706428527832,1.5496726036071777,-0.3503273963928222
140.10599756240845,-0.1369640350341797,-0.5616814136505127,1.5567035675048828,-0.3432964324951171
140.13890767097473,-0.13508025407791138,-0.5590396404266358,1.5448424339294433,-0.3551575660705566
140.17201495170593,-0.1370758056640625,-0.5649552345275879,1.5580065727233887,-0.3419934272766112
140.2048146724701,-0.13633042573928833,-0.5537158012390136,1.5254533767700196,-0.37454662322998034
140.2378489971161,-0.1403537154197693,-0.5567720413208008,1.5349544525146483,-0.36504554748535156
140.2707324028015,-0.1437639832496643,-0.5591672897338867,1.54562406539917,-0.35437593460082994
140.30400013923645,-0.14244459867477416,-0.5484307765960693,1.5221263885498046,-0.37787361145019527
140.3370397090912,-0.1445292592048645,-0.5549146652221679,1.5461860656738282,-0.3538139343261717
140.36996817588806,-0.14442545175552368,-0.5551753520965577,1.5533223152160645,-0.34667768478393546
140.40311861038208,-0.14140669107437134,-0.5445742130279541,1.5284462928771974,-0.37155370712280256
140.43604850769043,-0.14366739988327026,-0.5550826549530029,1.561833667755127,-0.3381663322448729
140.46898818016052,-0.14294137954711914,-0.5524403572082519,1.5561147689819337,-0.34388523101806623
140.50187873840332,-0.14329880475997925,-0.5529331684112548,1.5582035064697266,-0.3417964935302733
140.53490209579468,-0.1425765872001648,-0.5481018543243408,1.5438569068908692,-0.3561430931091307
140.56810879707336,-0.14479421377182006,-0.553218412399292,1.5572131156921387,-0.3427868843078612
140.60107326507568,-0.1447664737701416,-0.5501563549041748,1.5473453521728515,-0.3526546478271484
140.63443636894226,-0.14554505348205565,-0.5490262031555175,1.541514015197754,-0.3584859848022459
140.6672694683075,-0.14807716608047486,-0.5562309265136719,1.558022689819336,-0.341977310180664
140.70004034042358,-0.14968122243881227,-0.55831880569458,1.561061477661133,-0.338938522338867
140.7332317829132,-0.1482498526573181,-0.5514953136444092,1.5386472702026368,-0.3613527297973631
140.7656445503235,-0.1472841501235962,-0.5487007141113281,1.5268917083740234,-0.3731082916259765
140.7987596988678,-0.14691880941390992,-0.5498526573181153,1.5269126892089844,-0.37308731079101554
140.8321349620819,-0.14906011819839476,-0.5626527786254882,1.5590750694274902,-0.3409249305725097
140.86502838134766,-0.1479104280471802,-0.564167070388794,1.560309886932373,-0.33969011306762686
140.89814066886902,-0.14493675231933595,-0.5588767528533936,1.5426504135131835,-0.35734958648681636
140.93079257011414,-0.14366495609283447,-0.5592557907104492,1.5401190757751464,-0.3598809242248535
140.96385741233826,-0.1444216251373291,-0.5660513877868653,1.554676342010498,-0.3453236579895018
140.99696731567383,-0.14255015850067138,-0.5624564170837403,1.5409479141235352,-0.35905208587646475
141.02972865104675,-0.14355593919754028,-0.5678708553314209,1.5515830039978027,-0.3484169960021972
141.06278681755066,-0.14378035068511963,-0.568533182144165,1.5494110107421875,-0.35058898925781246
141.09582901000977,-0.14410218000411987,-0.5688263416290283,1.5461048126220702,-0.3538951873779297
141.12884545326233,-0.14606211185455323,-0.5733211040496826,1.5537125587463378,-0.34628744125366206
141.16168093681335,-0.14606211185455323,-0.5733211040496826,1.5537125587463378,-0.34628744125366206
141.19482159614563,-0.14584411382675172,-0.5698756694793701,1.5416519165039062,-0.3583480834960937
141.2277114391327,-0.1459078311920166,-0.5685912132263183,1.5351061820983887,-0.36489381790161124
141.26088690757751,-0.14652458429336548,-0.5697877407073975,1.5365883827209472,-0.3634116172790527
141.29380011558533,-0.15032488107681274,-0.5820021152496337,1.5677530288696289,-0.33224697113037105
141.32686185836792,-0.14962611198425294,-0.5756060600280761,1.546940803527832,-0.3530591964721679
141.35982537269592,-0.14962611198425294,-0.5756060600280761,1.546940803527832,-0.3530591964721679
141.39293479919434,-0.15236903429031373,-0.5840976715087891,1.568477725982666,-0.3315222740173338
141.42584037780762,-0.1546979308128357,-0.5859165668487549,1.5693415641784667,-0.3306584358215332
141.45883679389954,-0.1546693205833435,-0.5832004070281982,1.5595909118652345,-0.34040908813476545
141.49277997016907,-0.1546693205833435,-0.5832004070281982,1.5595909118652345,-0.34040908813476545
141.52520847320557,-0.15697580575942993,-0.5877421855926513,1.5702936172485351,-0.3297063827514648
141.5582082271576,-0.15941252708435058,-0.5893435001373291,1.570210075378418,-0.32978992462158185
141.59084296226501,-0.15941252708435058,-0.5893435001373291,1.570210075378418,-0.32978992462158185
141.6241717338562,-0.16074570417404174,-0.5873517990112305,1.561582374572754,-0.33841762542724596
141.65732526779175,-0.1622622013092041,-0.590694522857666,1.5696816444396973,-0.33031835556030265
141.68985104560852,-0.1622622013092041,-0.590694522857666,1.5696816444396973,-0.33031835556030265
141.72270512580872,-0.16416875123977662,-0.5933404922485351,1.5754732131958007,-0.3245267868041992
141.7562394142151,-0.16416875123977662,-0.5933404922485351,1.5754732131958007,-0.3245267868041992
141.78900790214539,-0.16573143005371094,-0.5961969375610352,1.581873607635498,-0.3181263923645019
141.82209944725037,-0.1674248218536377,-0.5994308948516845,1.59000244140625,-0.30999755859375
141.85475182533264,-0.16747984886169434,-0.5960769653320312,1.578973388671875,-0.3210266113281248
141.88862586021423,-0.17012299299240113,-0.6023609638214111,1.594177532196045,-0.30582246780395494
141.92103934288025,-0.1708202600479126,-0.6013280868530273,1.5895357131958008,-0.31046428680419913
141.95428943634033,-0.17244611978530883,-0.6032632350921631,1.5931181907653809,-0.30688180923461905
141.98727750778198,-0.1726803183555603,-0.5999611377716064,1.5833940505981445,-0.3166059494018554
142.01992225646973,-0.1762811541557312,-0.6073629856109619,1.6016284942626953,-0.29837150573730464
142.05294346809387,-0.17862170934677124,-0.6106642723083496,1.609903907775879,-0.2900960922241209
142.0859408378601,-0.18157072067260743,-0.6169819831848145,1.6262903213500977,-0.27370967864990225
142.118887424469,-0.18117681741714478,-0.611989688873291,1.614266586303711,-0.285733413696289
142.15221238136292,-0.1851692318916321,-0.6165631771087646,1.628865623474121,-0.2711343765258789
142.18501448631287,-0.18500324487686157,-0.6113178730010986,1.6161741256713866,-0.2838258743286133
142.21831154823303,-0.18500324487686157,-0.6113178730010986,1.6161741256713866,-0.2838258743286133
142.25132155418396,-0.18491569757461548,-0.606229829788208,1.6043033599853516,-0.29569664001464835
142.2838020324707,-0.186584734916687,-0.6072746753692627,1.6088041305541991,-0.2911958694458008
142.31678867340088,-0.18772319555282593,-0.606351661682129,1.6087051391601563,-0.2912948608398436
142.34992933273315,-0.19164834022521973,-0.6144076824188233,1.631800651550293,-0.26819934844970694
142.38316822052002,-0.19118013381958007,-0.6091070175170898,1.6198566436767579,-0.28014335632324205
142.41610455513,-0.19184110164642335,-0.607281494140625,1.6173355102539062,-0.2826644897460937
142.44917106628418,-0.19195432662963868,-0.6051204204559326,1.6138624191284179,-0.28613758087158203
142.48224806785583,-0.1901092290878296,-0.5984522819519043,1.5975282669067383,-0.3024717330932616
142.51506781578064,-0.18904714584350585,-0.5952131271362304,1.5903636932373046,-0.30963630676269527
142.54830121994019,-0.1903868317604065,-0.6018162727355957,1.609217071533203,-0.2907829284667969
142.58075332641602,-0.18459458351135255,-0.5896103382110596,1.5770864486694336,-0.3229135513305663
142.61412167549133,-0.1847538709640503,-0.5984259605407715,1.600612258911133,-0.299387741088867
142.64691925048828,-0.18248692750930787,-0.601755952835083,1.6089485168457032,-0.29105148315429674
142.68013834953308,-0.17593423128128052,-0.5925328731536865,1.5833178520202638,-0.31668214797973615
142.71288299560547,-0.17368645668029786,-0.5997770309448243,1.6019731521606446,-0.2980268478393553
142.74626898765564,-0.1675613045692444,-0.5934290885925293,1.583356761932373,-0.31664323806762695
142.7794373035431,-0.1635331392288208,-0.5959695339202881,1.5891860961914062,-0.31081390380859375
142.812109708786,-0.15641360282897948,-0.5889379978179932,1.569005298614502,-0.3309947013854979
142.84508609771729,-0.15132560729980468,-0.5886188507080078,1.5656618118286132,-0.3343381881713867
142.87811422348022,-0.14473193883895874,-0.5844996452331543,1.5531587600708008,-0.34684123992919913
142.911146402359,-0.13955177068710328,-0.581089448928833,1.5441851615905762,-0.35581483840942374
142.94414949417114,-0.1374574065208435,-0.5818895816802978,1.5504557609558105,-0.3495442390441894
142.97693347930908,-0.13654327392578125,-0.5665992259979248,1.535615825653076,-0.36438417434692383
143.00984644889832,-0.13654327392578125,-0.5665992259979248,1.535615825653076,-0.36438417434692383
143.04321908950806,-0.13866848945617677,-0.5627692222595215,1.5416595458984375,-0.35834045410156246
143.0758626461029,-0.1397186279296875,-0.5512431144714356,1.5275795936584473,-0.3724204063415526
143.10882759094238,-0.14477721452713013,-0.5560317039489746,1.5582326889038085,-0.3417673110961914
143.14224195480347,-0.1444508671760559,-0.5416773796081543,1.5332969665527343,-0.3667030334472656
143.17521238327026,-0.14708800315856935,-0.5401993274688721,1.5458212852478028,-0.3541787147521971
143.20823740959167,-0.14847453832626342,-0.5357159614562989,1.5482507705688477,-0.35174922943115217
143.24118447303772,-0.14789718389511108,-0.52702317237854,1.5375134468078613,-0.3624865531921386
143.27415418624878,-0.14865769147872926,-0.5240417003631592,1.5434618949890138,-0.35653810501098615
143.30714106559753,-0.14742051362991332,-0.5166769981384277,1.534530258178711,-0.3654697418212889
143.34011149406433,-0.14998899698257445,-0.5233664989471436,1.5686405181884766,-0.3313594818115233
143.37346982955933,-0.14509981870651245,-0.5051635265350342,1.5274479866027832,-0.37255201339721666
143.40637612342834,-0.1475229024887085,-0.511298131942749,1.5584412574768067,-0.3415587425231932
143.4390163421631,-0.14741237163543702,-0.5093803405761719,1.5636499404907227,-0.3363500595092772
143.47186756134033,-0.14569650888442992,-0.5015565395355225,1.5510751724243164,-0.34892482757568355
143.5050618648529,-0.14607235193252563,-0.5005454063415528,1.5588743209838867,-0.34112567901611324
143.53802180290222,-0.14713661670684813,-0.5020468711853028,1.572985553741455,-0.3270144462585449
143.57130026817322,-0.1454118847846985,-0.495314359664917,1.55885648727417,-0.34114351272583
143.60418057441711,-0.14406905174255372,-0.4907405376434326,1.5525526046752929,-0.34744739532470703
143.6371669769287,-0.1419077754020691,-0.4846472263336182,1.5385184288024902,-0.3614815711975097
143.67013883590698,-0.1407235622406006,-0.4853967666625977,1.546150016784668,-0.3538499832153319
143.70301866531372,-0.13923423290252684,-0.4856547832489014,1.5519898414611817,-0.3480101585388182
143.73586058616638,-0.13661565780639648,-0.4844219207763672,1.5506251335144043,-0.34937486648559557
143.7696406841278,-0.1320740818977356,-0.4783491134643555,1.5335172653198241,-0.3664827346801758
143.80230021476746,-0.1299794554710388,-0.4806488513946533,1.5425847053527832,-0.35741529464721666
143.83493208885193,-0.12784602642059326,-0.48190789222717284,1.547797966003418,-0.3522020339965819
143.8678116798401,-0.12452625036239624,-0.47592673301696775,1.5298798561096192,-0.3701201438903807
143.9008321762085,-0.12329860925674438,-0.4724785804748535,1.5215166091918946,-0.37848339080810534
143.93453073501587,-0.1252361059188843,-0.47682890892028806,1.5377177238464355,-0.36228227615356445
143.96720838546753,-0.1267951488494873,-0.4761709690093994,1.5383213996887206,-0.3616786003112793
144.00019884109497,-0.1290567398071289,-0.4771108150482178,1.5434425354003907,-0.35655746459960924
144.03317141532898,-0.1292937159538269,-0.47059645652771,1.5233341217041017,-0.37666587829589826
144.06600975990295,-0.1318908452987671,-0.47217116355895994,1.5285724639892577,-0.3714275360107422
144.09865188598633,-0.1332853317260742,-0.4721344470977783,1.5278179168701171,-0.37218208312988277
144.13181734085083,-0.13511000871658324,-0.47467541694641113,1.534489059448242,-0.3655109405517578
144.16475820541382,-0.13766055107116698,-0.48119511604309084,1.5532103538513184,-0.34678964614868146
144.19784903526306,-0.13829199075698853,-0.48331398963928224,1.5575632095336913,-0.3424367904663086
144.23081231117249,-0.13526875972747804,-0.4723823547363281,1.5194730758666992,-0.3805269241333007
144.2639615535736,-0.13758994340896608,-0.48143630027770995,1.544451904296875,-0.35554809570312496
144.29684138298035,-0.13639500141143798,-0.4776057243347168,1.5277276039123535,-0.3722723960876464
144.329975605011,-0.1394023299217224,-0.4889638423919678,1.5581056594848632,-0.3418943405151367
144.36278915405273,-0.13913638591766359,-0.4885915756225586,1.548922061920166,-0.3510779380798339
144.39631032943726,-0.13927022218704224,-0.4901095390319824,1.544573974609375,-0.35542602539062496
144.42944717407227,-0.1407930850982666,-0.4962827205657959,1.5527714729309081,-0.3472285270690918
144.46214890480042,-0.1407930850982666,-0.4962827205657959,1.5527714729309081,-0.3472285270690918
144.4950032234192,-0.14049124717712402,-0.49904813766479494,1.53560209274292,-0.36439790725708
144.52811980247498,-0.14110995531082154,-0.5062371730804444,1.5421520233154298,-0.35784797668457013
144.56102061271667,-0.13874540328979493,-0.5051945686340332,1.5229321479797364,-0.3770678520202635
144.59404349327087,-0.1389223098754883,-0.5150603294372559,1.5355685234069825,-0.36443147659301744
144.62698650360107,-0.13797978162765503,-0.5226484298706054,1.5413686752319335,-0.35863132476806636
144.6599702835083,-0.13702069520950316,-0.5288591861724854,1.5411083221435546,-0.35889167785644527
144.69297194480896,-0.13661147356033326,-0.5359416007995605,1.5443122863769532,-0.35568771362304674
144.72599244117737,-0.13519359827041627,-0.5356990814208984,1.5279993057250976,-0.37200069427490234
144.75895881652832,-0.1379297971725464,-0.5498594760894775,1.5523627281188965,-0.3476372718811034
144.7921221256256,-0.13917970657348633,-0.556260633468628,1.5541646003723144,-0.3458353996276855
144.825040102005,-0.14081894159317015,-0.5613670349121094,1.5532492637634276,-0.34675073623657227
144.857971906662,-0.14407668113708497,-0.5726324081420898,1.5683895111083985,-0.3316104888916014
144.89103150367737,-0.14537512063980101,-0.5756650924682617,1.5596281051635743,-0.3403718948364256
144.92401838302612,-0.1482680082321167,-0.5831897735595704,1.5641128540039062,-0.3358871459960937
144.95728540420532,-0.15082869529724122,-0.5906324863433838,1.5675224304199218,-0.3324775695800781
144.9902377128601,-0.15338155031204223,-0.5972095012664795,1.5679221153259277,-0.3320778846740722
145.0231056213379,-0.15558525323867797,-0.6041434288024903,1.5696374893188476,-0.3303625106811523
145.05619382858276,-0.15558525323867797,-0.6041434288024903,1.5696374893188476,-0.3303625106811523
145.08924674987793,-0.15819863080978394,-0.6139194965362549,1.5777059555053712,-0.32229404449462873
145.12198853492737,-0.15846140384674073,-0.6209343433380127,1.5600415229797364,-0.3399584770202635
145.15527248382568,-0.15846140384674073,-0.6209343433380127,1.5600415229797364,-0.3399584770202635
145.18819308280945,-0.15853002071380615,-0.6394556522369385,1.5729936599731444,-0.32700634002685547
145.2212164402008,-0.1580172896385193,-0.6519859313964844,1.5882296562194824,-0.3117703437805175
145.25407314300537,-0.1558595657348633,-0.6578808784484863,1.5879111289978027,-0.3120888710021972
145.2866976261139,-0.15292443037033082,-0.6613844394683838,1.5832745552062988,-0.3167254447937011
145.3197557926178,-0.15135201215744018,-0.6684049129486084,1.588848876953125,-0.31115112304687487
145.35314655303955,-0.15135201215744018,-0.6684049129486084,1.588848876953125,-0.31115112304687487
145.38613986968994,-0.15017788410186766,-0.6743486881256103,1.5940268516540528,-0.30597314834594713
145.41872882843018,-0.1479220509529114,-0.675925350189209,1.584129524230957,-0.3158704757690429
145.45176553726196,-0.14864519834518433,-0.681593942642212,1.5919421195983887,-0.3080578804016112
145.48506140708923,-0.14864519834518433,-0.681593942642212,1.5919421195983887,-0.3080578804016112
145.51770734786987,-0.15292822122573851,-0.6981343269348145,1.621663475036621,-0.2783365249633789
145.5506627559662,-0.1532421350479126,-0.6960444450378418,1.6133947372436523,-0.28660526275634757
145.584077835083,-0.15787988901138306,-0.7114284992218017,1.6448453903198241,-0.2551546096801758
145.61705803871155,-0.15787988901138306,-0.7114284992218017,1.6448453903198241,-0.2551546096801758
145.65023970603943,-0.1576789140701294,-0.7051541805267334,1.627271842956543,-0.272728157043457
145.68330717086792,-0.16129729747772217,-0.7152182102203369,1.6466156005859376,-0.2533843994140623
145.7160563468933,-0.16136610507965088,-0.70881028175354,1.6281509399414062,-0.27184906005859366
145.74930000305176,-0.16457154750823974,-0.7173229217529297,1.642976951599121,-0.25702304840087886
145.7821979522705,-0.1662298321723938,-0.7195022106170654,1.6438360214233398,-0.25616397857666007
145.81512665748596,-0.16748578548431398,-0.7207322597503663,1.6420585632324218,-0.2579414367675781
145.84815192222595,-0.16868143081665038,-0.726035213470459,1.6497875213623048,-0.25021247863769513
145.88083815574646,-0.1703507900238037,-0.7344357013702393,1.6653926849365235,-0.23460731506347643
145.91418147087097,-0.16899808645248413,-0.7322630405426025,1.6575689315795898,-0.24243106842041007
145.9473671913147,-0.16689785718917846,-0.7309106349945068,1.6516395568847657,-0.2483604431152342
145.97967553138733,-0.16510387659072875,-0.7296045780181885,1.647057342529297,-0.252942657470703
146.01330590248108,-0.1652292013168335,-0.7388151168823243,1.6660991668701173,-0.23390083312988263
146.04577660560608,-0.1629549264907837,-0.7371838569641114,1.6605247497558593,-0.23947525024414062
146.07932329177856,-0.16107848882675171,-0.7371830940246582,1.6587211608886718,-0.24127883911132808
146.11162543296814,-0.15934836864471436,-0.7433731555938721,1.6691364288330077,-0.2308635711669922
146.14476537704468,-0.15934836864471436,-0.7433731555938721,1.6691364288330077,-0.2308635711669922
146.17781686782837,-0.15712661743164064,-0.7388045310974121,1.6562801361083985,-0.24371986389160138
146.21114778518677,-0.158380925655365,-0.7490752696990967,1.675832176208496,-0.2241678237915039
146.24408769607544,-0.15615228414535523,-0.7426462173461914,1.6583978652954101,-0.2416021347045898
146.2771418094635,-0.15470540523529053,-0.7387387752532959,1.64669189453125,-0.2533081054687498
146.31015706062317,-0.15672169923782348,-0.7494717597961426,1.6678228378295898,-0.23217716217041007
146.34304523468018,-0.15470627546310425,-0.7411159038543701,1.644943618774414,-0.25505638122558594
146.37568020820618,-0.15470627546310425,-0.7411159038543701,1.644943618774414,-0.25505638122558594
146.40911149978638,-0.15552983283996583,-0.7437091827392578,1.6499528884887695,-0.2500471115112304
146.4418330192566,-0.15707385540008545,-0.7449435710906982,1.6540311813354491,-0.24596881866455078
146.4747986793518,-0.15707385540008545,-0.7449435710906982,1.6540311813354491,-0.24596881866455078
146.50769972801208,-0.157177197933197,-0.7421148777008056,1.6511823654174804,-0.2488176345825195
146.5414752960205,-0.1591593623161316,-0.7445977687835693,1.660431480407715,-0.23956851959228498
146.57413697242737,-0.15746952295303346,-0.732269287109375,1.6393341064453124,-0.2606658935546875
146.60727262496948,-0.15918521881103515,-0.7348873138427734,1.6522777557373047,-0.24772224426269518
146.640056848526,-0.15918521881103515,-0.7348873138427734,1.6522777557373047,-0.24772224426269518
146.6732108592987,-0.1584811806678772,-0.7193813323974609,1.63391170501709,-0.26608829498291
146.70593285560608,-0.15707999467849731,-0.7069595336914063,1.6154851913452148,-0.28451480865478507
146.73885321617126,-0.15689270496368407,-0.6992607593536377,1.6081846237182618,-0.29181537628173815
146.7718665599823,-0.1601368308067322,-0.7079163551330566,1.6382144927978515,-0.26178550720214844
146.80501580238342,-0.15892999172210692,-0.6955602645874024,1.6200965881347655,-0.2799034118652344
146.83798837661743,-0.15872678756713868,-0.687465763092041,1.6122322082519531,-0.2877677917480468
146.871267080307,-0.1600148320198059,-0.6855012893676757,1.6188238143920899,-0.28117618560791
146.90379667282104,-0.15982251167297362,-0.6764672756195068,1.6087152481079101,-0.2912847518920898
146.93679070472717,-0.16068800687789916,-0.6718903064727784,1.610124397277832,-0.28987560272216784
146.97022700309753,-0.15966101884841918,-0.6586053848266602,1.5904524803161622,-0.30954751968383776
147.00304651260376,-0.1605144739151001,-0.6513913154602051,1.5864864349365235,-0.3135135650634764
147.0359025001526,-0.16021504402160644,-0.6425532817840576,1.5782954216003418,-0.32170457839965816
147.06925773620605,-0.16083589792251587,-0.6352932453155518,1.573987865447998,-0.32601213455200195
147.10248637199402,-0.1608226180076599,-0.6279130935668945,1.5694522857666016,-0.33054771423339835
147.1352834701538,-0.16175786256790162,-0.623073959350586,1.5721484184265138,-0.32785158157348615
147.16796278953552,-0.16236271858215331,-0.6201128482818603,1.5796871185302734,-0.3203128814697265
147.20116019248962,-0.15986874103546142,-0.6069267272949219,1.563753890991211,-0.33624610900878893
147.2339015007019,-0.1568191647529602,-0.5934001445770264,1.54551420211792,-0.3544857978820799
147.26714968681335,-0.15640633106231688,-0.5921841144561768,1.5613601684570313,-0.3386398315429686
147.30087304115295,-0.15252472162246705,-0.5801487445831299,1.5499934196472167,-0.3500065803527832
147.33332061767578,-0.1485688328742981,-0.5687365531921387,1.5415907859802247,-0.3584092140197752
147.36629509925842,-0.1455339789390564,-0.5607280254364013,1.5431479454040526,-0.35685205459594727
147.3989691734314,-0.14135386943817138,-0.5477194786071777,1.5336535453796387,-0.3663464546203612
147.43220233917236,-0.13613979816436766,-0.5288899898529053,1.5079130172729491,-0.3920869827270508
147.46529269218445,-0.13610503673553467,-0.5272187232971192,1.5335612297058105,-0.36643877029418936
147.49782419204712,-0.13276176452636718,-0.5108504295349121,1.518806552886963,-0.38119344711303693
147.5310287475586,-0.13166998624801635,-0.500311279296875,1.5198915481567383,-0.3801084518432616
147.56412315368652,-0.12868332862854004,-0.48050861358642577,1.495528221130371,-0.4044717788696288
147.5970299243927,-0.13010069131851196,-0.4752930164337158,1.5175573348999023,-0.3824426651000976
147.6300311088562,-0.1281559109687805,-0.45758943557739257,1.4982300758361817,-0.4017699241638182
147.66320824623108,-0.1267141342163086,-0.44305858612060545,1.489316177368164,-0.4106838226318359
147.6961178779602,-0.1282873272895813,-0.43993892669677737,1.517185592651367,-0.3828144073486328
147.72900414466858,-0.12680355310440064,-0.42892894744873045,1.5176414489746093,-0.3823585510253906
147.76209449768066,-0.1256781816482544,-0.4205000400543213,1.5279812812805176,-0.37201871871948233
147.79511880874634,-0.12365133762359619,-0.41289610862731935,1.5374077796936034,-0.3625922203063965
147.82805013656616,-0.11986554861068725,-0.4009711265563965,1.5291500091552734,-0.3708499908447265
147.86148476600647,-0.11766724586486817,-0.3941961765289307,1.5399981498718263,-0.36000185012817365
147.8940486907959,-0.11425254344940186,-0.3849527597427368,1.536566162109375,-0.363433837890625
147.92671918869019,-0.11320416927337647,-0.38234145641326905,1.559791374206543,-0.3402086257934569
147.96004629135132,-0.11146844625473022,-0.3755089998245239,1.5649291038513184,-0.33507089614868146
147.99303245544434,-0.10871460437774658,-0.3644541263580322,1.5463963508605958,-0.3536036491394041
148.02618026733398,-0.10976172685623169,-0.36508002281188967,1.5781706809997558,-0.32182931900024414
148.05924606323242,-0.10826857089996338,-0.3556124210357666,1.563447856903076,-0.33655214309692383
148.09218645095825,-0.10882741212844849,-0.3531598329544067,1.5767743110656738,-0.3232256889343261
148.12510991096497,-0.10878596305847169,-0.34971208572387696,1.5826101303100586,-0.3173898696899413
148.15814208984375,-0.10777809619903564,-0.34333086013793945,1.5735604286193847,-0.3264395713806152
148.19115686416626,-0.10794904232025146,-0.34243671894073485,1.5871546745300293,-0.31284532546997057
148.22406363487244,-0.10680800676345825,-0.33806097507476807,1.5826680183410644,-0.3173319816589355
148.25672793388367,-0.10723583698272705,-0.33875038623809817,1.599222755432129,-0.3007772445678709
148.28969168663025,-0.10680975914001464,-0.3359992980957031,1.598598098754883,-0.301401901245117
148.32302713394165,-0.10555185079574585,-0.3309748888015747,1.585024929046631,-0.31497507095336896
148.35609602928162,-0.1065972924232483,-0.3324089050292969,1.6035409927368165,-0.2964590072631834
148.3888235092163,-0.10655202865600585,-0.3292069435119629,1.5977153778076172,-0.3022846221923827
148.4217140674591,-0.10829907655715942,-0.3314007997512817,1.6194971084594727,-0.2805028915405272
148.45485854148865,-0.10829907655715942,-0.3314007997512817,1.6194971084594727,-0.2805028915405272
148.48763370513916,-0.10911797285079956,-0.32619342803955076,1.611880111694336,-0.28811988830566393
148.5211045742035,-0.10966238975524903,-0.3239173412322998,1.6089317321777343,-0.2910682678222656
148.55404591560364,-0.11187238693237304,-0.32636141777038574,1.6281354904174805,-0.2718645095825194
148.58679056167603,-0.11029907464981079,-0.3188654899597168,1.596440315246582,-0.3035596847534179
148.62013602256775,-0.11029907464981079,-0.3188654899597168,1.596440315246582,-0.3035596847534179
148.65308475494385,-0.11331573724746705,-0.32442612648010255,1.6274795532226562,-0.27252044677734366
148.6861400604248,-0.11307224035263061,-0.3238911867141724,1.622955894470215,-0.277044105529785
148.71907997131348,-0.11314119100570678,-0.324896240234375,1.6237003326416015,-0.2762996673583984
148.75176286697388,-0.11327407360076905,-0.32608015537261964,1.6237674713134767,-0.27623252868652326
148.78496527671814,-0.11167359352111816,-0.3220600366592407,1.5971632957458497,-0.3028367042541502
148.81795454025269,-0.11197576522827149,-0.3237629413604736,1.5972058296203613,-0.3027941703796386
148.85096502304077,-0.11166903972625733,-0.32306907176971433,1.5851913452148438,-0.3148086547851561
148.88400840759277,-0.11567353010177613,-0.33423500061035155,1.6307540893554688,-0.2692459106445311
148.91701769828796,-0.11615622043609619,-0.33396620750427247,1.617474365234375,-0.28252563476562487
148.95040440559387,-0.11615622043609619,-0.33396620750427247,1.617474365234375,-0.28252563476562487
148.9830436706543,-0.11930187940597534,-0.33898487091064455,1.6171840667724608,-0.28281593322753906
149.016095161438,-0.12118005752563477,-0.34257025718688966,1.6185129165649415,-0.28148708343505846
149.04918217658997,-0.12118005752563477,-0.34257025718688966,1.6185129165649415,-0.28148708343505846
149.08242559432983,-0.12132347822189331,-0.340047550201416,1.5908829689025878,-0.30911703109741206
149.11502313613892,-0.12873829603195192,-0.35723233222961426,1.6334489822387694,-0.26655101776123047
149.14812922477722,-0.12873829603195192,-0.35723233222961426,1.6334489822387694,-0.26655101776123047
149.18092679977417,-0.12899346351623536,-0.35678462982177733,1.5897403717041017,-0.31025962829589826
149.2138066291809,-0.13068130016326904,-0.3612709045410156,1.5874925613403321,-0.3125074386596678
149.2474865913391,-0.13068130016326904,-0.3612709045410156,1.5874925613403321,-0.3125074386596678
149.27990221977234,-0.13371167182922364,-0.37099852561950686,1.6062747955322265,-0.2937252044677734
149.31275534629822,-0.13260570764541627,-0.36937005519866944,1.5757328033447267,-0.32426719665527326
149.34579348564148,-0.13636906147003175,-0.38313677310943606,1.6077680587768555,-0.29223194122314444
149.37864780426025,-0.13733348846435547,-0.39429264068603515,1.5994840621948243,-0.3005159378051756
149.4118688106537,-0.13531452417373657,-0.3936739444732666,1.5694379806518555,-0.33056201934814444
149.44483518600464,-0.13486019372940064,-0.39917693138122556,1.5618627548217774,-0.3381372451782225
149.47797560691833,-0.13486019372940064,-0.39917693138122556,1.5618627548217774,-0.3381372451782225
149.5108358860016,-0.134908926486969,-0.40591039657592776,1.5601123809814452,-0.3398876190185547
149.54384231567383,-0.13420935869216918,-0.4118207454681396,1.5533713340759276,-0.34662866592407227
149.57687902450562,-0.13554718494415283,-0.424215030670166,1.5682814598083497,-0.33171854019165026
149.60985493659973,-0.13353679180145264,-0.4271583557128906,1.5485295295715331,-0.3514704704284668
149.64291715621948,-0.13192838430404663,-0.4314443588256836,1.5341142654418944,-0.36588573455810547
149.67600750923157,-0.13184200525283812,-0.4414512634277344,1.5382330894470215,-0.3617669105529784
149.7088668346405,-0.130858314037323,-0.44895429611206056,1.5322887420654296,-0.36771125793457027
149.74176907539368,-0.12982254028320311,-0.4562281608581543,1.526233196258545,-0.373766803741455
149.77475452423096,-0.12963521480560303,-0.4770196914672852,1.531935977935791,-0.36806402206420885
149.8077883720398,-0.12963521480560303,-0.4770196914672852,1.531935977935791,-0.36806402206420885
149.84085321426392,-0.12936778068542482,-0.4855259895324707,1.5290470123291016,-0.37095298767089835
149.87391257286072,-0.13044209480285646,-0.4973732948303223,1.5360309600830078,-0.36396903991699214
149.90695118904114,-0.1311624526977539,-0.5039040088653565,1.5289669036865234,-0.3710330963134765
149.9397234916687,-0.1330336570739746,-0.5124482631683349,1.5313168525695802,-0.36868314743041974
149.9729528427124,-0.13411979675292968,-0.5158457279205322,1.5192567825317382,-0.3807432174682617
150.0057351589203,-0.13808249235153197,-0.5295354843139648,1.5372410774230958,-0.3627589225769041
150.03866124153137,-0.14108043909072876,-0.5390852451324463,1.5445632934570312,-0.35543670654296866
150.07184267044067,-0.1457577109336853,-0.5543385505676269,1.5691646575927733,-0.33083534240722656
150.10478901863098,-0.14613113403320313,-0.553037166595459,1.5465147972106934,-0.3534852027893065
150.13774991035461,-0.1484391450881958,-0.5607755661010743,1.5489484786987304,-0.3510515213012695
150.17088890075684,-0.15102770328521728,-0.5696937561035156,1.5560248374938965,-0.3439751625061034
150.20461511611938,-0.15269612073898314,-0.5759912014007569,1.5550766944885255,-0.34492330551147443
150.23672246932983,-0.152911913394928,-0.5774507522583008,1.5431753158569337,-0.35682468414306623
150.27010440826416,-0.15541791915893555,-0.5894837379455566,1.5593689918518066,-0.34063100814819336
150.30302357673645,-0.15605013370513915,-0.5963560581207276,1.5620922088623046,-0.3379077911376953
150.3361575603485,-0.15940895080566406,-0.6144043445587158,1.595494842529297,-0.30450515747070295
150.3695080280304,-0.1561751365661621,-0.6091597557067872,1.5692882537841797,-0.3307117462158202
150.40220618247986,-0.15486031770706177,-0.6120800018310547,1.5633421897888184,-0.33665781021118146
150.43500590324402,-0.15532877445220947,-0.6210638523101807,1.5738767623901366,-0.3261232376098633
150.46837878227234,-0.15434801578521729,-0.6248114109039307,1.571357536315918,-0.3286424636840819
150.5010097026825,-0.15486879348754884,-0.6342845439910889,1.5830032348632812,-0.3169967651367187
150.5342948436737,-0.15401896238327026,-0.637752914428711,1.579975700378418,-0.32002429962158185
150.56667041778564,-0.15418187379837037,-0.6444890975952149,1.5849282264709472,-0.3150717735290527
150.59998750686646,-0.15382469892501832,-0.6482043266296387,1.5836627006530761,-0.3163372993469238
150.6332926750183,-0.15296244621276855,-0.6495553970336914,1.5762786865234375,-0.3237213134765624
150.6664116382599,-0.155179762840271,-0.6632317066192627,1.6003913879394531,-0.2996086120605468
150.69880628585815,-0.15489341020584108,-0.6642239570617676,1.5948580741882323,-0.3051419258117676
150.7317295074463,-0.15432071685791016,-0.6632485866546631,1.585944938659668,-0.3140550613403319
150.76491498947144,-0.15436457395553588,-0.6637853145599365,1.5826580047607421,-0.31734199523925777
150.7980601787567,-0.15619316101074218,-0.6714318752288818,1.5980849266052246,-0.3019150733947753
150.83070540428162,-0.15700315237045287,-0.6739044666290284,1.603225326538086,-0.2967746734619139
150.86409640312195,-0.15767654180526733,-0.6750134468078614,1.606389045715332,-0.2936109542846679
150.89703011512756,-0.15522712469100952,-0.6635464668273926,1.5811580657958983,-0.31884193420410156
150.9300057888031,-0.15533705949783325,-0.6623765468597412,1.5806554794311523,-0.31934452056884766
150.96319675445557,-0.15777404308319093,-0.6708176612854004,1.6036375045776368,-0.29636249542236315
150.99626350402832,-0.156749165058136,-0.663900899887085,1.5904841423034668,-0.3095158576965331
151.029381275177,-0.1591108798980713,-0.6702910423278808,1.609555435180664,-0.2904445648193359
151.06200432777405,-0.1585228443145752,-0.6639738082885742,1.5984704971313477,-0.3015295028686522
151.09485745429993,-0.15931762456893922,-0.66323823928833,1.6017900466918946,-0.2982099533081053
151.1284704208374,-0.16180683374404908,-0.6676825523376465,1.6178590774536132,-0.2821409225463867
151.1610517501831,-0.1597387433052063,-0.6531967639923095,1.5887091636657715,-0.3112908363342284
151.1940369606018,-0.16352568864822387,-0.661210012435913,1.6148475646972655,-0.2851524353027344
151.22704219818115,-0.16418625116348268,-0.6568506717681885,1.6102092742919922,-0.2897907257080077
151.26002883911133,-0.16533684730529785,-0.6544302940368653,1.610849952697754,-0.2891500473022459
151.29313731193542,-0.16382365226745604,-0.6411154747009278,1.5846839904785157,-0.3153160095214842
151.32602548599243,-0.16844942569732665,-0.6518969535827637,1.6181295394897461,-0.2818704605102538
151.35937070846558,-0.16954065561294557,-0.648817777633667,1.6173250198364257,-0.2826749801635742
151.39224815368652,-0.17012947797775269,-0.6439181327819824,1.6114158630371094,-0.28858413696289054
151.42542099952698,-0.17022123336791992,-0.6373148918151855,1.601457405090332,-0.29854259490966784
151.4580614566803,-0.17024329900741578,-0.6310681343078614,1.5918962478637695,-0.3081037521362304
151.491064786911,-0.17481335401535034,-0.6412790298461915,1.6234046936035156,-0.27659530639648433
151.52437829971313,-0.17180720567703248,-0.6253890037536621,1.589732837677002,-0.310267162322998
151.5569703578949,-0.17387338876724243,-0.6284808158874512,1.6036037445068358,-0.29639625549316406
151.59016036987305,-0.17464323043823243,-0.6278131484985352,1.6093023300170899,-0.29069766998291
151.6236834526062,-0.17464323043823243,-0.6278131484985352,1.6093023300170899,-0.29069766998291
151.65604376792908,-0.17240598201751708,-0.6187038898468018,1.5999161720275878,-0.30008382797241206
151.68916726112366,-0.169740629196167,-0.6112341403961181,1.5882661819458008,-0.3117338180541991
151.72185063362122,-0.1696116805076599,-0.6134625434875488,1.601216697692871,-0.2987833023071289
151.75506567955017,-0.16602683067321777,-0.6041046619415283,1.5836326599121093,-0.3163673400878906
151.7879958152771,-0.1645187497138977,-0.6032951354980469,1.5877729415893556,-0.31222705841064435
151.82111620903015,-0.15961718559265137,-0.5905108451843262,1.5590504646301269,-0.34094953536987305
151.85423946380615,-0.1589653253555298,-0.5933807849884033,1.5722851753234863,-0.3277148246765136
151.8872413635254,-0.1549930453300476,-0.5855565071105957,1.5559823989868165,-0.34401760101318346
151.91996216773987,-0.15321513414382934,-0.5864173412322998,1.5625833511352538,-0.3374166488647461
151.95297050476074,-0.1498560905456543,-0.5829030513763428,1.556653881072998,-0.34334611892700195
151.98614954948425,-0.14721826314926148,-0.5814308643341064,1.556877040863037,-0.3431229591369629
152.01928400993347,-0.14721826314926148,-0.5814308643341064,1.556877040863037,-0.3431229591369629
152.0520052909851,-0.1417715311050415,-0.5765114784240722,1.5540762901306153,-0.3459237098693846
152.08475303649902,-0.13858137130737305,-0.5660698413848877,1.5344860076904296,-0.36551399230957027
152.1176896095276,-0.13954175710678102,-0.5694396495819092,1.5574196815490722,-0.34258031845092773
152.1509804725647,-0.13645104169845582,-0.5513133525848388,1.5225818634033204,-0.37741813659667955
152.18400502204895,-0.13871434926986695,-0.5527786254882813,1.5437992095947266,-0.3562007904052733
152.21676564216614,-0.13704400062561034,-0.5375819683074952,1.51851224899292,-0.38148775100708
152.24985480308533,-0.140360689163208,-0.5414260387420654,1.5459270477294922,-0.3540729522705077
152.28316402435303,-0.13869976997375488,-0.5267253875732422,1.5206398963928223,-0.37936010360717765
152.31621527671814,-0.1434996247291565,-0.5369703769683838,1.5652260780334473,-0.33477392196655265
152.34915781021118,-0.1407104253768921,-0.5185354232788086,1.5261160850524902,-0.3738839149475097
152.38194370269775,-0.14343098402023316,-0.521030855178833,1.5475170135498046,-0.35248298645019527
152.41485810279846,-0.14343098402023316,-0.521030855178833,1.5475170135498046,-0.35248298645019527
152.4478862285614,-0.14383258819580078,-0.5123091697692871,1.5457064628601074,-0.35429353713989253
152.4808166027069,-0.1420466423034668,-0.5018425464630127,1.5265400886535645,-0.3734599113464354
152.51396799087524,-0.14342199563980101,-0.5045606136322022,1.5459938049316406,-0.3540061950683593
152.54710865020752,-0.14448508024215698,-0.505962324142456,1.5614416122436523,-0.3385583877563476
152.58047771453857,-0.1428728222846985,-0.4997692108154297,1.5520220756530763,-0.34797792434692365
152.61290669441223,-0.14348138570785524,-0.5018084049224854,1.566208553314209,-0.33379144668579097
152.64601302146912,-0.13917269706726074,-0.4873024940490723,1.5282360076904298,-0.37176399230957013
152.67868995666504,-0.14079487323760986,-0.49245524406433105,1.5508007049560546,-0.3491992950439453
152.7118284702301,-0.14079487323760986,-0.49245524406433105,1.5508007049560546,-0.3491992950439453
152.7449653148651,-0.14030656814575196,-0.49077725410461426,1.5563671112060546,-0.34363288879394527
152.77843976020813,-0.13887943029403688,-0.48504128456115725,1.5417737007141112,-0.35822629928588867
152.81127190589905,-0.13887943029403688,-0.48504128456115725,1.5417737007141112,-0.35822629928588867
152.84402441978455,-0.1396575689315796,-0.4879852294921875,1.5560779571533203,-0.3439220428466796
152.8772530555725,-0.1396575689315796,-0.4879852294921875,1.5560779571533203,-0.3439220428466796
152.91021823883057,-0.1398957848548889,-0.4887730598449707,1.5605854034423827,-0.3394145965576172
152.94301795959473,-0.13759074211120606,-0.4823915004730225,1.5402925491333008,-0.3597074508666991
152.97635197639465,-0.13784703016281127,-0.4857339859008789,1.5507431983947755,-0.34925680160522443
153.0091676712036,-0.13869408369064332,-0.49198079109191895,1.5691004753112794,-0.3308995246887205
153.04203128814697,-0.13317153453826905,-0.4828307628631592,1.534205150604248,-0.3657948493957519
153.07519817352295,-0.13317153453826905,-0.4828307628631592,1.534205150604248,-0.3657948493957519
153.10812258720398,-0.1324225664138794,-0.4852717876434326,1.5374077796936034,-0.3625922203063965
153.14120364189148,-0.1318155884742737,-0.4886894702911377,1.5435500144958496,-0.3564499855041503
153.1741807460785,-0.13113144636154175,-0.49064974784851073,1.5440992355346679,-0.35590076446533203
153.20713090896606,-0.13069206476211548,-0.49152865409851076,1.5416611671447753,-0.3583388328552246
153.24034905433655,-0.13126282691955565,-0.49454970359802247,1.5459234237670898,-0.3540765762329101
153.27326488494873,-0.13051695823669435,-0.4904984474182129,1.5263303756713866,-0.3736696243286133
153.30620861053467,-0.1339298129081726,-0.4986886024475098,1.539011287689209,-0.3609887123107909
153.33898997306824,-0.13641947507858276,-0.506467628479004,1.5545076370239257,-0.3454923629760742
153.37224674224854,-0.13641947507858276,-0.506467628479004,1.5545076370239257,-0.3454923629760742
153.40504598617554,-0.13833262920379638,-0.5110666275024414,1.5589715957641601,-0.3410284042358398
153.43836545944214,-0.14042861461639405,-0.5192114353179932,1.5629876136779786,-0.33701238632202135
153.47124934196472,-0.14042861461639405,-0.5192114353179932,1.5629876136779786,-0.33701238632202135
153.504159450531,-0.13854056596755981,-0.5138641357421875,1.5359196662902832,-0.3640803337097167
153.53708791732788,-0.13902517557144164,-0.5184926509857177,1.5382634162902833,-0.3617365837097166
153.57012915611267,-0.1398601531982422,-0.5243564128875733,1.544781494140625,-0.35521850585937487
153.60311698913574,-0.14139076471328735,-0.5333411216735839,1.5603375434875488,-0.3396624565124511
153.63606214523315,-0.14121193885803224,-0.5359138488769531,1.5566722869873046,-0.34332771301269527
153.66918659210205,-0.14029182195663453,-0.5354691982269287,1.5449257850646974,-0.35507421493530256
153.70194244384766,-0.14116796255111694,-0.5429185390472412,1.542717170715332,-0.3572828292846679
153.73504281044006,-0.14116796255111694,-0.5429185390472412,1.542717170715332,-0.3572828292846679
153.76799249649048,-0.14507315158843995,-0.5590389251708985,1.5642809867858887,-0.33571901321411124
153.80105638504028,-0.14507315158843995,-0.5590389251708985,1.5642809867858887,-0.33571901321411124
153.83406329154968,-0.14358440637588502,-0.5550204277038574,1.5403827667236327,-0.3596172332763672
153.86700582504272,-0.14728660583496095,-0.5695535182952881,1.568168830871582,-0.3318311691284179
153.9000334739685,-0.1464258313179016,-0.5674176216125488,1.5496636390686036,-0.3503363609313963
153.93318963050842,-0.14903186559677123,-0.5791793823242187,1.569357967376709,-0.33064203262329084
153.9658854007721,-0.15005455017089844,-0.5852367401123046,1.56211519241333,-0.33788480758666983
153.99878668785095,-0.15005455017089844,-0.5852367401123046,1.56211519241333,-0.33788480758666983
154.03219509124756,-0.15042262077331542,-0.5879522800445557,1.5570808410644532,-0.3429191589355467
154.06497764587402,-0.1516261100769043,-0.5945116519927979,1.5613526344299316,-0.33864736557006836
154.09790754318237,-0.15315563678741456,-0.6019155025482178,1.5681328773498535,-0.3318671226501464
154.1307408809662,-0.15473772287368776,-0.6104149341583252,1.5762041091918946,-0.32379589080810534
154.1641399860382,-0.15645054578781128,-0.619530200958252,1.5857781410217284,-0.3142218589782715
154.19676280021667,-0.15483295917510986,-0.6175000190734863,1.5663566589355469,-0.33364334106445304
154.22979736328125,-0.1565414309501648,-0.630495023727417,1.5852879524230956,-0.3147120475769043
154.26311802864075,-0.154533314704895,-0.6297267436981201,1.5706544876098634,-0.32934551239013654
154.2961175441742,-0.15319983959197997,-0.6320908069610596,1.5642702102661132,-0.3357297897338867
154.32935667037964,-0.15195561647415162,-0.6366671085357666,1.5655704498291017,-0.33442955017089826
154.36203408241272,-0.15287232398986816,-0.6497613430023194,1.5896129608154297,-0.3103870391845702
154.39522624015808,-0.15130466222763062,-0.6517549991607666,1.5878293991088868,-0.31217060089111315
154.4282681941986,-0.14982800483703612,-0.6522191047668457,1.5842520713806152,-0.3157479286193847
154.46130084991455,-0.15087721347808838,-0.6614893913269043,1.6025419235229492,-0.2974580764770507
154.494211435318,-0.1489517092704773,-0.6568727016448974,1.5883402824401855,-0.31165971755981436
154.52703976631165,-0.1497661828994751,-0.6631688117980957,1.600487518310547,-0.299512481689453
154.55991435050964,-0.14805842638015748,-0.6564896106719971,1.5819897651672363,-0.3180102348327636
154.5932538509369,-0.1494104266166687,-0.6632291793823242,1.595044231414795,-0.3049557685852049
154.62616539001465,-0.15185292959213256,-0.6728769302368164,1.6150253295898438,-0.2849746704101561
154.65918254852295,-0.15076647996902465,-0.6659877300262451,1.5962421417236328,-0.30375785827636714
154.69225573539734,-0.15169751644134521,-0.6677723884582519,1.5981769561767578,-0.3018230438232421
154.72471857070923,-0.15340386629104613,-0.6718482494354248,1.605276107788086,-0.294723892211914
154.75817251205444,-0.15376390218734742,-0.669866418838501,1.5988333702087403,-0.30116662979125963
154.79097938537598,-0.1558895707130432,-0.6747053146362305,1.6072813034057618,-0.2927186965942381
154.82448935508728,-0.15757360458374023,-0.6770987987518311,1.6109331130981446,-0.28906688690185534
154.85713958740234,-0.1582664966583252,-0.676203727722168,1.6066082000732422,-0.2933917999267577
154.89019107818604,-0.1574873447418213,-0.6686038970947266,1.5870542526245117,-0.3129457473754882
154.92340731620789,-0.15938111543655395,-0.6739228248596192,1.5982596397399902,-0.3017403602600097
154.95609164237976,-0.16015101671218873,-0.6751487731933594,1.6011844635009767,-0.29881553649902326
154.9890856742859,-0.1605751633644104,-0.6752887725830078,1.6030075073242187,-0.2969924926757812
155.02204084396362,-0.16153550148010254,-0.6784195899963379,1.6131509780883788,-0.2868490219116211
155.0549876689911,-0.16009318828582764,-0.6716588497161865,1.6000572204589845,-0.29994277954101545
155.08778285980225,-0.16172640323638915,-0.6767210483551025,1.6166820526123047,-0.2833179473876952
155.12141108512878,-0.16208776235580444,-0.6772627353668212,1.6229331970214844,-0.2770668029785155
155.15414667129517,-0.1616745948791504,-0.6738255977630615,1.6205078125,-0.2794921874999998
155.18715071678162,-0.1596103549003601,-0.663536787033081,1.6018257141113281,-0.2981742858886718
155.21982049942017,-0.1603190779685974,-0.66368088722229,1.6090120315551757,-0.2909879684448242
155.25335502624512,-0.15994713306427003,-0.6596270561218261,1.6052322387695312,-0.29476776123046866
155.28650736808777,-0.1615597724914551,-0.6625680446624755,1.6191339492797852,-0.28086605072021475
155.31914281845093,-0.1594099760055542,-0.6492740154266358,1.5937111854553223,-0.3062888145446776
155.35209941864014,-0.1624142050743103,-0.6555575370788574,1.6150375366210938,-0.2849624633789061
155.38510584831238,-0.1604088306427002,-0.6414257049560547,1.5870867729187013,-0.31291322708129865
155.4181158542633,-0.1646849274635315,-0.6514319896697998,1.6187274932861329,-0.28127250671386705
155.45079398155212,-0.16706972122192382,-0.6526017665863038,1.628422164916992,-0.2715778350830078
155.48412775993347,-0.16706972122192382,-0.6526017665863038,1.628422164916992,-0.2715778350830078
155.5168583393097,-0.1683455228805542,-0.6399644374847412,1.6105064392089843,-0.2894935607910156
155.54983115196228,-0.16988321542739868,-0.6361544132232666,1.6079511642456055,-0.29204883575439444
155.58287167549133,-0.17138274908065795,-0.6322562217712402,1.605644989013672,-0.294355010986328
155.61583828926086,-0.17343331575393678,-0.6310154914855957,1.6113094329833983,-0.28869056701660156
155.64873433113098,-0.17245941162109374,-0.6197887897491455,1.5910405158996581,-0.3089594841003418
155.6819236278534,-0.17318588495254517,-0.6143714427947998,1.5866779327392577,-0.3133220672607422
155.71479439735413,-0.1764683485031128,-0.6178330898284912,1.6056879043579102,-0.2943120956420897
155.74815273284912,-0.17845531702041625,-0.6172125339508057,1.614347267150879,-0.28565273284912096
155.78069233894348,-0.1778467893600464,-0.6072810649871826,1.5992478370666503,-0.3007521629333496
155.81376552581787,-0.18012970685958862,-0.6058188438415527,1.6072376251220704,-0.29276237487792955
155.8466236591339,-0.1799138069152832,-0.5963189125061035,1.5936108589172364,-0.3063891410827635
155.87985730171204,-0.18420435190200807,-0.5999165058135987,1.6163619995117187,-0.28363800048828125
155.91263508796692,-0.18479466438293457,-0.591003704071045,1.6050615310668945,-0.2949384689331054
155.9457654953003,-0.1906205415725708,-0.5986246109008789,1.6379913330078124,-0.2620086669921875
155.97869873046875,-0.1950460910797119,-0.5992200374603271,1.6529720306396485,-0.24702796936035143
156.01179814338684,-0.197454833984375,-0.5935623168945312,1.6498044967651366,-0.2501955032348633
156.04462718963623,-0.20137529373168944,-0.5921853065490723,1.6587104797363281,-0.2412895202636718
156.07772564888,-0.2039191484451294,-0.5858725547790528,1.6526300430297851,-0.2473699569702148
156.1109004020691,-0.2039191484451294,-0.5858725547790528,1.6526300430297851,-0.2473699569702148
156.14373922348022,-0.21459224224090576,-0.5884933948516846,1.6810823440551759,-0.21891765594482404
156.17676997184753,-0.22049517631530763,-0.5911918163299561,1.6963647842407226,-0.20363521575927734
156.21011090278625,-0.22433857917785643,-0.5880436897277832,1.6951860427856444,-0.20481395721435547
156.24310541152954,-0.2287442207336426,-0.5875569343566894,1.6979887008666992,-0.20201129913330074
156.2757432460785,-0.2306532382965088,-0.5821553707122803,1.6850704193115233,-0.21492958068847656
156.30873894691467,-0.2306532382965088,-0.5821553707122803,1.6850704193115233,-0.21492958068847656
156.34162831306458,-0.23947510719299317,-0.5943745613098145,1.7242395401000976,-0.1757604598999023
156.37478256225586,-0.236021089553833,-0.5861006736755371,1.701089096069336,-0.19891090393066402
156.4077398777008,-0.23619379997253417,-0.5902098178863525,1.712921714782715,-0.18707828521728498
156.4407675266266,-0.23942902088165283,-0.603319787979126,1.7499238967895507,-0.15007610321044917
156.47383999824524,-0.23294525146484374,-0.5927956581115723,1.7169246673583984,-0.18307533264160147
156.50683069229126,-0.23294525146484374,-0.5927956581115723,1.7169246673583984,-0.18307533264160147
156.5402491092682,-0.2363126277923584,-0.6145602703094483,1.772731399536133,-0.127268600463867
156.57266974449158,-0.2304847240447998,-0.6074699401855469,1.7452987670898437,-0.15470123291015625
156.60579109191895,-0.2304847240447998,-0.6074699401855469,1.7452987670898437,-0.15470123291015625
156.63899087905884,-0.22791287899017335,-0.6076457500457764,1.7403129577636718,-0.15968704223632812
156.67170763015747,-0.22726001739501953,-0.6223999977111816,1.765266227722168,-0.1347337722778319
156.70481944084167,-0.2256706476211548,-0.62645263671875,1.7667381286621093,-0.13326187133789058
156.73785090446472,-0.2256706476211548,-0.62645263671875,1.7667381286621093,-0.13326187133789058
156.77123475074768,-0.22430131435394288,-0.631402063369751,1.7702650070190429,-0.12973499298095703
156.80386209487915,-0.22345049381256105,-0.6374364376068116,1.7753828048706055,-0.1246171951293944
156.83715867996216,-0.22079000473022461,-0.6380422592163086,1.765580940246582,-0.13441905975341784
156.870210647583,-0.2222748279571533,-0.6511073112487793,1.7892961502075195,-0.11070384979248038
156.9028604030609,-0.2197270393371582,-0.6531033515930176,1.7813337326049805,-0.1186662673950194
156.93607258796692,-0.2195185422897339,-0.6615094661712646,1.7897905349731444,-0.11020946502685547
156.96879267692566,-0.22322390079498292,-0.6807477474212646,1.8270439147949218,-0.07295608520507812
157.0021002292633,-0.2220219612121582,-0.687349271774292,1.8287832260131835,-0.07121677398681636
157.03483152389526,-0.21643717288970948,-0.6801728248596192,1.7940507888793946,-0.10594921112060529
157.06776309013367,-0.2234261989593506,-0.7134182929992676,1.8647891998291015,-0.03521080017089839
157.1009533405304,-0.2173177719116211,-0.7053028583526612,1.8261299133300781,-0.07387008666992179
157.13376712799072,-0.208986496925354,-0.7048416137695312,1.7930599212646485,-0.10694007873535138
157.16689538955688,-0.208986496925354,-0.7048416137695312,1.7930599212646485,-0.10694007873535138
157.1997995376587,-0.21141338348388672,-0.7288435935974121,1.8375572204589843,-0.062442779541015625
157.23287057876587,-0.20960888862609864,-0.7404544830322266,1.8505943298339844,-0.04940567016601549
157.26644158363342,-0.2043696880340576,-0.7407575130462647,1.8349271774291993,-0.0650728225708006
157.29882049560547,-0.2028409242630005,-0.7551692485809326,1.85516357421875,-0.04483642578124991
157.33178997039795,-0.19549736976623536,-0.7492072582244873,1.824018669128418,-0.07598133087158199
157.36473679542542,-0.19114400148391725,-0.7548803806304931,1.8225824356079101,-0.0774175643920898
157.39781260490417,-0.18870245218276976,-0.7699207305908203,1.8435461044311523,-0.05645389556884761
157.4308636188507,-0.18251512050628663,-0.7703594207763672,1.82849063873291,-0.07150936126708984
157.46372246742249,-0.17153868675231934,-0.774742603302002,1.8092426300048827,-0.09075736999511719
157.4973123073578,-0.17153868675231934,-0.774742603302002,1.8092426300048827,-0.09075736999511719
157.529846906662,-0.16652060747146608,-0.78109769821167,1.8088130950927734,-0.09118690490722647
157.5627806186676,-0.1663307547569275,-0.8087810516357422,1.856896209716797,-0.04310379028320299
157.5956847667694,-0.15580581426620482,-0.7847869396209717,1.7864387512207032,-0.11356124877929674
157.62882018089294,-0.15414645671844482,-0.8050812721252442,1.817271614074707,-0.08272838592529297
157.6620318889618,-0.1524395227432251,-0.8247081756591796,1.84639892578125,-0.05360107421874982
157.69480919837952,-0.14372891187667847,-0.8036479949951172,1.783931350708008,-0.11606864929199201
157.7278597354889,-0.13954445123672485,-0.8036371231079101,1.7686603546142579,-0.13133964538574205
157.76129341125488,-0.13644003868103027,-0.8061430931091309,1.7615827560424804,-0.13841724395751953
157.79410123825073,-0.13777610063552856,-0.8198623657226562,1.7833189010620116,-0.11668109893798828
157.82713651657104,-0.13817248344421387,-0.8169734954833985,1.7739343643188477,-0.12606563568115225
157.86043167114258,-0.14104163646697998,-0.8213109016418457,1.783041763305664,-0.1169582366943358
157.89358258247375,-0.14203253984451295,-0.8081218719482421,1.75598087310791,-0.14401912689208984
157.92607641220093,-0.1455381393432617,-0.8061709403991699,1.7544187545776366,-0.14558124542236328
157.95911288261414,-0.1497844099998474,-0.8040708541870117,1.7539817810058593,-0.14601821899414058
157.99199438095093,-0.1498260736465454,-0.780658483505249,1.7074113845825196,-0.1925886154174803
158.02486085891724,-0.15629383325576782,-0.787628173828125,1.7278688430786133,-0.17213115692138659
158.05781531333923,-0.15836230516433716,-0.7753745555877686,1.7066896438598633,-0.19331035614013659
158.09094095230103,-0.16236417293548583,-0.7717852592468262,1.7044309616088866,-0.19556903839111328
158.1250879764557,-0.16702933311462403,-0.770989990234375,1.7100303649902344,-0.1899696350097655
158.15699458122253,-0.16734039783477783,-0.7531661033630371,1.6774562835693358,-0.22254371643066406
158.1898226737976,-0.16976513862609863,-0.7484561443328858,1.6748403549194335,-0.2251596450805664
158.22322154045105,-0.17444901466369628,-0.7555413246154785,1.7004549026489257,-0.19954509735107417
158.25625491142273,-0.17019141912460328,-0.7278087139129639,1.6485851287841797,-0.2514148712158202
158.28890991210938,-0.17213785648345947,-0.7285276889801026,1.6612842559814454,-0.23871574401855455
158.3227458000183,-0.16816736459732057,-0.7075656414031982,1.626024055480957,-0.27397594451904284
158.3554711341858,-0.1676421046257019,-0.702498197555542,1.6270196914672852,-0.2729803085327147
158.38785672187805,-0.16793718338012695,-0.7009759902954101,1.636688232421875,-0.2633117675781249
158.42094826698303,-0.16550239324569702,-0.6899070739746094,1.6252777099609375,-0.27472229003906246
158.45458364486694,-0.16225781440734863,-0.6765387058258057,1.6075931549072267,-0.29240684509277326
158.48766899108887,-0.15970170497894287,-0.6653985977172852,1.5961548805236816,-0.3038451194763183
158.5200116634369,-0.1583125114440918,-0.6591713428497314,1.5971579551696777,-0.3028420448303222
158.5531964302063,-0.15614454746246337,-0.6509969711303711,1.5931184768676758,-0.3068815231323241
158.58596515655518,-0.15163013935089112,-0.632795763015747,1.566081428527832,-0.33391857147216797
158.61879706382751,-0.15005381107330323,-0.627398157119751,1.5724963188171386,-0.32750368118286133
158.65175080299377,-0.1464089035987854,-0.610430908203125,1.5499531745910644,-0.3500468254089355
158.68482089042664,-0.1427343487739563,-0.5927820205688477,1.5283796310424804,-0.3716203689575195
158.71795916557312,-0.14181268215179443,-0.5826781749725342,1.5292495727539062,-0.37075042724609375
158.75144124031067,-0.14015039205551147,-0.5694767951965332,1.5215577125549316,-0.37844228744506836
158.7840461730957,-0.14013606309890747,-0.5591607570648194,1.5242761611938476,-0.37572383880615234
158.81717777252197,-0.13877556324005128,-0.5445916652679443,1.5140825271606446,-0.3859174728393553
158.85001635551453,-0.1385125994682312,-0.5337588310241699,1.514711570739746,-0.38528842926025386
158.88302779197693,-0.13804347515106202,-0.5225193500518799,1.5155418395996094,-0.3844581604003905
158.91604471206665,-0.13803646564483643,-0.5137769222259522,1.5226463317871093,-0.3773536682128906
158.94912004470825,-0.13440380096435547,-0.4929948806762695,1.4929489135742187,-0.40705108642578125
158.9820430278778,-0.13520267009735107,-0.4905290126800537,1.5191052436828614,-0.38089475631713854
159.015132188797,-0.13395724296569825,-0.48073482513427734,1.521518611907959,-0.378481388092041
159.0481722354889,-0.13257795572280884,-0.4707933902740479,1.5232461929321288,-0.3767538070678711
159.08138799667358,-0.13257795572280884,-0.4707933902740479,1.5232461929321288,-0.3767538070678711
159.11419105529785,-0.13258275985717774,-0.45896496772766116,1.5533727645874023,-0.34662723541259766
159.14705085754395,-0.12921364307403566,-0.4413689136505127,1.5284882545471192,-0.3715117454528807
159.18031001091003,-0.13066165447235106,-0.4377180576324463,1.5505058288574218,-0.3494941711425781
159.2133288383484,-0.12908852100372314,-0.42426385879516604,1.5364306449890137,-0.3635693550109862
159.24603843688965,-0.12958275079727172,-0.4174985408782959,1.54605131149292,-0.35394868850707994
159.2789924144745,-0.1302751421928406,-0.41107611656188964,1.5554046630859375,-0.3445953369140624
159.31206059455872,-0.13054133653640748,-0.4043864727020264,1.5623858451843262,-0.3376141548156737
159.34477949142456,-0.1300825595855713,-0.3957925319671631,1.5611594200134278,-0.33884057998657213
159.37767100334167,-0.1298060894012451,-0.3904502630233765,1.5710834503173827,-0.3289165496826172
159.4111726284027,-0.12927684783935547,-0.3847676992416382,1.5758604049682616,-0.3241395950317383
159.44406175613403,-0.12798181772232056,-0.3787552356719971,1.5793903350830079,-0.32060966491699205
159.4770233631134,-0.12631030082702638,-0.3711249589920044,1.5731196403503418,-0.3268803596496581
159.51018238067627,-0.1259283423423767,-0.36743984222412107,1.5833921432495117,-0.3166078567504882
159.5430793762207,-0.1272702097892761,-0.3686928033828735,1.6134798049926757,-0.2865201950073242
159.57606101036072,-0.12371437549591065,-0.3553358554840088,1.5758296012878419,-0.324170398712158
159.60918712615967,-0.12509450912475586,-0.356099009513855,1.5989822387695312,-0.30101776123046875
159.64177584648132,-0.12545696496963502,-0.35386435985565184,1.6068737030029296,-0.29312629699707027
159.6746597290039,-0.1258736491203308,-0.35140194892883303,1.6123161315917969,-0.28768386840820304
159.70797514915466,-0.12556537389755248,-0.3473565340042114,1.6076240539550781,-0.2923759460449218
159.7411823272705,-0.1262954592704773,-0.345540189743042,1.6130069732666015,-0.28699302673339844
159.7741527557373,-0.12800159454345703,-0.34617271423339846,1.627757453918457,-0.27224254608154297
159.8070957660675,-0.12924573421478272,-0.3462737798690796,1.6381132125854492,-0.26188678741455074
159.84001183509827,-0.13013343811035155,-0.3432117462158203,1.635456657409668,-0.26454334259033185
159.87316036224365,-0.13013343811035155,-0.3432117462158203,1.635456657409668,-0.26454334259033185
159.906001329422,-0.13375568389892578,-0.34288415908813474,1.6514366149902344,-0.2485633850097655
159.93898487091064,-0.13504940271377563,-0.3408029079437256,1.6489555358886718,-0.2510444641113281
159.9719967842102,-0.13747740983963014,-0.340337347984314,1.6536630630493163,-0.2463369369506836
160.0050528049469,-0.13984267711639403,-0.3397177457809448,1.6571897506713866,-0.24281024932861328
160.03804469108582,-0.14136943817138672,-0.33741986751556396,1.6512056350708009,-0.24879436492919904
160.07095575332642,-0.14662275314331055,-0.3434372663497925,1.6827995300292968,-0.21720046997070308
160.10430526733398,-0.14818602800369263,-0.34042584896087646,1.6693979263305665,-0.23060207366943342
160.13699984550476,-0.15049644708633422,-0.339029598236084,1.6619295120239257,-0.23807048797607422
160.1701774597168,-0.15049644708633422,-0.339029598236084,1.6619295120239257,-0.23807048797607422
160.20317220687866,-0.15610824823379515,-0.34522075653076173,1.689875602722168,-0.21012439727783194
160.23565483093262,-0.1633337616920471,-0.3474035978317261,1.689920425415039,-0.21007957458496085
160.26939368247986,-0.1633337616920471,-0.3474035978317261,1.689920425415039,-0.21007957458496085
160.30241537094116,-0.17148110866546631,-0.3524407625198364,1.694493865966797,-0.20550613403320295
160.33503556251526,-0.17721201181411744,-0.3576421022415161,1.7069551467895507,-0.19304485321044917
160.3685085773468,-0.17721201181411744,-0.3576421022415161,1.7069551467895507,-0.19304485321044917
160.40117144584656,-0.1853874921798706,-0.36303114891052246,1.7002853393554687,-0.19971466064453125
160.43410277366638,-0.19076231718063355,-0.3697384834289551,1.7103729248046875,-0.1896270751953124
160.46725249290466,-0.19076231718063355,-0.3697384834289551,1.7103729248046875,-0.1896270751953124
160.499817609787,-0.19762332439422609,-0.37813355922698977,1.70159912109375,-0.1984008789062499
160.53288769721985,-0.19762332439422609,-0.37813355922698977,1.70159912109375,-0.1984008789062499
160.5660445690155,-0.2011570692062378,-0.38451533317565917,1.7011789321899413,-0.1988210678100586
160.59895586967468,-0.20631778240203857,-0.39574739933013914,1.720604705810547,-0.179395294189453
160.6318290233612,-0.20622377395629882,-0.3978379964828491,1.698557472229004,-0.20144252777099592
160.66491842269897,-0.20820605754852295,-0.40477962493896485,1.6921806335449219,-0.20781936645507804
160.69808530807495,-0.21014480590820311,-0.41341400146484375,1.692819595336914,-0.20718040466308585
160.73118948936462,-0.21110658645629882,-0.4267139434814453,1.6728948593139648,-0.22710514068603516
160.76404786109924,-0.213309907913208,-0.4381232261657715,1.680158805847168,-0.219841194152832
160.7969069480896,-0.213309907913208,-0.4381232261657715,1.680158805847168,-0.219841194152832
160.83054566383362,-0.21341252326965332,-0.44678554534912107,1.6748151779174805,-0.22518482208251944
160.86298942565918,-0.21280975341796876,-0.4640682220458984,1.6596445083618163,-0.2403554916381836
160.89596271514893,-0.21187207698822022,-0.47156491279602053,1.6485023498535156,-0.2514976501464843
160.92898964881897,-0.2132964849472046,-0.48569345474243164,1.6579448699951171,-0.24205513000488277
160.96220350265503,-0.2132964849472046,-0.48569345474243164,1.6579448699951171,-0.24205513000488277
160.9946584701538,-0.21001181602478028,-0.5007695198059082,1.6325616836547852,-0.26743831634521475
161.0278491973877,-0.21001181602478028,-0.5007695198059082,1.6325616836547852,-0.26743831634521475
161.060786485672,-0.20705075263977052,-0.5064093589782714,1.6139646530151368,-0.2860353469848631
161.09409928321838,-0.20954647064208984,-0.5263028621673584,1.6393882751464843,-0.2606117248535156
161.1272270679474,-0.20426292419433595,-0.5278451919555665,1.6090749740600585,-0.2909250259399414
161.160014629364,-0.2057971954345703,-0.5488749504089355,1.6378618240356446,-0.2621381759643553
161.19308805465698,-0.19961850643157958,-0.5518534183502197,1.610870361328125,-0.2891296386718749
161.22603964805603,-0.1965997576713562,-0.5637643814086915,1.611529541015625,-0.28847045898437496
161.25906586647034,-0.19084529876708983,-0.5696296691894531,1.5958909034729003,-0.3041090965270996
161.2921552658081,-0.18510721921920775,-0.5764785766601562,1.5813751220703125,-0.3186248779296874
161.3251314163208,-0.18260012865066527,-0.5945178031921386,1.5981525421142577,-0.3018474578857422
161.35803747177124,-0.17580089569091797,-0.5987908840179443,1.5785452842712402,-0.3214547157287597
161.39105916023254,-0.1723758101463318,-0.6154661178588867,1.5901546478271484,-0.3098453521728515
161.42406463623047,-0.16326409578323364,-0.6124827861785889,1.5509821891784668,-0.34901781082153316
161.4570381641388,-0.15990458726882933,-0.6302183151245118,1.5667729377746582,-0.3332270622253417
161.49029564857483,-0.15470079183578492,-0.6428291320800781,1.5688982963562013,-0.33110170364379865
161.52383589744568,-0.14942084550857543,-0.6546606540679931,1.571343231201172,-0.328656768798828
161.5560188293457,-0.14597139358520508,-0.6677193164825439,1.5820723533630372,-0.3179276466369627
161.58914709091187,-0.14400689601898192,-0.669857120513916,1.5779199600219727,-0.32208003997802725
161.62221932411194,-0.14453461170196533,-0.6739764213562012,1.585954761505127,-0.31404523849487287
161.6550896167755,-0.14657188653945924,-0.6778794765472412,1.5977666854858399,-0.30223331451416
161.6883203983307,-0.14930579662322999,-0.6807196617126465,1.6095769882202149,-0.290423011779785
161.72118759155273,-0.15055768489837645,-0.6745222568511963,1.601466751098633,-0.298533248901367
161.75427389144897,-0.1517609477043152,-0.6682303428649903,1.5934520721435548,-0.30654792785644513
161.78673481941223,-0.15584056377410888,-0.6729763507843017,1.612718391418457,-0.28728160858154284
161.8198025226593,-0.1602879524230957,-0.6803822994232178,1.6385763168334961,-0.2614236831665038
161.85276532173157,-0.1604503035545349,-0.6694955348968505,1.6191091537475586,-0.2808908462524413
161.88627099990845,-0.1630718469619751,-0.6675866127014161,1.6220876693725585,-0.27791233062744136
161.91915035247803,-0.1661594271659851,-0.6681145191192627,1.6306892395019532,-0.2693107604980467
161.95207691192627,-0.17086682319641114,-0.6735402107238769,1.6510820388793945,-0.24891796112060538
161.98532438278198,-0.17253068685531617,-0.6684270858764648,1.6460418701171875,-0.2539581298828124
162.01829934120178,-0.1754031538963318,-0.6649489879608155,1.6449100494384765,-0.2550899505615234
162.05127906799316,-0.17947367429733277,-0.6671496868133545,1.658355712890625,-0.2416442871093749
162.08429265022278,-0.18309937715530394,-0.6660305500030518,1.6632675170898437,-0.23673248291015625
162.1176438331604,-0.18381673097610474,-0.6541269302368165,1.644120979309082,-0.25587902069091784
162.15038418769836,-0.18712204694747925,-0.6517922878265381,1.646937942504883,-0.253062057495117
162.18324494361877,-0.19213953018188476,-0.6536208629608155,1.661903190612793,-0.2380968093872069
162.2160575389862,-0.19570733308792115,-0.6506064891815185,1.6649227142333984,-0.23507728576660147
162.24939823150635,-0.20011727809906005,-0.6502971649169922,1.675212287902832,-0.22478771209716797
162.28228759765625,-0.20528202056884765,-0.6518659114837646,1.6888402938842773,-0.21115970611572266
162.31507349014282,-0.21006581783294678,-0.6511916637420654,1.6973968505859376,-0.20260314941406232
162.34812378883362,-0.21175765991210938,-0.6420749187469482,1.683206558227539,-0.21679344177246085
162.38164258003235,-0.2194448947906494,-0.6510156631469727,1.716740036010742,-0.1832599639892578
162.41410398483276,-0.22446370124816895,-0.6519331455230712,1.7292364120483399,-0.17076358795166002
162.44686722755432,-0.22921483516693114,-0.6536116600036621,1.741895866394043,-0.158104133605957
162.4801948070526,-0.2286888599395752,-0.6420928955078125,1.7195499420166016,-0.1804500579833983
162.51285481452942,-0.23127260208129882,-0.6405630588531495,1.722788429260254,-0.17721157073974592
162.54619693756104,-0.23351833820343018,-0.640070629119873,1.7290273666381837,-0.17097263336181623
162.57961225509644,-0.23814148902893068,-0.6481462478637695,1.758234405517578,-0.14176559448242188
162.6123595237732,-0.24160561561584473,-0.6550899982452393,1.7851171493530273,-0.11488285064697257
162.64490413665771,-0.23477084636688234,-0.6357406616210938,1.7389577865600585,-0.1610422134399414
162.67793226242065,-0.23757824897766114,-0.6436302185058593,1.7683849334716797,-0.13161506652832022
162.71080899238586,-0.2339533805847168,-0.6343221187591552,1.7492710113525392,-0.15072898864746076
162.74411869049072,-0.23274695873260498,-0.6321232795715332,1.7497613906860352,-0.1502386093139647
162.77708196640015,-0.2332848072052002,-0.6342529296875,1.7612836837768555,-0.1387163162231444
162.8099970817566,-0.23013641834259033,-0.6265749454498291,1.745458221435547,-0.15454177856445295
162.8430049419403,-0.23402843475341797,-0.6374421119689941,1.780545425415039,-0.1194545745849609
162.8761603832245,-0.23210523128509522,-0.6319711208343506,1.7711109161376952,-0.1288890838623047
162.90908241271973,-0.23059351444244386,-0.6287638664245605,1.7671136856079102,-0.13288631439208975
162.94210147857666,-0.2321861505508423,-0.6326176166534424,1.7817434310913085,-0.1182565689086914
162.97487020492554,-0.23180818557739258,-0.6309768199920655,1.78167667388916,-0.11832332611083984
163.00807881355286,-0.23023922443389894,-0.6265438079833985,1.7732952117919922,-0.12670478820800768
163.0410876274109,-0.23364906311035155,-0.6353010177612305,1.8013017654418946,-0.09869823455810534
163.07367873191833,-0.23311283588409423,-0.632606315612793,1.7957950592041017,-0.10420494079589826
163.1067852973938,-0.23582901954650878,-0.6384736061096191,1.813417625427246,-0.08658237457275386
163.1396837234497,-0.23497204780578612,-0.634716272354126,1.803682518005371,-0.09631748199462886
163.1727797985077,-0.23552999496459961,-0.6350382804870606,1.8058841705322266,-0.0941158294677733
163.20570969581604,-0.24021403789520263,-0.6458278656005859,1.8362855911254883,-0.06371440887451163
163.2387568950653,-0.23627815246582032,-0.6334238052368164,1.8013967514038085,-0.0986032485961914
163.27214670181274,-0.23759710788726807,-0.6359762668609619,1.809260368347168,-0.09073963165283194
163.3048496246338,-0.24179446697235107,-0.6464231014251709,1.8395414352416992,-0.06045856475830069
163.33772921562195,-0.24179446697235107,-0.6464231014251709,1.8395414352416992,-0.06045856475830069
163.3706932067871,-0.23983287811279297,-0.6411633491516113,1.8265531539916993,-0.07344684600830065
163.40367770195007,-0.23777170181274415,-0.6367445468902588,1.815817642211914,-0.0841823577880858
163.43669295310974,-0.23869812488555908,-0.640373420715332,1.8278848648071289,-0.07211513519287105
163.46978569030762,-0.23673040866851808,-0.636777400970459,1.819285011291504,-0.08071498870849592
163.50263237953186,-0.23504951000213622,-0.6344746589660645,1.8136850357055665,-0.08631496429443342
163.53583002090454,-0.2326509714126587,-0.6289585590362549,1.7992671966552733,-0.10073280334472656
163.56869888305664,-0.2326509714126587,-0.6289585590362549,1.7992671966552733,-0.10073280334472656
163.60173726081848,-0.23502659797668457,-0.6370128631591797,1.8230316162109375,-0.07696838378906246
163.6354537010193,-0.23252406120300292,-0.6308496475219727,1.8057952880859376,-0.09420471191406232
163.66804122924805,-0.23186776638031006,-0.6291586875915527,1.8014251708984375,-0.09857482910156246
163.7007873058319,-0.23351926803588868,-0.6329405784606934,1.812303352355957,-0.08769664764404284
163.73373079299927,-0.23351926803588868,-0.6329405784606934,1.812303352355957,-0.08769664764404284
163.7668957710266,-0.23252756595611573,-0.627814245223999,1.79913272857666,-0.10086727142333984
163.79999375343323,-0.23257262706756593,-0.626410961151123,1.7966836929321288,-0.1033163070678711
163.83271837234497,-0.23042502403259277,-0.617048692703247,1.771372413635254,-0.12862758636474592
163.86581182479858,-0.23042502403259277,-0.617048692703247,1.771372413635254,-0.12862758636474592
163.89883065223694,-0.23377866744995118,-0.6198773860931397,1.7807783126831054,-0.11922168731689453
163.93179607391357,-0.2333317518234253,-0.6140584945678711,1.7649837493896485,-0.13501625061035138
163.96477961540222,-0.2332230567932129,-0.6090071201324463,1.7510808944702148,-0.14891910552978516
163.99776077270508,-0.2332230567932129,-0.6090071201324463,1.7510808944702148,-0.14891910552978516
164.03069639205933,-0.23416810035705565,-0.6010091304779053,1.727541160583496,-0.17245883941650386
164.06429290771484,-0.23416810035705565,-0.6010091304779053,1.727541160583496,-0.17245883941650386
164.09724736213684,-0.23444914817810059,-0.5969955444335937,1.715606689453125,-0.1843933105468749
164.13049983978271,-0.23591582775115966,-0.5959510803222656,1.7117391586303712,-0.18826084136962873
164.163227558136,-0.23591582775115966,-0.5959510803222656,1.7117391586303712,-0.18826084136962873
164.19626879692078,-0.23222131729125978,-0.5891395092010498,1.6911121368408204,-0.2088878631591795
164.2290952205658,-0.23016834259033203,-0.5906248569488526,1.6957223892211915,-0.20427761077880846
164.2620987892151,-0.22653498649597167,-0.590234899520874,1.694045066833496,-0.20595493316650382
164.29475164413452,-0.21291663646697997,-0.5775477886199951,1.6564155578613282,-0.2435844421386717
164.3280942440033,-0.21291663646697997,-0.5775477886199951,1.6564155578613282,-0.2435844421386717
164.3613121509552,-0.20780546665191652,-0.5757985591888428,1.6489116668701171,-0.25108833312988277
164.39407563209534,-0.20317089557647705,-0.5766497135162354,1.6483499526977539,-0.25165004730224605
164.42690920829773,-0.19793577194213868,-0.5760797977447509,1.643768310546875,-0.2562316894531249
164.4599061012268,-0.19087308645248413,-0.5701043128967285,1.6223745346069336,-0.2776254653930663
164.49293327331543,-0.1835676908493042,-0.563835859298706,1.5975201606750489,-0.30247983932495104
164.5260148048401,-0.17996174097061157,-0.5686540126800537,1.6031633377075196,-0.2968366622924803
164.55873084068298,-0.16845763921737672,-0.5688344955444335,1.5865817070007324,-0.3134182929992675
164.59182715415955,-0.16845763921737672,-0.5688344955444335,1.5865817070007324,-0.3134182929992675
164.62540340423584,-0.16200149059295654,-0.5687924385070801,1.5775886535644532,-0.3224113464355467
164.65801239013672,-0.14699579477310182,-0.5677589416503906,1.5572033882141114,-0.3427966117858885
164.69114661216736,-0.14699579477310182,-0.5677589416503906,1.5572033882141114,-0.3427966117858885
164.72411108016968,-0.13990188837051393,-0.5693398475646972,1.5547956466674804,-0.34520435333251953
164.7570776939392,-0.1349213719367981,-0.5703198432922363,1.5544014930725099,-0.34559850692749006
164.79011845588684,-0.1318707585334778,-0.565889310836792,1.5471439361572266,-0.35285606384277335
164.82323741912842,-0.13217889070510863,-0.5645006179809571,1.5544825553894044,-0.3455174446105955
164.85606336593628,-0.1314871907234192,-0.5517713546752929,1.5316889762878418,-0.36831102371215807
164.88905572891235,-0.13454747200012207,-0.5502542972564697,1.5414031982421874,-0.3585968017578125
164.92230319976807,-0.13821414709091187,-0.5497830390930176,1.5544046401977538,-0.3455953598022461
164.95484733581543,-0.14200509786605836,-0.5490546703338623,1.5644237518310546,-0.33557624816894527
164.9878489971161,-0.14558216333389282,-0.5464006900787354,1.569831943511963,-0.33016805648803693
165.0211398601532,-0.14927942752838136,-0.5447202205657959,1.5766565322875976,-0.3233434677124023
165.05380177497864,-0.15256651639938354,-0.5420795440673828,1.578599739074707,-0.32140026092529284
165.08680772781372,-0.15537726879119873,-0.5371095657348632,1.5741543769836426,-0.32584562301635733
165.11992740631104,-0.15764269828796387,-0.5300219058990479,1.5625737190246582,-0.33742628097534166
165.15277433395386,-0.16478090286254882,-0.5393023014068603,1.5980430603027345,-0.30195693969726545
165.1864366531372,-0.16806747913360595,-0.534271240234375,1.5900501251220702,-0.3099498748779297
165.21908330917358,-0.17391033172607423,-0.5382154941558838,1.608575439453125,-0.2914245605468748
165.2520477771759,-0.1783740997314453,-0.5382661819458008,1.6132219314575196,-0.28677806854248034
165.28504610061646,-0.1845982313156128,-0.5429323673248291,1.6308561325073243,-0.2691438674926756
165.318035364151,-0.1861225724220276,-0.5345201015472412,1.6086463928222656,-0.2913536071777343
165.35100102424622,-0.1930076003074646,-0.542548131942749,1.6352363586425782,-0.2647636413574217
165.38404989242554,-0.19727354049682616,-0.5434970855712891,1.638913917541504,-0.26108608245849596
165.4170663356781,-0.1989199161529541,-0.5385015487670899,1.6236543655395508,-0.27634563446044913
165.45002007484436,-0.20388319492340087,-0.5441477775573731,1.6390409469604492,-0.2609590530395507
165.4831259250641,-0.2067328453063965,-0.54442138671875,1.6381181716918944,-0.26188182830810547
165.51652431488037,-0.21259703636169433,-0.5535844802856446,1.66455078125,-0.2354492187499999
165.54881691932678,-0.21400814056396483,-0.5521521091461181,1.6583274841308593,-0.24167251586914062
165.58214402198792,-0.2145775079727173,-0.5496119976043701,1.6479948043823243,-0.25200519561767565
165.6152160167694,-0.21760847568511962,-0.554905891418457,1.661039161682129,-0.23896083831787096
165.64788603782654,-0.22216157913208007,-0.5643401622772217,1.6860157012939454,-0.2139842987060545
165.68098831176758,-0.22431185245513915,-0.5673019409179687,1.691294288635254,-0.20870571136474592
165.71410584449768,-0.22351155281066895,-0.5642185211181641,1.6777050018310546,-0.22229499816894527
165.74735283851624,-0.22616240978240967,-0.5698946475982666,1.689051628112793,-0.21094837188720694
165.7799608707428,-0.23115663528442382,-0.581456184387207,1.7167964935302735,-0.18320350646972638
165.81338500976562,-0.2352898359298706,-0.5918383121490478,1.739863967895508,-0.160136032104492
165.8459436893463,-0.23274626731872558,-0.5854537487030029,1.7141143798828125,-0.18588562011718746
165.87912511825562,-0.2393415927886963,-0.6028270244598388,1.7556013107299804,-0.14439868927001953
165.9123260974884,-0.2394690990447998,-0.6040278434753418,1.7502017974853517,-0.14979820251464826
165.94531893730164,-0.2421971321105957,-0.6125319480895997,1.7660743713378906,-0.13392562866210933
165.97805738449097,-0.24491806030273439,-0.6221824169158936,1.7856794357299806,-0.11432056427001935
166.01078581809998,-0.24296000003814697,-0.6211143970489502,1.7742521286010742,-0.12574787139892574
166.04378843307495,-0.2418734073638916,-0.623317813873291,1.7743932723999023,-0.1256067276000976
166.0770230293274,-0.24493489265441895,-0.6376214027404785,1.8106193542480469,-0.08938064575195304
166.1099944114685,-0.24113929271697998,-0.6344019889831543,1.7970455169677735,-0.10295448303222643
166.14297151565552,-0.24078817367553712,-0.639872932434082,1.8100315093994142,-0.08996849060058576
166.1760847568512,-0.2396012783050537,-0.6453711509704589,1.8225927352905273,-0.07740726470947257
166.20965003967285,-0.23664524555206298,-0.6439868450164795,1.8175062179565429,-0.08249378204345703
166.2419412136078,-0.23512301445007325,-0.6479117393493652,1.8266002655029296,-0.07339973449707027
166.27488040924072,-0.23668904304504396,-0.6603190898895264,1.8605146408081055,-0.03948535919189444
166.30810642242432,-0.2347766399383545,-0.6626205444335938,1.8657669067382812,-0.03423309326171875
166.34115409851074,-0.2285538673400879,-0.6530674934387207,1.8372158050537108,-0.06278419494628906
166.37427186965942,-0.23488850593566896,-0.6807165145874023,1.912063980102539,0.012063980102539062
166.40705633163452,-0.22515621185302734,-0.6622747421264649,1.856603240966797,-0.04339675903320295
166.43996381759644,-0.2281743288040161,-0.6793993473052978,1.904130744934082,0.0041307449340821645
166.47330164909363,-0.22591588497161866,-0.6819372177124023,1.9167423248291016,0.01674232482910165
166.50614285469055,-0.22152459621429443,-0.6780485153198242,1.919405746459961,0.01940574645996107
166.53964853286743,-0.21748778820037842,-0.6889390468597412,1.9742748260498046,0.07427482604980473
166.57239723205566,-0.21748778820037842,-0.6889390468597412,1.9742748260498046,0.07427482604980473
166.60526633262634,-0.21748778820037842,-0.6889390468597412,1.9742748260498046,0.07427482604980473
166.6382646560669,-0.21748778820037842,-0.6889390468597412,1.9742748260498046,0.07427482604980473
166.6714746952057,-0.21748778820037842,-0.6889390468597412,1.9742748260498046,0.07427482604980473
166.7044095993042,-0.21748778820037842,-0.6889390468597412,1.9742748260498046,0.07427482604980473
166.7376365661621,-0.21748778820037842,-0.6889390468597412,1.9742748260498046,0.07427482604980473
166.77027297019958,-0.21748778820037842,-0.6889390468597412,1.9742748260498046,0.07427482604980473
166.8034427165985,-0.21748778820037842,-0.6889390468597412,1.9742748260498046,0.07427482604980473
166.83630347251892,-0.21748778820037842,-0.6889390468597412,1.9742748260498046,0.07427482604980473
166.86939477920532,-0.21748778820037842,-0.6889390468597412,1.9742748260498046,0.07427482604980473
166.90244054794312,-0.21748778820037842,-0.6889390468597412,1.9742748260498046,0.07427482604980473
166.93544936180115,-0.21748778820037842,-0.6889390468597412,1.9742748260498046,0.07427482604980473
166.96838903427124,-0.21748778820037842,-0.6889390468597412,1.9742748260498046,0.07427482604980473
167.00145816802979,-0.21748778820037842,-0.6889390468597412,1.9742748260498046,0.07427482604980473
167.03436398506165,-0.21748778820037842,-0.6889390468597412,1.9742748260498046,0.07427482604980473
167.0672252178192,-0.21748778820037842,-0.6889390468597412,1.9742748260498046,0.07427482604980473
167.10017943382263,-0.21748778820037842,-0.6889390468597412,1.9742748260498046,0.07427482604980473
167.13332533836365,-0.21748778820037842,-0.6889390468597412,1.9742748260498046,0.07427482604980473
167.16647624969482,-0.21748778820037842,-0.6889390468597412,1.9742748260498046,0.07427482604980473
167.19941878318787,-0.21748778820037842,-0.6889390468597412,1.9742748260498046,0.07427482604980473
167.23232436180115,-0.21748778820037842,-0.6889390468597412,1.9742748260498046,0.07427482604980473
167.26499223709106,-0.21748778820037842,-0.6889390468597412,1.9742748260498046,0.07427482604980473
167.2978971004486,-0.21748778820037842,-0.6889390468597412,1.9742748260498046,0.07427482604980473
167.33104538917542,-0.21748778820037842,-0.6889390468597412,1.9742748260498046,0.07427482604980473
167.3640341758728,-0.21748778820037842,-0.6889390468597412,1.9742748260498046,0.07427482604980473
167.3970832824707,-0.21748778820037842,-0.6889390468597412,1.9742748260498046,0.07427482604980473
167.43001198768616,-0.10510836839675904,-0.7708702564239502,1.9985759735107422,0.09857597351074232
167.4629578590393,-0.10510836839675904,-0.7708702564239502,1.9985759735107422,0.09857597351074232
167.49580121040344,-0.10328037738800049,-0.7214887142181396,1.9575077056884767,0.05750770568847674
167.52904391288757,-0.10328037738800049,-0.7214887142181396,1.9575077056884767,0.05750770568847674
167.562029838562,-0.10328037738800049,-0.7214887142181396,1.9575077056884767,0.05750770568847674
167.5954954624176,-0.10716454982757569,-0.705781078338623,2.084977722167969,0.18497772216796893
167.62838578224182,-0.10716454982757569,-0.705781078338623,2.084977722167969,0.18497772216796893
167.66129970550537,-0.10716454982757569,-0.705781078338623,2.084977722167969,0.18497772216796893
167.69429874420166,-0.10716454982757569,-0.705781078338623,2.084977722167969,0.18497772216796893
167.72740364074707,-0.10716454982757569,-0.705781078338623,2.084977722167969,0.18497772216796893
167.7604365348816,-0.10716454982757569,-0.705781078338623,2.084977722167969,0.18497772216796893
167.7934103012085,-0.10716454982757569,-0.705781078338623,2.084977722167969,0.18497772216796893
167.82641911506653,-0.10716454982757569,-0.705781078338623,2.084977722167969,0.18497772216796893
167.85885334014893,-0.10716454982757569,-0.705781078338623,2.084977722167969,0.18497772216796893
167.8918752670288,-0.10716454982757569,-0.705781078338623,2.084977722167969,0.18497772216796893
167.92493629455566,-0.10716454982757569,-0.705781078338623,2.084977722167969,0.18497772216796893
167.95800828933716,-0.10716454982757569,-0.705781078338623,2.084977722167969,0.18497772216796893
167.99119305610657,-0.1263807535171509,-0.5990478515625,2.000660705566406,0.10066070556640616
168.02378511428833,-0.12500284910202025,-0.6100183963775635,2.0512733459472656,0.1512733459472657
168.05700182914734,-0.12675145864486695,-0.624908447265625,2.103708267211914,0.20370826721191415
168.08981943130493,-0.11696406602859497,-0.5958500862121582,1.9854106903076172,0.08541069030761728
168.12291812896729,-0.11696406602859497,-0.5958500862121582,1.9854106903076172,0.08541069030761728
168.156503200531,-0.11769561767578125,-0.6142722129821777,2.052322006225586,0.15232200622558612
168.18943095207214,-0.11253705024719238,-0.6027114868164063,2.02396183013916,0.12396183013916007
168.2224349975586,-0.10838097333908081,-0.5956412792205811,2.0068901062011717,0.10689010620117179
168.2558777332306,-0.10654712915420532,-0.5936436176300048,2.0070756912231444,0.10707569122314453
168.28821182250977,-0.10493336915969849,-0.588120412826538,2.0022687911987305,0.10226879119873056
168.3207471370697,-0.10349385738372803,-0.584514570236206,2.022243118286133,0.12224311828613299
168.35388159751892,-0.10349385738372803,-0.584514570236206,2.022243118286133,0.12224311828613299
168.3869662284851,-0.10457502603530884,-0.5949556350708007,2.073438835144043,0.17343883514404324
168.41997694969177,-0.1018638253211975,-0.5835540294647217,2.0402536392211914,0.1402536392211915
168.45301270484924,-0.09990887641906739,-0.5786087512969971,2.0282888412475586,0.12828884124755868
168.48602199554443,-0.09990887641906739,-0.5786087512969971,2.0282888412475586,0.12828884124755868
168.51897621154785,-0.09990887641906739,-0.5786087512969971,2.0282888412475586,0.12828884124755868
168.55254888534546,-0.09990887641906739,-0.5786087512969971,2.0282888412475586,0.12828884124755868
168.58502435684204,-0.09990887641906739,-0.5786087512969971,2.0282888412475586,0.12828884124755868
168.61802625656128,-0.09990887641906739,-0.5786087512969971,2.0282888412475586,0.12828884124755868
168.65091490745544,-0.09990887641906739,-0.5786087512969971,2.0282888412475586,0.12828884124755868
168.68394875526428,-0.09990887641906739,-0.5786087512969971,2.0282888412475586,0.12828884124755868
168.71701216697693,-0.09990887641906739,-0.5786087512969971,2.0282888412475586,0.12828884124755868
168.75011920928955,-0.09990887641906739,-0.5786087512969971,2.0282888412475586,0.12828884124755868
168.78295350074768,-0.09990887641906739,-0.5786087512969971,2.0282888412475586,0.12828884124755868
168.8160059452057,-0.09990887641906739,-0.5786087512969971,2.0282888412475586,0.12828884124755868
168.84895205497742,-0.09990887641906739,-0.5786087512969971,2.0282888412475586,0.12828884124755868
168.88195753097534,-0.09990887641906739,-0.5786087512969971,2.0282888412475586,0.12828884124755868
168.91500401496887,-0.09990887641906739,-0.5786087512969971,2.0282888412475586,0.12828884124755868
168.94800925254822,-0.09990887641906739,-0.5786087512969971,2.0282888412475586,0.12828884124755868
168.98095607757568,-0.09990887641906739,-0.5786087512969971,2.0282888412475586,0.12828884124755868
169.01393723487854,-0.09990887641906739,-0.5786087512969971,2.0282888412475586,0.12828884124755868
169.04689288139343,-0.09990887641906739,-0.5786087512969971,2.0282888412475586,0.12828884124755868
169.0798830986023,-0.09990887641906739,-0.5786087512969971,2.0282888412475586,0.12828884124755868
169.11333084106445,-0.05176445245742798,-0.5520436763763428,2.0883771896362306,0.18837718963623074
169.14665150642395,-0.05176445245742798,-0.5520436763763428,2.0883771896362306,0.18837718963623074
169.1789391040802,-0.05176445245742798,-0.5520436763763428,2.0883771896362306,0.18837718963623074
169.2119538784027,-0.05176445245742798,-0.5520436763763428,2.0883771896362306,0.18837718963623074
169.24610829353333,-0.05176445245742798,-0.5520436763763428,2.0883771896362306,0.18837718963623074
169.2782175540924,-0.05176445245742798,-0.5520436763763428,2.0883771896362306,0.18837718963623074
169.31146693229675,-0.05176445245742798,-0.5520436763763428,2.0883771896362306,0.18837718963623074
169.34440183639526,-0.05176445245742798,-0.5520436763763428,2.0883771896362306,0.18837718963623074
169.3775384426117,-0.05176445245742798,-0.5520436763763428,2.0883771896362306,0.18837718963623074
169.41050457954407,-0.05176445245742798,-0.5520436763763428,2.0883771896362306,0.18837718963623074
169.44375705718994,-0.05176445245742798,-0.5520436763763428,2.0883771896362306,0.18837718963623074
169.4767415523529,-0.05176445245742798,-0.5520436763763428,2.0883771896362306,0.18837718963623074
169.50962090492249,-0.05176445245742798,-0.5520436763763428,2.0883771896362306,0.18837718963623074
169.54234433174133,-0.05176445245742798,-0.5520436763763428,2.0883771896362306,0.18837718963623074
169.57551908493042,-0.05176445245742798,-0.5520436763763428,2.0883771896362306,0.18837718963623074
169.6086447238922,-0.05176445245742798,-0.5520436763763428,2.0883771896362306,0.18837718963623074
169.64124751091003,-0.05176445245742798,-0.5520436763763428,2.0883771896362306,0.18837718963623074
169.67451310157776,-0.05176445245742798,-0.5520436763763428,2.0883771896362306,0.18837718963623074
169.70745086669922,-0.05176445245742798,-0.5520436763763428,2.0883771896362306,0.18837718963623074
169.74061155319214,-0.05176445245742798,-0.5520436763763428,2.0883771896362306,0.18837718963623074
169.77414059638977,-0.19194926023483277,-0.5496508121490479,1.8796096801757813,-0.020390319824218572
169.80679607391357,-0.21084651947021485,-0.5589449405670166,1.8750982284545898,-0.024901771545410067
169.83950757980347,-0.21084651947021485,-0.5589449405670166,1.8750982284545898,-0.024901771545410067
169.87237071990967,-0.21084651947021485,-0.5589449405670166,1.8750982284545898,-0.024901771545410067
169.90563702583313,-0.21084651947021485,-0.5589449405670166,1.8750982284545898,-0.024901771545410067
169.9384729862213,-0.21084651947021485,-0.5589449405670166,1.8750982284545898,-0.024901771545410067
169.9714651107788,-0.21084651947021485,-0.5589449405670166,1.8750982284545898,-0.024901771545410067
170.00453758239746,-0.21084651947021485,-0.5589449405670166,1.8750982284545898,-0.024901771545410067
170.03790020942688,-0.21084651947021485,-0.5589449405670166,1.8750982284545898,-0.024901771545410067
170.0703423023224,-0.21084651947021485,-0.5589449405670166,1.8750982284545898,-0.024901771545410067
170.10339736938477,-0.21084651947021485,-0.5589449405670166,1.8750982284545898,-0.024901771545410067
170.13632917404175,-0.21084651947021485,-0.5589449405670166,1.8750982284545898,-0.024901771545410067
170.16942262649536,-0.21084651947021485,-0.5589449405670166,1.8750982284545898,-0.024901771545410067
170.20250034332275,-0.21084651947021485,-0.5589449405670166,1.8750982284545898,-0.024901771545410067
170.23547625541687,-0.21084651947021485,-0.5589449405670166,1.8750982284545898,-0.024901771545410067
170.2684645652771,-0.21084651947021485,-0.5589449405670166,1.8750982284545898,-0.024901771545410067
170.3013837337494,-0.21084651947021485,-0.5589449405670166,1.8750982284545898,-0.024901771545410067
170.3344385623932,-0.21084651947021485,-0.5589449405670166,1.8750982284545898,-0.024901771545410067
170.36741471290588,-0.21084651947021485,-0.5589449405670166,1.8750982284545898,-0.024901771545410067
170.40030002593994,-0.21084651947021485,-0.5589449405670166,1.8750982284545898,-0.024901771545410067
170.43339014053345,-0.21084651947021485,-0.5589449405670166,1.8750982284545898,-0.024901771545410067
170.4663496017456,-0.21084651947021485,-0.5589449405670166,1.8750982284545898,-0.024901771545410067
170.49890112876892,-0.21084651947021485,-0.5589449405670166,1.8750982284545898,-0.024901771545410067
170.5320692062378,-0.21084651947021485,-0.5589449405670166,1.8750982284545898,-0.024901771545410067
170.56490635871887,-0.21084651947021485,-0.5589449405670166,1.8750982284545898,-0.024901771545410067
170.59796833992004,-0.21084651947021485,-0.5589449405670166,1.8750982284545898,-0.024901771545410067
170.63096261024475,-0.21084651947021485,-0.5589449405670166,1.8750982284545898,-0.024901771545410067
170.66393065452576,-0.21084651947021485,-0.5589449405670166,1.8750982284545898,-0.024901771545410067
170.69687843322754,-0.21084651947021485,-0.5589449405670166,1.8750982284545898,-0.024901771545410067
170.7299132347107,-0.21084651947021485,-0.5589449405670166,1.8750982284545898,-0.024901771545410067
170.76300501823425,-0.21084651947021485,-0.5589449405670166,1.8750982284545898,-0.024901771545410067
170.79604315757751,-0.21084651947021485,-0.5589449405670166,1.8750982284545898,-0.024901771545410067
170.82897353172302,-0.21084651947021485,-0.5589449405670166,1.8750982284545898,-0.024901771545410067
170.86191082000732,-0.21084651947021485,-0.5589449405670166,1.8750982284545898,-0.024901771545410067
170.8950479030609,-0.21084651947021485,-0.5589449405670166,1.8750982284545898,-0.024901771545410067
170.92810249328613,-0.21084651947021485,-0.5589449405670166,1.8750982284545898,-0.024901771545410067
170.96097803115845,-0.21084651947021485,-0.5589449405670166,1.8750982284545898,-0.024901771545410067
170.99393248558044,-0.21084651947021485,-0.5589449405670166,1.8750982284545898,-0.024901771545410067
171.02690386772156,-0.21084651947021485,-0.5589449405670166,1.8750982284545898,-0.024901771545410067
171.06005358695984,-0.21084651947021485,-0.5589449405670166,1.8750982284545898,-0.024901771545410067
171.09294962882996,-0.21084651947021485,-0.5589449405670166,1.8750982284545898,-0.024901771545410067
171.12606501579285,-0.21084651947021485,-0.5589449405670166,1.8750982284545898,-0.024901771545410067
171.1596930027008,-0.21084651947021485,-0.5589449405670166,1.8750982284545898,-0.024901771545410067
171.19188833236694,-0.21084651947021485,-0.5589449405670166,1.8750982284545898,-0.024901771545410067
171.2249457836151,-0.21084651947021485,-0.5589449405670166,1.8750982284545898,-0.024901771545410067
171.25791549682617,-0.21084651947021485,-0.5589449405670166,1.8750982284545898,-0.024901771545410067
171.29096698760986,-0.21084651947021485,-0.5589449405670166,1.8750982284545898,-0.024901771545410067
171.3245611190796,-0.21084651947021485,-0.5589449405670166,1.8750982284545898,-0.024901771545410067
171.3593578338623,-0.21084651947021485,-0.5589449405670166,1.8750982284545898,-0.024901771545410067
171.39050364494324,-0.21084651947021485,-0.5589449405670166,1.8750982284545898,-0.024901771545410067
171.42358660697937,-0.21084651947021485,-0.5589449405670166,1.8750982284545898,-0.024901771545410067
171.45642018318176,-0.21084651947021485,-0.5589449405670166,1.8750982284545898,-0.024901771545410067
171.48949217796326,-0.21084651947021485,-0.5589449405670166,1.8750982284545898,-0.024901771545410067
171.52242994308472,-0.21084651947021485,-0.5589449405670166,1.8750982284545898,-0.024901771545410067
171.55548667907715,-0.21084651947021485,-0.5589449405670166,1.8750982284545898,-0.024901771545410067
171.5885112285614,-0.21084651947021485,-0.5589449405670166,1.8750982284545898,-0.024901771545410067
171.62125778198242,-0.21084651947021485,-0.5589449405670166,1.8750982284545898,-0.024901771545410067
171.6543731689453,-0.21084651947021485,-0.5589449405670166,1.8750982284545898,-0.024901771545410067
171.68724012374878,-0.21084651947021485,-0.5589449405670166,1.8750982284545898,-0.024901771545410067
171.72027468681335,-0.21084651947021485,-0.5589449405670166,1.8750982284545898,-0.024901771545410067
171.75352430343628,-0.21084651947021485,-0.5589449405670166,1.8750982284545898,-0.024901771545410067
171.78637742996216,-0.21084651947021485,-0.5589449405670166,1.8750982284545898,-0.024901771545410067
171.81943488121033,-0.21084651947021485,-0.5589449405670166,1.8750982284545898,-0.024901771545410067
171.85236978530884,-0.21084651947021485,-0.5589449405670166,1.8750982284545898,-0.024901771545410067
171.88525652885437,-0.21084651947021485,-0.5589449405670166,1.8750982284545898,-0.024901771545410067
171.91842651367188,-0.21084651947021485,-0.5589449405670166,1.8750982284545898,-0.024901771545410067
171.95096111297607,-0.21084651947021485,-0.5589449405670166,1.8750982284545898,-0.024901771545410067
171.98402857780457,-0.21084651947021485,-0.5589449405670166,1.8750982284545898,-0.024901771545410067
172.01693558692932,-0.21084651947021485,-0.5589449405670166,1.8750982284545898,-0.024901771545410067
172.0499551296234,-0.21084651947021485,-0.5589449405670166,1.8750982284545898,-0.024901771545410067
172.08307433128357,-0.21084651947021485,-0.5589449405670166,1.8750982284545898,-0.024901771545410067
172.11601996421814,-0.21084651947021485,-0.5589449405670166,1.8750982284545898,-0.024901771545410067
172.1489281654358,-0.21084651947021485,-0.5589449405670166,1.8750982284545898,-0.024901771545410067
172.1818597316742,-0.21084651947021485,-0.5589449405670166,1.8750982284545898,-0.024901771545410067
172.21495604515076,-0.21084651947021485,-0.5589449405670166,1.8750982284545898,-0.024901771545410067
172.2478950023651,-0.21084651947021485,-0.5589449405670166,1.8750982284545898,-0.024901771545410067
172.28106665611267,-0.21084651947021485,-0.5589449405670166,1.8750982284545898,-0.024901771545410067
172.3139135837555,-0.21084651947021485,-0.5589449405670166,1.8750982284545898,-0.024901771545410067
172.34708189964294,-0.21084651947021485,-0.5589449405670166,1.8750982284545898,-0.024901771545410067
172.37983298301697,-0.21084651947021485,-0.5589449405670166,1.8750982284545898,-0.024901771545410067
172.4129912853241,-0.21084651947021485,-0.5589449405670166,1.8750982284545898,-0.024901771545410067
172.44590067863464,-0.21084651947021485,-0.5589449405670166,1.8750982284545898,-0.024901771545410067
172.4789400100708,-0.21084651947021485,-0.5589449405670166,1.8750982284545898,-0.024901771545410067
172.5119664669037,-0.21084651947021485,-0.5589449405670166,1.8750982284545898,-0.024901771545410067
172.54494786262512,-0.21084651947021485,-0.5589449405670166,1.8750982284545898,-0.024901771545410067
172.5778923034668,-0.21084651947021485,-0.5589449405670166,1.8750982284545898,-0.024901771545410067
172.61094641685486,-0.21084651947021485,-0.5589449405670166,1.8750982284545898,-0.024901771545410067
172.64393067359924,-0.21084651947021485,-0.5589449405670166,1.8750982284545898,-0.024901771545410067
172.67694640159607,-0.21084651947021485,-0.5589449405670166,1.8750982284545898,-0.024901771545410067
172.70988249778748,-0.21084651947021485,-0.5589449405670166,1.8750982284545898,-0.024901771545410067
172.74303078651428,-0.21084651947021485,-0.5589449405670166,1.8750982284545898,-0.024901771545410067
172.77603435516357,-0.21084651947021485,-0.5589449405670166,1.8750982284545898,-0.024901771545410067
172.80894088745117,-0.21084651947021485,-0.5589449405670166,1.8750982284545898,-0.024901771545410067
172.84241461753845,-0.21084651947021485,-0.5589449405670166,1.8750982284545898,-0.024901771545410067
172.87552189826965,-0.21084651947021485,-0.5589449405670166,1.8750982284545898,-0.024901771545410067
172.90795183181763,-0.21084651947021485,-0.5589449405670166,1.8750982284545898,-0.024901771545410067
172.94148135185242,-0.21084651947021485,-0.5589449405670166,1.8750982284545898,-0.024901771545410067
172.9747233390808,-0.21084651947021485,-0.5589449405670166,1.8750982284545898,-0.024901771545410067
173.0081844329834,-0.21084651947021485,-0.5589449405670166,1.8750982284545898,-0.024901771545410067
173.04057669639587,-0.21084651947021485,-0.5589449405670166,1.8750982284545898,-0.024901771545410067
173.07330560684204,-0.21084651947021485,-0.5589449405670166,1.8750982284545898,-0.024901771545410067
173.1060028076172,-0.21084651947021485,-0.5589449405670166,1.8750982284545898,-0.024901771545410067
173.13975977897644,-0.21084651947021485,-0.5589449405670166,1.8750982284545898,-0.024901771545410067
173.1725378036499,-0.21084651947021485,-0.5589449405670166,1.8750982284545898,-0.024901771545410067
173.20556211471558,-0.21084651947021485,-0.5589449405670166,1.8750982284545898,-0.024901771545410067
173.23839330673218,-0.21084651947021485,-0.5589449405670166,1.8750982284545898,-0.024901771545410067
173.27143168449402,-0.21084651947021485,-0.5589449405670166,1.8750982284545898,-0.024901771545410067
173.30445456504822,-0.11079102754592896,-0.5942663192749024,1.8163217544555663,-0.0836782455444336
173.33740282058716,-0.11079102754592896,-0.5942663192749024,1.8163217544555663,-0.0836782455444336
173.37051606178284,-0.11079102754592896,-0.5942663192749024,1.8163217544555663,-0.0836782455444336
173.40347242355347,-0.11079102754592896,-0.5942663192749024,1.8163217544555663,-0.0836782455444336
173.43631625175476,-0.11079102754592896,-0.5942663192749024,1.8163217544555663,-0.0836782455444336
173.4694528579712,-0.11079102754592896,-0.5942663192749024,1.8163217544555663,-0.0836782455444336
173.50261569023132,-0.11079102754592896,-0.5942663192749024,1.8163217544555663,-0.0836782455444336
173.53533411026,-0.11079102754592896,-0.5942663192749024,1.8163217544555663,-0.0836782455444336
173.56847524642944,-0.11079102754592896,-0.5942663192749024,1.8163217544555663,-0.0836782455444336
173.60149836540222,-0.11079102754592896,-0.5942663192749024,1.8163217544555663,-0.0836782455444336
173.63436841964722,-0.04852371215820313,-0.5929638862609863,2.0489479064941407,0.1489479064941408
173.6674041748047,-0.04852371215820313,-0.5929638862609863,2.0489479064941407,0.1489479064941408
173.70047664642334,-0.04852371215820313,-0.5929638862609863,2.0489479064941407,0.1489479064941408
173.73405122756958,-0.04852371215820313,-0.5929638862609863,2.0489479064941407,0.1489479064941408
173.76690006256104,-0.04852371215820313,-0.5929638862609863,2.0489479064941407,0.1489479064941408
173.79944705963135,-0.04852371215820313,-0.5929638862609863,2.0489479064941407,0.1489479064941408
173.8327841758728,-0.04852371215820313,-0.5929638862609863,2.0489479064941407,0.1489479064941408
173.86567306518555,-0.04852371215820313,-0.5929638862609863,2.0489479064941407,0.1489479064941408
173.89900016784668,-0.04852371215820313,-0.5929638862609863,2.0489479064941407,0.1489479064941408
173.93154740333557,-0.04852371215820313,-0.5929638862609863,2.0489479064941407,0.1489479064941408
173.96480107307434,-0.04852371215820313,-0.5929638862609863,2.0489479064941407,0.1489479064941408
173.99765253067017,-0.0063280932605266575,-0.5740411758422852,2.1697254180908203,0.2697254180908204
174.03021669387817,-0.0063280932605266575,-0.5740411758422852,2.1697254180908203,0.2697254180908204
174.0632472038269,-0.0063280932605266575,-0.5740411758422852,2.1697254180908203,0.2697254180908204
174.09635877609253,-0.0063280932605266575,-0.5740411758422852,2.1697254180908203,0.2697254180908204
174.12948274612427,-0.0063280932605266575,-0.5740411758422852,2.1697254180908203,0.2697254180908204
174.16230487823486,-0.0063280932605266575,-0.5740411758422852,2.1697254180908203,0.2697254180908204
174.19532775878906,-0.0063280932605266575,-0.5740411758422852,2.1697254180908203,0.2697254180908204
174.2286069393158,-0.0063280932605266575,-0.5740411758422852,2.1697254180908203,0.2697254180908204
174.2616446018219,-0.0063280932605266575,-0.5740411758422852,2.1697254180908203,0.2697254180908204
174.29402136802673,-0.0063280932605266575,-0.5740411758422852,2.1697254180908203,0.2697254180908204
174.3277027606964,-0.0063280932605266575,-0.5740411758422852,2.1697254180908203,0.2697254180908204
174.36049342155457,-0.0063280932605266575,-0.5740411758422852,2.1697254180908203,0.2697254180908204
174.39327573776245,-0.0063280932605266575,-0.5740411758422852,2.1697254180908203,0.2697254180908204
174.42644739151,-0.0063280932605266575,-0.5740411758422852,2.1697254180908203,0.2697254180908204
174.4593915939331,-0.0063280932605266575,-0.5740411758422852,2.1697254180908203,0.2697254180908204
174.4923915863037,-0.009601668268442155,-0.5715848445892334,2.2031156539916994,0.3031156539916995
174.5249400138855,-0.009515397995710374,-0.5744693756103516,2.2096601486206056,0.30966014862060565
174.55779600143433,-0.009990356862545013,-0.5760603427886963,2.218565559387207,0.3185655593872072
174.59078431129456,-0.01116369515657425,-0.5689247608184814,2.1958995819091798,0.29589958190917987
174.62394094467163,-0.01107429713010788,-0.5732158660888672,2.2099788665771483,0.30997886657714835
174.65703129768372,-0.01105695590376854,-0.5794373512268066,2.2325511932373048,0.33255119323730487
174.68981194496155,-0.01105695590376854,-0.5794373512268066,2.2325511932373048,0.33255119323730487
174.72294402122498,-0.01105695590376854,-0.5794373512268066,2.2325511932373048,0.33255119323730487
174.7559003829956,-0.01105695590376854,-0.5794373512268066,2.2325511932373048,0.33255119323730487
174.788831949234,-0.010499369353055954,-0.5653326034545898,2.1745887756347657,0.2745887756347658
174.82191681861877,-0.01106126457452774,-0.5693679332733155,2.1917184829711913,0.2917184829711914
174.85492181777954,-0.010871289670467377,-0.5743365287780762,2.2118560791015627,0.31185607910156277
174.887681722641,-0.010907308012247086,-0.5721850395202637,2.203778839111328,0.3037788391113283
174.9206461906433,-0.010504578799009323,-0.569403076171875,2.192544174194336,0.2925441741943362
174.95377397537231,-0.010643506795167923,-0.5678357601165771,2.187386703491211,0.2873867034912112
174.9869418144226,-0.010953385382890701,-0.5813501834869385,2.2402521133422852,0.34025211334228533
175.0199100971222,-0.010953385382890701,-0.5813501834869385,2.2402521133422852,0.34025211334228533
175.05350518226624,-0.010853608697652816,-0.5793578624725342,2.2331401824951174,0.33314018249511745
175.08610892295837,-0.010454806685447692,-0.5679230690002441,2.188528823852539,0.288528823852539
175.1193506717682,-0.010454806685447692,-0.5679230690002441,2.188528823852539,0.288528823852539
175.15236735343933,-0.010797183215618133,-0.5748927116394043,2.215071105957031,0.31507110595703125
175.18525862693787,-0.010431536287069321,-0.5719563484191894,2.202713966369629,0.302713966369629
175.21808791160583,-0.010699208080768585,-0.5758585929870605,2.2184097290039064,0.3184097290039065
175.2516610622406,-0.010349740087985993,-0.5690889835357666,2.191912841796875,0.29191284179687527
175.2841579914093,-0.010809268802404404,-0.5747799396514892,2.213873291015625,0.313873291015625
175.31689882278442,-0.010402645915746689,-0.5658109664916993,2.1793485641479493,0.2793485641479494
175.34986424446106,-0.010543566197156906,-0.5784934520721435,2.2279388427734377,0.32793884277343777
175.38315105438232,-0.010543566197156906,-0.5784934520721435,2.2279388427734377,0.32793884277343777
175.41600036621094,-0.010559622943401337,-0.5731858253479004,2.2076627731323244,0.3076627731323245
175.4497253894806,-0.010708171874284744,-0.5788295269012451,2.230076217651367,0.3300762176513672
175.4821491241455,-0.010496275126934051,-0.5700621128082275,2.1960628509521483,0.29606285095214835
175.5153546333313,-0.010521592199802398,-0.5688956260681153,2.1910978317260743,0.2910978317260744
175.548344373703,-0.010521592199802398,-0.5688956260681153,2.1910978317260743,0.2910978317260744
175.58141422271729,-0.010467155277729035,-0.5553561687469483,2.1379940032958986,0.2379940032958987
175.61446404457092,-0.010467155277729035,-0.5553561687469483,2.1379940032958986,0.2379940032958987
175.6473319530487,-0.010467155277729035,-0.5553561687469483,2.1379940032958986,0.2379940032958987
175.68034482002258,-0.010467155277729035,-0.5553561687469483,2.1379940032958986,0.2379940032958987
175.71344590187073,-0.010467155277729035,-0.5553561687469483,2.1379940032958986,0.2379940032958987
175.74646282196045,-0.010467155277729035,-0.5553561687469483,2.1379940032958986,0.2379940032958987
175.77937602996826,-0.010467155277729035,-0.5553561687469483,2.1379940032958986,0.2379940032958987
175.8123733997345,-0.010467155277729035,-0.5553561687469483,2.1379940032958986,0.2379940032958987
175.84537839889526,-0.010467155277729035,-0.5553561687469483,2.1379940032958986,0.2379940032958987
175.87840867042542,-0.010467155277729035,-0.5553561687469483,2.1379940032958986,0.2379940032958987
175.91132426261902,-0.010467155277729035,-0.5553561687469483,2.1379940032958986,0.2379940032958987
175.9443793296814,-0.010467155277729035,-0.5553561687469483,2.1379940032958986,0.2379940032958987
175.9774830341339,-0.010467155277729035,-0.5553561687469483,2.1379940032958986,0.2379940032958987
176.01037669181824,-0.010467155277729035,-0.5553561687469483,2.1379940032958986,0.2379940032958987
176.0434603691101,-0.010467155277729035,-0.5553561687469483,2.1379940032958986,0.2379940032958987
176.07638430595398,-0.010467155277729035,-0.5553561687469483,2.1379940032958986,0.2379940032958987
176.10949873924255,-0.010467155277729035,-0.5553561687469483,2.1379940032958986,0.2379940032958987
176.14244985580444,-0.010467155277729035,-0.5553561687469483,2.1379940032958986,0.2379940032958987
176.17526721954346,-0.010467155277729035,-0.5553561687469483,2.1379940032958986,0.2379940032958987
176.20841097831726,-0.010467155277729035,-0.5553561687469483,2.1379940032958986,0.2379940032958987
176.24103307724,-0.010467155277729035,-0.5553561687469483,2.1379940032958986,0.2379940032958987
176.27392840385437,-0.010467155277729035,-0.5553561687469483,2.1379940032958986,0.2379940032958987
176.30694794654846,-0.010467155277729035,-0.5553561687469483,2.1379940032958986,0.2379940032958987
176.339937210083,-0.010467155277729035,-0.5553561687469483,2.1379940032958986,0.2379940032958987
176.3729112148285,-0.010467155277729035,-0.5553561687469483,2.1379940032958986,0.2379940032958987
176.40599060058594,-0.010467155277729035,-0.5553561687469483,2.1379940032958986,0.2379940032958987
176.43895983695984,-0.010467155277729035,-0.5553561687469483,2.1379940032958986,0.2379940032958987
176.47192549705505,-0.010467155277729035,-0.5553561687469483,2.1379940032958986,0.2379940032958987
176.50489354133606,-0.010467155277729035,-0.5553561687469483,2.1379940032958986,0.2379940032958987
176.53824925422668,-0.011059846729040146,-0.5704971790313721,2.186507797241211,0.2865077972412111
176.5708441734314,-0.011220711469650268,-0.5755455970764161,2.204283905029297,0.30428390502929714
176.6042103767395,-0.010783734172582627,-0.5624549865722657,2.1545854568481446,0.2545854568481447
176.63713431358337,-0.01133837252855301,-0.5713025569915772,2.1894306182861327,0.2894306182861328
176.67021489143372,-0.011284404247999192,-0.57576003074646,2.2058670043945314,0.3058670043945315
176.7033326625824,-0.01140478327870369,-0.5804704666137696,2.2236133575439454,0.3236133575439455
176.73638558387756,-0.011381596326828003,-0.5764018535614014,2.2080171585083006,0.3080171585083007
176.7691502571106,-0.011267133057117462,-0.5744842052459717,2.2003849029541014,0.3003849029541015
176.80347728729248,-0.01131114587187767,-0.5711842536926269,2.1882062911987306,0.28820629119873065
176.83505654335022,-0.011169079691171646,-0.574403715133667,2.200282669067383,0.300282669067383
176.86799693107605,-0.011212097108364105,-0.56885666847229,2.179030418395996,0.2790304183959962
176.90069389343262,-0.011353626847267151,-0.5756301403045654,2.2053489685058594,0.30534896850585946
176.93390202522278,-0.011205969750881195,-0.5731840133666992,2.1959768295288087,0.29597682952880877
176.9674835205078,-0.011292714625597,-0.575288200378418,2.2042156219482423,0.30421562194824237
176.9998903274536,-0.011134080588817596,-0.5729712963104248,2.195236396789551,0.29523639678955105
177.0329999923706,-0.011143038421869278,-0.5716463565826416,2.1898962020874024,0.2898962020874025
177.06598949432373,-0.01114528402686119,-0.5755219459533691,2.204058074951172,0.3040580749511719
177.09892010688782,-0.011277644336223603,-0.5765992641448975,2.2088109970092775,0.3088109970092776
177.13176798820496,-0.011184676736593246,-0.5775550842285156,2.211844253540039,0.311844253540039
177.16507148742676,-0.011129505187273025,-0.57183837890625,2.190601348876953,0.2906013488769532
177.19810509681702,-0.01108270362019539,-0.5745665550231933,2.200699234008789,0.30069923400878906
177.2309055328369,-0.01077442467212677,-0.5702972412109375,2.184024429321289,0.28402442932128924
177.26397442817688,-0.010715214908123017,-0.5731083869934082,2.1952911376953126,0.2952911376953127
177.29685378074646,-0.010766173899173736,-0.5717255115509033,2.19018611907959,0.29018611907959
177.3297860622406,-0.010661488771438599,-0.5719900608062745,2.190536689758301,0.29053668975830105
177.3627805709839,-0.010792484134435653,-0.5756085395812989,2.2049911499023436,0.30499114990234366
177.3958821296692,-0.01037987470626831,-0.5757630348205567,2.2051700592041015,0.30517005920410156
177.42886090278625,-0.0102934792637825,-0.5787812232971191,2.216847229003906,0.31684722900390616
177.461834192276,-0.010188810527324677,-0.5797905921936035,2.220558738708496,0.32055873870849627
177.49508023262024,-0.010188810527324677,-0.5797905921936035,2.220558738708496,0.32055873870849627
177.528174161911,-0.010222094506025315,-0.5805984497070312,2.2237575531005858,0.32375755310058585
177.5609028339386,-0.010313042998313903,-0.5825866222381592,2.231623077392578,0.3316230773925781
177.59385418891907,-0.010224568098783493,-0.579545545578003,2.2196170806884767,0.31961708068847683
177.62698340415955,-0.010247984528541565,-0.5832069396972657,2.234600830078125,0.3346008300781249
177.66009998321533,-0.010247984528541565,-0.5832069396972657,2.234600830078125,0.3346008300781249
177.69311046600342,-0.010042085498571395,-0.5780739307403564,2.2151716232299803,0.3151716232299804
177.72630858421326,-0.010150381177663804,-0.582440996170044,2.231927680969238,0.3319276809692382
177.75899577140808,-0.010049821436405182,-0.5781667232513428,2.215422248840332,0.3154222488403322
177.7924280166626,-0.010050362348556519,-0.5817023277282715,2.2291997909545898,0.32919979095458984
177.82492232322693,-0.010104689002037048,-0.581853723526001,2.2303695678710938,0.33036956787109384
177.8583414554596,-0.010104689002037048,-0.581853723526001,2.2303695678710938,0.33036956787109384
177.89109826087952,-0.01006380170583725,-0.5811599731445313,2.2266717910766602,0.32667179107666033
177.92406129837036,-0.01006380170583725,-0.5811599731445313,2.2266717910766602,0.32667179107666033
177.9567472934723,-0.010162805020809174,-0.5790796279907227,2.219443702697754,0.3194437026977539
177.9901146888733,-0.01010686457157135,-0.5843042373657227,2.2390132904052735,0.3390132904052736
178.02293753623962,-0.01010541245341301,-0.5776556968688965,2.2137983322143553,0.3137983322143554
178.05622267723083,-0.01009368672966957,-0.5797489166259766,2.220615577697754,0.3206155776977542
178.08905291557312,-0.010242924094200134,-0.5781459331512451,2.214879608154297,0.31487960815429705
178.12186694145203,-0.010109233111143113,-0.5867503166198731,2.247835159301758,0.3478351593017579
178.15472722053528,-0.010090679675340653,-0.5847569942474365,2.2401634216308595,0.34016342163085955
178.18798279762268,-0.010070091485977173,-0.5819673061370849,2.2293537139892576,0.3293537139892577
178.22086715698242,-0.00986616238951683,-0.579634714126587,2.220539855957031,0.32053985595703116
178.25400972366333,-0.010051491856575012,-0.5838685035705566,2.2368030548095703,0.3368030548095704
178.28687739372253,-0.010005497932434082,-0.5839596271514893,2.2370967864990234,0.3370967864990235
178.31966876983643,-0.009981682151556015,-0.5802310466766357,2.223636436462402,0.32363643646240225
178.35297012329102,-0.009977781772613525,-0.5807199001312255,2.2252769470214844,0.32527694702148446
178.3860194683075,-0.009977781772613525,-0.5807199001312255,2.2252769470214844,0.32527694702148446
178.41928434371948,-0.00987592339515686,-0.5789286613464355,2.218389701843262,0.318389701843262
178.45222520828247,-0.009985339641571046,-0.5796829223632812,2.2211725234985353,0.3211725234985354
178.4847285747528,-0.009888055175542832,-0.5787017822265625,2.2168869018554687,0.31688690185546875
178.51799178123474,-0.010070904344320297,-0.5833169937133789,2.2350387573242188,0.33503875732421884
178.55121183395386,-0.010070904344320297,-0.5833169937133789,2.2350387573242188,0.33503875732421884
178.58384728431702,-0.009845134615898133,-0.5779013633728027,2.2142803192138674,0.31428031921386745
178.61692309379578,-0.009898590296506882,-0.5766421794891358,2.2095335006713865,0.30953350067138663
178.64996242523193,-0.009898590296506882,-0.5766421794891358,2.2095335006713865,0.30953350067138663
178.68270874023438,-0.010236037522554397,-0.58189697265625,2.2303117752075194,0.33031177520751953
178.71594405174255,-0.010377161949872971,-0.5698179244995117,2.184947204589844,0.284947204589844
178.7488729953766,-0.011202246695756913,-0.5724098682403564,2.1943593978881837,0.29435939788818377
178.78186869621277,-0.011093576997518539,-0.5725549697875977,2.1942535400390626,0.2942535400390627
178.81468105316162,-0.01132303848862648,-0.570497989654541,2.186018180847168,0.28601818084716824
178.84778666496277,-0.011154071241617203,-0.5731265068054199,2.1962276458740235,0.2962276458740236
178.88097214698792,-0.011154071241617203,-0.5731265068054199,2.1962276458740235,0.2962276458740236
178.91451954841614,-0.011530277132987977,-0.5743090152740479,2.1999431610107423,0.29994316101074237
178.94678235054016,-0.011781450361013412,-0.5692167758941651,2.178592300415039,0.27859230041503924
178.98006558418274,-0.011781450361013412,-0.5692167758941651,2.178592300415039,0.27859230041503924
179.01310563087463,-0.012136713415384293,-0.5599111557006836,2.140481948852539,0.24048194885253915
179.04602098464966,-0.014263103902339935,-0.5683330535888672,2.1701787948608398,0.27017879486083984
179.07895159721375,-0.014263103902339935,-0.5683330535888672,2.1701787948608398,0.27017879486083984
179.11204171180725,-0.015679138898849487,-0.5750863075256347,2.195300483703613,0.2953004837036133
179.14499735832214,-0.017013323307037354,-0.5716320991516113,2.1817588806152344,0.28175888061523446
179.1780664920807,-0.018620824813842772,-0.5760255336761475,2.1956754684448243,0.2956754684448244
179.21124863624573,-0.01986931711435318,-0.5753057479858399,2.191620635986328,0.29162063598632804
179.24444222450256,-0.01986931711435318,-0.5753057479858399,2.191620635986328,0.29162063598632804
179.2770380973816,-0.018753062188625335,-0.5790269374847412,2.207782173156738,0.3077821731567383
179.31012058258057,-0.014341756701469421,-0.5726329326629639,2.1889766693115233,0.28897666931152344
179.3430142402649,-0.006524648517370224,-0.573778486251831,2.2115434646606444,0.31154346466064453
179.3759410381317,-0.0029275529086589813,-0.5615358829498291,2.177395248413086,0.27739524841308594
179.40910458564758,-0.004584008827805519,-0.5622366905212403,2.1875959396362306,0.28759593963623065
179.44187998771667,-0.007805914431810379,-0.5589043617248535,2.168642997741699,0.2686429977416993
179.4749240875244,-0.00665653645992279,-0.5770416736602784,2.225068283081055,0.32506828308105495
179.5083029270172,-0.0048297647386789325,-0.5677097320556641,2.179831695556641,0.2798316955566409
179.54095721244812,-0.007520339637994766,-0.5594810485839844,2.164832878112793,0.2648328781127929
179.57382464408875,-0.0072895966470241545,-0.5704073905944824,2.2152414321899414,0.3152414321899415
179.60700178146362,-0.0072895966470241545,-0.5704073905944824,2.2152414321899414,0.3152414321899415
179.63984155654907,-0.005854557082056999,-0.5644040584564209,2.188820648193359,0.2888206481933593
179.67326378822327,-0.0061150211840868,-0.5800812244415283,2.235318183898926,0.33531818389892587
179.70574808120728,-0.006507246941328049,-0.5672539710998535,2.186184120178223,0.2861841201782229
179.73926377296448,-0.006507246941328049,-0.5672539710998535,2.186184120178223,0.2861841201782229
179.77190732955933,-0.006574802845716476,-0.5711938381195069,2.2133762359619142,0.31337623596191433
179.8053297996521,-0.00656280443072319,-0.5646318912506103,2.1890214920043944,0.28902149200439453
179.8382694721222,-0.0060728974640369415,-0.5783127784729004,2.231596755981445,0.3315967559814452
179.8711597919464,-0.005242189019918441,-0.5571325302124024,2.143486976623535,0.24348697662353525
179.90484523773193,-0.006114879623055458,-0.5685038566589355,2.1970050811767576,0.2970050811767577
179.93714833259583,-0.006402765214443207,-0.564150333404541,2.1855520248413085,0.2855520248413086
179.97067618370056,-0.006402765214443207,-0.564150333404541,2.1855520248413085,0.2855520248413086
180.0036072731018,-0.006402765214443207,-0.564150333404541,2.1855520248413085,0.2855520248413086
180.03645849227905,-0.006402765214443207,-0.564150333404541,2.1855520248413085,0.2855520248413086
180.06939888000488,-1.3550732612609864,1.4151148796081543,2.920840263366699,1.0208402633666993
180.1019525527954,-1.3550732612609864,1.4151148796081543,2.920840263366699,1.0208402633666993
180.1350176334381,-1.3550732612609864,1.4151148796081543,2.920840263366699,1.0208402633666993
180.16859889030457,-1.3550732612609864,1.4151148796081543,2.920840263366699,1.0208402633666993
180.20138001441956,-1.3550732612609864,1.4151148796081543,2.920840263366699,1.0208402633666993
180.234393119812,-1.3550732612609864,1.4151148796081543,2.920840263366699,1.0208402633666993
180.26703143119812,-1.3550732612609864,1.4151148796081543,2.920840263366699,1.0208402633666993
180.30042481422424,-1.3550732612609864,1.4151148796081543,2.920840263366699,1.0208402633666993
180.33294677734375,-1.3550732612609864,1.4151148796081543,2.920840263366699,1.0208402633666993
180.36592173576355,-1.3550732612609864,1.4151148796081543,2.920840263366699,1.0208402633666993
180.39947414398193,-1.3550732612609864,1.4151148796081543,2.920840263366699,1.0208402633666993
180.43234181404114,-1.3550732612609864,1.4151148796081543,2.920840263366699,1.0208402633666993
180.46491122245789,-1.3550732612609864,1.4151148796081543,2.920840263366699,1.0208402633666993
180.49862957000732,-1.3550732612609864,1.4151148796081543,2.920840263366699,1.0208402633666993
180.53144001960754,-1.3550732612609864,1.4151148796081543,2.920840263366699,1.0208402633666993
180.5646195411682,-1.3550732612609864,1.4151148796081543,2.920840263366699,1.0208402633666993
180.59753036499023,-1.3550732612609864,1.4151148796081543,2.920840263366699,1.0208402633666993
180.63059329986572,-1.3550732612609864,1.4151148796081543,2.920840263366699,1.0208402633666993
180.6634705066681,-1.3550732612609864,1.4151148796081543,2.920840263366699,1.0208402633666993
180.69653034210205,-1.3550732612609864,1.4151148796081543,2.920840263366699,1.0208402633666993
180.72964811325073,-1.3550732612609864,1.4151148796081543,2.920840263366699,1.0208402633666993
180.7625663280487,-1.3550732612609864,1.4151148796081543,2.920840263366699,1.0208402633666993
180.7953610420227,-1.3550732612609864,1.4151148796081543,2.920840263366699,1.0208402633666993
180.82837748527527,-1.3550732612609864,1.4151148796081543,2.920840263366699,1.0208402633666993
180.86172318458557,-1.3550732612609864,1.4151148796081543,2.920840263366699,1.0208402633666993
180.89456796646118,-1.3550732612609864,1.4151148796081543,2.920840263366699,1.0208402633666993
180.9274730682373,-1.3550732612609864,1.4151148796081543,2.920840263366699,1.0208402633666993
180.96034407615662,-1.3550732612609864,1.4151148796081543,2.920840263366699,1.0208402633666993
180.99373126029968,-1.3550732612609864,1.4151148796081543,2.920840263366699,1.0208402633666993
181.02635264396667,-1.3550732612609864,1.4151148796081543,2.920840263366699,1.0208402633666993
181.05943608283997,-1.3550732612609864,1.4151148796081543,2.920840263366699,1.0208402633666993
181.09233784675598,-1.3550732612609864,1.4151148796081543,2.920840263366699,1.0208402633666993
181.1254107952118,-1.3550732612609864,1.4151148796081543,2.920840263366699,1.0208402633666993
181.15835785865784,-1.3550732612609864,1.4151148796081543,2.920840263366699,1.0208402633666993
181.19139981269836,-1.3550732612609864,1.4151148796081543,2.920840263366699,1.0208402633666993
181.22454524040222,-1.3550732612609864,1.4151148796081543,2.920840263366699,1.0208402633666993
181.25744438171387,-1.3550732612609864,1.4151148796081543,2.920840263366699,1.0208402633666993
181.2903914451599,-1.3550732612609864,1.4151148796081543,2.920840263366699,1.0208402633666993
181.32338762283325,-0.006318108737468719,-0.5722094058990479,2.205832862854004,0.3058328628540039
181.35595607757568,-0.006106287613511086,-0.5748017787933349,2.215648078918457,0.31564807891845703
181.3888919353485,-0.006031554937362671,-0.579679012298584,2.2338434219360352,0.33384342193603533
181.42172598838806,-0.00628463551402092,-0.574394941329956,2.2139713287353517,0.31397132873535183
181.45472645759583,-0.006313290446996689,-0.580206823348999,2.235300827026367,0.3353008270263671
181.48777151107788,-0.0061947483569383625,-0.5737322807312012,2.2107601165771484,0.3107601165771485
181.5208878517151,-0.006023243069648743,-0.5685015678405761,2.189828300476074,0.2898283004760742
181.55390524864197,-0.006244928762316704,-0.5764467239379882,2.2213956832885744,0.3213956832885745
181.58718872070312,-0.006244928762316704,-0.5764467239379882,2.2213956832885744,0.3213956832885745
181.6196277141571,-0.005742004886269569,-0.5793620586395264,2.232200813293457,0.3322008132934573
181.65286326408386,-0.005805694311857223,-0.5791098117828369,2.231775093078613,0.3317750930786132
181.6866569519043,-0.005805694311857223,-0.5791098117828369,2.231775093078613,0.3317750930786132
181.7189404964447,-0.006008382514119148,-0.5801165103912354,2.2358001708984374,0.3358001708984375
181.75170636177063,-0.00594681054353714,-0.5684313297271728,2.190788459777832,0.2907884597778323
181.78475284576416,-0.006012247502803802,-0.576245641708374,2.2203893661499023,0.32038936614990243
181.81779837608337,-0.0064122617244720456,-0.581834363937378,2.2424816131591796,0.3424816131591797
181.85092115402222,-0.005930067226290703,-0.5706815242767334,2.198412322998047,0.2984123229980469
181.88409399986267,-0.005930067226290703,-0.5706815242767334,2.198412322998047,0.2984123229980469
181.91690611839294,-0.006171788275241852,-0.5765366554260254,2.2211965560913085,0.3211965560913086
181.94981932640076,-0.006183431670069695,-0.5728331089019776,2.207475471496582,0.30747547149658194
181.98279690742493,-0.006254950165748596,-0.5749424457550049,2.215883255004883,0.3158832550048829
182.0159454345703,-0.005870724841952324,-0.5705070972442627,2.198246955871582,0.2982469558715821
182.04877948760986,-0.005870724841952324,-0.5705070972442627,2.198246955871582,0.2982469558715821
182.08226251602173,-0.0063192471861839294,-0.5703689098358155,2.1998735427856446,0.2998735427856447
182.11516308784485,-0.006140962615609169,-0.569659948348999,2.196503257751465,0.296503257751465
182.14846014976501,-0.006140962615609169,-0.569659948348999,2.196503257751465,0.296503257751465
182.18080043792725,-0.006247334554791451,-0.5774567604064942,2.22684268951416,0.32684268951416007
182.2138614654541,-0.006247334554791451,-0.5774567604064942,2.22684268951416,0.32684268951416007
182.24679565429688,-0.006321405619382858,-0.5781940937042236,2.229239273071289,0.329239273071289
182.28000473976135,-0.006150485947728157,-0.5704396724700928,2.1989809036254884,0.29898090362548846
182.31272792816162,-0.005969724804162979,-0.5739413261413574,2.2129514694213865,0.31295146942138663
182.34594702720642,-0.005969724804162979,-0.5739413261413574,2.2129514694213865,0.31295146942138663
182.37899923324585,-0.006198062747716904,-0.5720910549163818,2.2054779052734377,0.30547790527343777
182.4118139743805,-0.005974738672375679,-0.5754852771759034,2.219171333312988,0.3191713333129882
182.44539141654968,-0.005974738672375679,-0.5754852771759034,2.219171333312988,0.3191713333129882
182.47767043113708,-0.006118572130799293,-0.5710165500640869,2.2023128509521483,0.30231285095214844
182.5108048915863,-0.005967065319418907,-0.571566390991211,2.2042028427124025,0.3042028427124026
182.54389762878418,-0.005967065319418907,-0.571566390991211,2.2042028427124025,0.3042028427124026
182.57735085487366,-0.006144869327545166,-0.5761289119720459,2.2219263076782227,0.32192630767822283
182.61053156852722,-0.005970850214362144,-0.5706413269042969,2.2002994537353517,0.30029945373535183
182.64332056045532,-0.0062219776213169094,-0.5749657630920411,2.2164775848388674,0.31647758483886745
182.67613887786865,-0.006021745502948761,-0.5711477279663086,2.202539253234863,0.3025392532348632
182.70895195007324,-0.006057880446314811,-0.5719701766967773,2.2052759170532226,0.30527591705322266
182.7421383857727,-0.006057880446314811,-0.5719701766967773,2.2052759170532226,0.30527591705322266
182.77495694160461,-0.006061854958534241,-0.5681804656982422,2.190542793273926,0.29054279327392596
182.8079218864441,-0.006232042610645294,-0.5722033023834229,2.2068641662597654,0.30686416625976554
182.84210419654846,-0.006185353919863701,-0.5746652126312256,2.2156986236572265,0.31569862365722656
182.87442803382874,-0.00598374679684639,-0.5666272640228271,2.185514450073242,0.2855144500732423
182.90732407569885,-0.006067636981606483,-0.5745833396911622,2.2153024673461914,0.3153024673461915
182.93987107276917,-0.006092959269881249,-0.5716257095336914,2.2046478271484373,0.3046478271484374
182.97271990776062,-0.006092959269881249,-0.5716257095336914,2.2046478271484373,0.3046478271484374
183.00600600242615,-0.005887584760785103,-0.5777225971221924,2.227772903442383,0.3277729034423831
183.03893756866455,-0.006054264679551125,-0.5744882106781006,2.2150381088256834,0.3150381088256835
183.07176303863525,-0.00585966557264328,-0.5769386768341065,2.2242948532104494,0.3242948532104495
183.10485982894897,-0.005804018303751946,-0.5732941627502441,2.210464668273926,0.31046466827392605
183.1378390789032,-0.005804018303751946,-0.5732941627502441,2.210464668273926,0.31046466827392605
183.17094922065735,-0.006185386702418328,-0.5787257671356201,2.23098087310791,0.33098087310791025
183.20427298545837,-0.006301310658454895,-0.5779439449310303,2.228843116760254,0.3288431167602539
183.23688459396362,-0.006301310658454895,-0.5779439449310303,2.228843116760254,0.3288431167602539
183.2704722881317,-0.0061466038227081295,-0.5737404823303223,2.2117725372314454,0.3117725372314455
183.30325293540955,-0.006284680962562561,-0.5694159507751465,2.195195770263672,0.29519577026367205
183.33616042137146,-0.006460520625114441,-0.5785667419433593,2.230906105041504,0.3309061050415041
183.369402885437,-0.006460520625114441,-0.5785667419433593,2.230906105041504,0.3309061050415041
183.40207815170288,-0.006228729709982872,-0.574887466430664,2.216100883483887,0.316100883483887
183.4350461959839,-0.005972469225525856,-0.5710168361663819,2.2011911392211916,0.3011911392211917
183.4680414199829,-0.006030935421586036,-0.5794780731201172,2.2343040466308595,0.33430404663085955
183.5011010169983,-0.0060076586902141575,-0.5732855796813965,2.2108747482299806,0.31087474822998074
183.53380370140076,-0.006053294241428375,-0.5735013008117675,2.2109880447387695,0.3109880447387696
183.5670690536499,-0.006053294241428375,-0.5735013008117675,2.2109880447387695,0.3109880447387696
183.59989142417908,-0.005875193327665329,-0.5692193984985352,2.194278907775879,0.2942789077758792
183.6328501701355,-0.006006304919719696,-0.5767507553100586,2.223641204833984,0.3236412048339843
183.66652369499207,-0.006172334030270577,-0.5686422824859619,2.1919271469116213,0.29192714691162136
183.69952726364136,-0.006095096841454506,-0.5671124935150147,2.185810661315918,0.28581066131591815
183.73262333869934,-0.006053294241428375,-0.5735013008117675,2.2109880447387695,0.3109880447387696
183.7658543586731,-0.00624096542596817,-0.5749937057495117,2.2168418884277346,0.31684188842773464
183.79785704612732,-0.006047940999269486,-0.5798796653747559,2.2353979110717774,0.3353979110717775
183.83125495910645,-0.006098400056362152,-0.5705760955810547,2.1995595932006835,0.2995595932006836
183.8642771244049,-0.005897773429751396,-0.5689783096313477,2.1949047088623046,0.2949047088623047
183.89689230918884,-0.005838729068636894,-0.5780853271484375,2.2288002014160155,0.3288002014160156
183.92992424964905,-0.005879657343029976,-0.5776381969451905,2.2272796630859375,0.3272796630859376
183.96308732032776,-0.005707024782896042,-0.5755873680114746,2.218608283996582,0.31860828399658203
183.99645924568176,-0.005895692482590675,-0.5706236839294434,2.2002029418945312,0.30020294189453134
184.0288758277893,-0.005882294848561287,-0.577644681930542,2.2267435073852537,0.3267435073852538
184.06266403198242,-0.005937964841723442,-0.5750250816345215,2.217245864868164,0.317245864868164
184.09495282173157,-0.005965534970164299,-0.5762247085571289,2.221571922302246,0.3215719223022462
184.12881779670715,-0.006332439929246902,-0.5760322093963623,2.220119857788086,0.32011985778808594
184.1617329120636,-0.006073502078652382,-0.5759196758270264,2.2202217102050783,0.3202217102050784
184.19408226013184,-0.006155688688158989,-0.5705894470214844,2.1997797012329103,0.2997797012329104
184.22686886787415,-0.0061199676245450975,-0.5719024181365967,2.205195426940918,0.30519542694091806
184.25989627838135,-0.006050369143486023,-0.5701919078826905,2.199075126647949,0.2990751266479492
184.29320526123047,-0.005874378234148025,-0.5737726211547851,2.211803436279297,0.31180343627929696
184.3258981704712,-0.0056851010769605635,-0.5795068740844727,2.2341333389282227,0.33413333892822283
184.35881352424622,-0.00562470406293869,-0.5748111724853515,2.216291618347168,0.31629161834716824
184.39199590682983,-0.005796416476368904,-0.5792832374572754,2.233099174499512,0.333099174499512
184.42514610290527,-0.005679111555218696,-0.5793022632598877,2.2331066131591797,0.3331066131591798
184.45783233642578,-0.005681161209940911,-0.5778988361358642,2.2292566299438477,0.32925662994384775
184.49084424972534,-0.005902386829257011,-0.5799513339996338,2.2362070083618164,0.3362070083618165
184.52395939826965,-0.00579507015645504,-0.5797087669372558,2.234925651550293,0.33492565155029297
184.55689525604248,-0.005707703903317452,-0.579944372177124,2.236389923095703,0.33638992309570304
184.58987736701965,-0.005780858546495437,-0.5752078533172608,2.21805419921875,0.31805419921875
184.62313079833984,-0.005960846319794655,-0.5808589935302735,2.2388160705566404,0.33881607055664054
184.65674114227295,-0.005757245793938636,-0.5777789115905761,2.227754020690918,0.32775402069091797
184.68916869163513,-0.005697813630104065,-0.5800715446472168,2.236017417907715,0.3360174179077151
184.72224831581116,-0.0057407811284065245,-0.5710389137268066,2.202009391784668,0.30200939178466824
184.75516748428345,-0.005680182576179504,-0.5746182441711426,2.214569854736328,0.31456985473632804
184.78817558288574,-0.005737118422985077,-0.5806327342987061,2.2379024505615233,0.33790245056152335
184.82112884521484,-0.00570080503821373,-0.5808560371398925,2.2393367767333983,0.33933677673339835
184.8541898727417,-0.005687477439641953,-0.5769522190093994,2.2245576858520506,0.3245576858520507
184.88690900802612,-0.005745218321681023,-0.5814657211303711,2.2415210723876955,0.3415210723876956
184.91986870765686,-0.005894547700881958,-0.5765046119689942,2.223447799682617,0.3234477996826173
184.95293951034546,-0.005842876061797142,-0.5769991397857666,2.2249549865722655,0.3249549865722656
184.98644089698792,-0.005990308150649071,-0.569875431060791,2.19796142578125,0.2979614257812502
185.0195813179016,-0.00611550584435463,-0.5731013774871826,2.2106212615966796,0.3106212615966797
185.0524537563324,-0.006128016859292984,-0.5766575813293457,2.224492835998535,0.32449283599853507
185.08515548706055,-0.006082609668374062,-0.5750718593597413,2.2172672271728517,0.31726722717285183
185.11892175674438,-0.005730324238538742,-0.5797927379608154,2.236012649536133,0.3360126495361331
185.1508984565735,-0.00588521733880043,-0.5781717300415039,2.2303442001342773,0.33034420013427734
185.18378734588623,-0.0058319542557001116,-0.5772214889526367,2.225996398925781,0.32599639892578125
185.21738386154175,-0.0058319542557001116,-0.5772214889526367,2.225996398925781,0.32599639892578125
185.25008511543274,-0.005657122284173965,-0.5800646305084228,2.2367645263671876,0.3367645263671877
185.2829144001007,-0.005827471613883972,-0.5804011344909668,2.2388021469116213,0.33880214691162136
185.31616735458374,-0.005827471613883972,-0.5804011344909668,2.2388021469116213,0.33880214691162136
185.34933757781982,-0.005748448893427849,-0.5755544185638428,2.218829345703125,0.31882934570312527
185.3830246925354,-0.006129298359155655,-0.5744987964630127,2.2155567169189454,0.3155567169189455
185.41538834571838,-0.005962171405553818,-0.568666934967041,2.19259090423584,0.2925909042358401
185.44791173934937,-0.006167938187718392,-0.5682150840759277,2.1904958724975585,0.2904958724975586
185.48174858093262,-0.006167938187718392,-0.5682150840759277,2.1904958724975585,0.2904958724975586
185.51419138908386,-0.006312847137451172,-0.5658128261566162,2.1823368072509766,0.28233680725097665
185.5467929840088,-0.0062953740358352665,-0.5792892932891845,2.233833885192871,0.33383388519287127
185.58001804351807,-0.006034388393163681,-0.5728737831115722,2.209163475036621,0.309163475036621
185.6128969192505,-0.006095343828201294,-0.5702220439910889,2.19974422454834,0.29974422454833993
185.6458888053894,-0.006040875986218453,-0.5781793594360352,2.22952938079834,0.32952938079833993
185.67878365516663,-0.005897556990385055,-0.5701623916625976,2.199529457092285,0.29952945709228507
185.71172976493835,-0.005866981670260429,-0.5760249614715576,2.22210693359375,0.3221069335937501
185.74488306045532,-0.005947430804371834,-0.5776084899902344,2.227404022216797,0.3274040222167969
185.77784848213196,-0.0061733249574899675,-0.5753066062927246,2.219400405883789,0.31940040588378915
185.8108606338501,-0.005939937010407448,-0.5785080909729003,2.230403709411621,0.330403709411621
185.84364461898804,-0.006023774668574333,-0.5741907596588135,2.2134372711181642,0.31343727111816433
185.87863850593567,-0.006018638610839844,-0.5688815116882324,2.192930793762207,0.2929307937622072
185.91025853157043,-0.006018638610839844,-0.5688815116882324,2.192930793762207,0.2929307937622072
185.94324135780334,-0.005864646285772324,-0.578037691116333,2.227674102783203,0.3276741027832033
185.97650051116943,-0.005837184563279152,-0.563182020187378,2.1705438613891603,0.2705438613891604
186.00883388519287,-0.0059524055570364,-0.5823513507843018,2.244064521789551,0.34406452178955105
186.0419957637787,-0.0059524055570364,-0.5823513507843018,2.244064521789551,0.34406452178955105
186.0749409198761,-0.006034885346889496,-0.579337739944458,2.2324142456054688,0.33241424560546884
186.10860395431519,-0.0058042827993631365,-0.5804594993591309,2.2372817993164062,0.33728179931640634
186.1411681175232,-0.0063385508954524996,-0.5752039909362793,2.2169591903686525,0.3169591903686526
186.17441654205322,-0.005909794941544533,-0.5646307945251465,2.1766958236694336,0.2766958236694337
186.20696544647217,-0.005828826129436493,-0.572639274597168,2.2081697463989256,0.3081697463989257
186.24028301239014,-0.005828826129436493,-0.572639274597168,2.2081697463989256,0.3081697463989257
186.27324056625366,-0.005849777534604072,-0.5668102741241455,2.1846614837646485,0.2846614837646486
186.30584573745728,-0.005983209609985352,-0.5722336292266845,2.2057912826538084,0.3057912826538085
186.33906817436218,-0.005983209609985352,-0.5722336292266845,2.2057912826538084,0.3057912826538085
186.37208795547485,-0.006060174852609635,-0.5679760456085206,2.1886112213134767,0.28861122131347683
186.40495491027832,-0.006268852949142456,-0.5789040565490723,2.2315046310424806,0.33150463104248074
186.43811082839966,-0.006268852949142456,-0.5789040565490723,2.2315046310424806,0.33150463104248074
186.47093224525452,-0.006082851067185402,-0.5709069728851318,2.2003650665283203,0.3003650665283204
186.50403237342834,-0.005681344121694565,-0.5763943672180176,2.22161979675293,0.32161979675292995
186.53703546524048,-0.005760336294770241,-0.5743788719177246,2.213600921630859,0.3136009216308593
186.56994152069092,-0.0057851865887641905,-0.5714494228363037,2.202530288696289,0.30253028869628906
186.60290598869324,-0.00580606572329998,-0.5738062381744384,2.212355041503906,0.31235504150390625
186.63609313964844,-0.005762538686394691,-0.5791863918304443,2.2329248428344726,0.33292484283447266
186.6690709590912,-0.005764517933130264,-0.5779631614685059,2.2280000686645507,0.3280000686645508
186.7020766735077,-0.005797639489173889,-0.5803810119628906,2.237579917907715,0.337579917907715
186.73481225967407,-0.006114846095442772,-0.5805292129516602,2.2373334884643556,0.33733348846435574
186.7681200504303,-0.005708338692784309,-0.5765418529510498,2.2218856811523438,0.32188568115234384
186.80112981796265,-0.006000948697328567,-0.5764593124389649,2.2206758499145507,0.3206758499145508
186.83421182632446,-0.006000948697328567,-0.5764593124389649,2.2206758499145507,0.3206758499145508
186.86673092842102,-0.005980631709098816,-0.577584171295166,2.2260387420654295,0.3260387420654296
186.8999719619751,-0.005980631709098816,-0.577584171295166,2.2260387420654295,0.3260387420654296
186.9329855442047,-0.005756859481334686,-0.5793535709381104,2.231748580932617,0.3317485809326173
186.96580719947815,-0.005683678016066551,-0.5744466781616211,2.2132917404174806,0.31329174041748065
186.99904489517212,-0.006110219657421112,-0.5785801410675049,2.2299118041992188,0.32991180419921884
187.0319504737854,-0.006110219657421112,-0.5785801410675049,2.2299118041992188,0.32991180419921884
187.06478929519653,-0.005823630467057228,-0.5743636608123779,2.2125444412231445,0.3125444412231446
187.09796166419983,-0.005823630467057228,-0.5743636608123779,2.2125444412231445,0.3125444412231446
187.13103652000427,-0.006131477281451225,-0.584932279586792,2.2546215057373047,0.3546215057373048
187.16393423080444,-0.005763386189937591,-0.573992395401001,2.211701583862305,0.31170158386230495
187.1969211101532,-0.006092823669314384,-0.5829365253448486,2.2459762573242186,0.34597625732421866
187.23003101348877,-0.005784453079104424,-0.5760833263397217,2.219758224487305,0.31975822448730495
187.26330876350403,-0.006075979769229889,-0.5781815528869629,2.2290178298950196,0.3290178298950197
187.2962007522583,-0.00597534216940403,-0.5825019359588623,2.2455459594726563,0.3455459594726564
187.32912611961365,-0.00586542822420597,-0.5751505374908448,2.217415618896484,0.3174156188964843
187.36227345466614,-0.005829663574695587,-0.5777204036712646,2.2269262313842773,0.32692623138427734
187.39510083198547,-0.005790838971734047,-0.571873664855957,2.2042078018188476,0.30420780181884766
187.42789483070374,-0.005941676720976829,-0.5730385780334473,2.2097715377807616,0.3097715377807617
187.46084070205688,-0.0059566345065832135,-0.5830421447753906,2.248261642456055,0.34826164245605495
187.49404335021973,-0.0059936527162790295,-0.5762649536132812,2.222101020812988,0.3221010208129882
187.52728390693665,-0.006040998548269272,-0.5737997055053711,2.2119318008422852,0.31193180084228533
187.5600574016571,-0.005875746160745621,-0.572508716583252,2.206706237792969,0.306706237792969
187.59299492835999,-0.005828255042433739,-0.5732798099517822,2.2093151092529295,0.3093151092529296
187.62600445747375,-0.005946214497089386,-0.5808195114135742,2.2385330200195312,0.33853302001953134
187.6588113307953,-0.005910852551460266,-0.5659701347351074,2.1804615020751954,0.2804615020751955
187.69203734397888,-0.00621277503669262,-0.5832876682281494,2.247288131713867,0.3472881317138672
187.72489404678345,-0.005854732915759086,-0.5698489665985107,2.1954582214355467,0.2954582214355468
187.75795125961304,-0.006020856276154518,-0.5725480079650879,2.206494903564453,0.3064949035644533
187.79092240333557,-0.005774063616991043,-0.5771278858184814,2.2233644485473634,0.32336444854736346
187.82386302947998,-0.006101870909333229,-0.5679880142211914,2.1882452011108398,0.28824520111083984
187.85703682899475,-0.006348133832216263,-0.5771507740020752,2.223213958740234,0.3232139587402343
187.8908350467682,-0.00609615296125412,-0.574989128112793,2.214762878417969,0.314762878417969
187.92296600341797,-0.006431795656681061,-0.5808118343353271,2.2382892608642577,0.3382892608642578
187.9562692642212,-0.0062913231551647185,-0.5741032600402832,2.212265968322754,0.312265968322754
187.9889361858368,-0.005985160171985626,-0.5705499649047852,2.1990827560424804,0.29908275604248047
188.02239966392517,-0.005995543301105499,-0.5686969757080078,2.191506767272949,0.2915067672729492
188.05501985549927,-0.005833597853779793,-0.5760828971862793,2.2204315185546877,0.32043151855468777
188.0880422592163,-0.006055449694395065,-0.5681451320648193,2.1901290893554686,0.29012908935546866
188.12137150764465,-0.006131632253527641,-0.5764675140380859,2.2227392196655273,0.32273921966552743
188.1543002128601,-0.005924474447965622,-0.5701746940612793,2.1985633850097654,0.29856338500976554
188.18722343444824,-0.005907422676682472,-0.5729984760284423,2.209490966796875,0.30949096679687527
188.22001123428345,-0.006017763912677765,-0.5721819400787354,2.2066108703613283,0.3066108703613284
188.25322079658508,-0.0059974130243062975,-0.5713480949401856,2.2036067962646486,0.3036067962646487
188.28626608848572,-0.006094528362154961,-0.5694765090942383,2.1958330154418944,0.29583301544189444
188.31929802894592,-0.006265008449554443,-0.5675724506378174,2.1887418746948244,0.2887418746948245
188.35223078727722,-0.0062242157757282255,-0.5757846832275391,2.21975040435791,0.31975040435791025
188.38523626327515,-0.006088253855705261,-0.5681465148925782,2.189973258972168,0.28997325897216797
188.41823887825012,-0.006222040951251983,-0.5721346855163574,2.2057518005371093,0.3057518005371094
188.45121574401855,-0.006418736279010772,-0.5785708427429199,2.2299203872680664,0.3299203872680665
188.48385190963745,-0.006235501542687416,-0.5764664649963379,2.2217906951904296,0.3217906951904297
188.5169222354889,-0.005850866809487343,-0.5764772415161132,2.220425033569336,0.32042503356933594
188.5499975681305,-0.006003020703792572,-0.5809575080871582,2.238543701171875,0.33854370117187527
188.58293747901917,-0.005872564017772674,-0.5802663803100586,2.2348827362060546,0.3348827362060547
188.61585783958435,-0.006027787923812866,-0.5725852966308593,2.205640411376953,0.3056404113769533
188.64901781082153,-0.00590989701449871,-0.5673668861389161,2.1858726501464845,0.28587265014648455
188.68230319023132,-0.006168128177523613,-0.5663535118103027,2.1813896179199217,0.2813896179199218
188.71483302116394,-0.006303762644529342,-0.5735792636871337,2.210244369506836,0.3102443695068362
188.7479898929596,-0.006274901330471039,-0.5692181587219238,2.192910385131836,0.2929103851318362
188.7809031009674,-0.0059542499482631685,-0.5628530502319335,2.169432830810547,0.26943283081054714
188.81415796279907,-0.006204995885491371,-0.5716997623443604,2.2037607192993165,0.3037607192993166
188.84741830825806,-0.006089412793517113,-0.5651213169097901,2.1772506713867186,0.27725067138671866
188.88015031814575,-0.006192024052143097,-0.5759225845336914,2.220096397399902,0.32009639739990225
188.91290807724,-0.005871555209159851,-0.5764865875244141,2.2223274230957033,0.3223274230957034
188.9459249973297,-0.006005363538861275,-0.5776140689849854,2.227398681640625,0.3273986816406249
188.97884130477905,-0.0058937564492225645,-0.5645944118499756,2.176369285583496,0.27636928558349627
189.0119230747223,-0.005820876732468605,-0.5747863292694092,2.217180633544922,0.3171806335449219
189.04477405548096,-0.005989834293723106,-0.5794958114624024,2.234341049194336,0.33434104919433594
189.0781922340393,-0.005989834293723106,-0.5794958114624024,2.234341049194336,0.33434104919433594
189.11126255989075,-0.006039629131555558,-0.5814866065979004,2.2408966064453124,0.3408966064453125
189.14436841011047,-0.006039629131555558,-0.5814866065979004,2.2408966064453124,0.3408966064453125
189.17719316482544,-0.006176373735070228,-0.5713075160980224,2.202045440673828,0.3020454406738282
189.21005773544312,-0.006176373735070228,-0.5713075160980224,2.202045440673828,0.3020454406738282
189.24325132369995,-0.005954612791538238,-0.5585519313812256,2.151530456542969,0.251530456542969
189.27627611160278,-0.00595412626862526,-0.5769015312194824,2.2228700637817385,0.32287006378173855
189.3091175556183,-0.005991052463650703,-0.5804559230804444,2.236699867248535,0.33669986724853507
189.34236359596252,-0.005830447375774384,-0.5707556724548339,2.1983448028564454,0.2983448028564455
189.37549662590027,-0.005830447375774384,-0.5707556724548339,2.1983448028564454,0.2983448028564455
189.40833353996277,-0.006269880384206772,-0.5823939800262451,2.2437108993530273,0.34371089935302734
189.440655708313,-0.006145498529076576,-0.5803627967834473,2.2359880447387694,0.33598804473876953
189.47403645515442,-0.006275647133588791,-0.5824628353118897,2.243727111816406,0.34372711181640625
189.50684261322021,-0.005954956263303756,-0.5791740894317627,2.231396484375,0.3313964843749999
189.5398304462433,-0.0058757785707712175,-0.570800495147705,2.1987499237060546,0.2987499237060547
189.57289743423462,-0.006047941371798515,-0.5744448184967041,2.2121334075927734,0.3121334075927735
189.605699300766,-0.006245428323745727,-0.5769635200500488,2.2232187271118162,0.3232187271118163
189.63887667655945,-0.006197924539446831,-0.577559232711792,2.226101112365723,0.3261011123657229
189.6719264984131,-0.0058581259101629255,-0.5704397201538086,2.198086166381836,0.29808616638183594
189.705308675766,-0.00616118498146534,-0.5736644268035889,2.210788536071777,0.31078853607177725
189.73814821243286,-0.00595361515879631,-0.5713350772857666,2.201273727416992,0.3012737274169921
189.77078199386597,-0.006188908964395523,-0.5735703468322754,2.2108449935913086,0.3108449935913087
189.80383467674255,-0.005776302516460418,-0.5718830108642579,2.2042009353637697,0.3042009353637698
189.83666491508484,-0.006123514100909233,-0.5760439395904541,2.2214982986450194,0.32149829864501944
189.86971712112427,-0.006017471104860306,-0.5675734519958496,2.188641357421875,0.2886413574218749
189.90299463272095,-0.006017471104860306,-0.5675734519958496,2.188641357421875,0.2886413574218749
189.9357886314392,-0.006303707510232926,-0.5758565425872803,2.2204055786132812,0.32040557861328134
189.96881580352783,-0.006051531434059143,-0.5754448413848877,2.2180490493774414,0.3180490493774415
190.00199341773987,-0.006079604849219322,-0.5728480815887451,2.207109069824219,0.3071090698242189
190.0348081588745,-0.006353618204593658,-0.5802135467529297,2.236143112182617,0.3361431121826173
190.06782579421997,-0.0058772537857294084,-0.5754065036773681,2.216983985900879,0.3169839859008792
190.10097289085388,-0.0058772537857294084,-0.5754065036773681,2.216983985900879,0.3169839859008792
190.1340045928955,-0.006045932322740555,-0.5853679656982422,2.256150245666504,0.356150245666504
190.16693544387817,-0.006144294515252113,-0.5833718776702881,2.248704528808594,0.3487045288085939
190.2001097202301,-0.006177475675940514,-0.5710785865783692,2.2014354705810546,0.3014354705810547
190.2334005832672,-0.006177475675940514,-0.5710785865783692,2.2014354705810546,0.3014354705810547
190.2662751674652,-0.006026601046323776,-0.5686136245727539,2.1912714004516602,0.29127140045166033
190.29919481277466,-0.006037579849362373,-0.5789697170257568,2.2309640884399413,0.3309640884399414
190.33227944374084,-0.006038564816117286,-0.5715190410614014,2.201765441894531,0.30176544189453125
190.36532855033875,-0.006038564816117286,-0.5715190410614014,2.201765441894531,0.30176544189453125
190.39822721481323,-0.006135217100381851,-0.5728417873382569,2.2073204040527346,0.30732040405273464
190.43126392364502,-0.006171638891100883,-0.563873291015625,2.1730253219604494,0.2730253219604495
190.46415209770203,-0.006221165508031845,-0.5709699153900146,2.1994577407836915,0.2994577407836916
190.49717497825623,-0.006013668328523636,-0.5656045436859131,2.179874229431152,0.27987422943115225
190.5300509929657,-0.006249849125742913,-0.5733252048492432,2.210006904602051,0.31000690460205105
190.5632402896881,-0.005868370458483696,-0.5675526142120362,2.186813163757324,0.28681316375732413
190.59585213661194,-0.0058942761272192,-0.565330171585083,2.1789081573486326,0.2789081573486327
190.62934041023254,-0.005994084849953651,-0.5684481620788574,2.1911762237548826,0.2911762237548827
190.66181826591492,-0.006201711669564247,-0.5756950855255127,2.2198274612426756,0.3198274612426757
190.69513487815857,-0.00593143031001091,-0.5735260486602783,2.2114343643188477,0.31143436431884775
190.72806668281555,-0.006018950790166855,-0.5783048629760742,2.230084228515625,0.3300842285156249
190.7609190940857,-0.006209827959537506,-0.5780074596405029,2.2291656494140626,0.3291656494140627
190.79390811920166,-0.006071928888559341,-0.5838311672210693,2.250367546081543,0.35036754608154297
190.82712078094482,-0.00609494186937809,-0.5835904598236084,2.2494306564331055,0.34943065643310556
190.86013793945312,-0.006086013466119766,-0.5771787166595459,2.22513427734375,0.32513427734375
190.8927993774414,-0.006089291349053383,-0.570456075668335,2.1992938995361326,0.2992938995361327
190.92586040496826,-0.0062095440924167635,-0.5701202392578125,2.197846603393555,0.29784660339355495
190.95887541770935,-0.005973120406270027,-0.5635895729064941,2.1726896286010744,0.2726896286010745
190.9920597076416,-0.0061408597975969315,-0.5791961193084717,2.2318445205688477,0.33184452056884783
191.0253303050995,-0.0061408597975969315,-0.5791961193084717,2.2318445205688477,0.33184452056884783
191.05780148506165,-0.0061791278421878815,-0.5724321365356445,2.2066343307495115,0.30663433074951163
191.09114718437195,-0.006037408486008644,-0.575555419921875,2.2178407669067384,0.31784076690673846
191.1243667602539,-0.005962435528635979,-0.5696839809417724,2.1949398040771486,0.2949398040771487
191.1570553779602,-0.006100800633430481,-0.5819102764129639,2.2431005477905273,0.34310054779052734
191.1898238658905,-0.006237781420350075,-0.5871083259582519,2.262954521179199,0.36295452117919913
191.2228798866272,-0.0060382518917322155,-0.5782028675079346,2.227917289733887,0.3279172897338869
191.25631523132324,-0.006256464123725891,-0.5774178981781006,2.22615909576416,0.32615909576416025
191.28920316696167,-0.006164784729480744,-0.583031702041626,2.2462934494018554,0.34629344940185547
191.32196521759033,-0.0060823865234851835,-0.5736643314361572,2.2109359741210937,0.31093597412109375
191.35530519485474,-0.006259105354547501,-0.5706797122955323,2.199447441101074,0.29944744110107413
191.388103723526,-0.006113554537296295,-0.5620100975036622,2.1655319213867186,0.26553192138671866
191.42161011695862,-0.006264633685350418,-0.56941819190979,2.1946174621582033,0.2946174621582034
191.45383954048157,-0.005952286720275879,-0.5690174579620362,2.1926597595214843,0.2926597595214844
191.48703813552856,-0.005827046558260917,-0.5631571769714355,2.1708208084106446,0.2708208084106447
191.51995396614075,-0.006141975149512291,-0.5734195232391357,2.2099929809570313,0.3099929809570314
191.5528061389923,-0.006205986067652702,-0.5688564300537109,2.1931344985961916,0.2931344985961917
191.58601355552673,-0.005916805565357208,-0.564304256439209,2.1746965408325196,0.2746965408325197
191.61932682991028,-0.006199030950665474,-0.5774407386779785,2.2263296127319334,0.3263296127319335
191.6523458957672,-0.006068466976284981,-0.5805034637451172,2.238742446899414,0.33874244689941424
191.68566274642944,-0.005966709554195404,-0.5793773174285889,2.232588005065918,0.33258800506591824
191.71830081939697,-0.006037170812487602,-0.5763971328735351,2.2220203399658205,0.3220203399658206
191.75095748901367,-0.006365673243999481,-0.5779002189636231,2.2269983291625977,0.32699832916259775
191.7840554714203,-0.006215288862586021,-0.5819108009338378,2.241905403137207,0.3419054031372073
191.81674790382385,-0.006620064377784729,-0.5808886528015137,2.238129234313965,0.338129234313965
191.85012650489807,-0.006385423243045807,-0.5729783535003662,2.207929801940918,0.30792980194091824
191.88311862945557,-0.006426709890365601,-0.5756182193756103,2.2178184509277346,0.31781845092773464
191.91589498519897,-0.006071098521351815,-0.5656486034393311,2.1803150177001953,0.2803150177001954
191.9488401412964,-0.005898361280560494,-0.5650007247924804,2.1768508911132813,0.2768508911132814
191.98201894760132,-0.006186020746827126,-0.5795786380767822,2.2328725814819337,0.33287258148193377
192.0152702331543,-0.005905210971832275,-0.5778432846069336,2.2266658782958983,0.32666587829589844
192.04806518554688,-0.005837022513151169,-0.5767533779144287,2.2219099044799804,0.32190990447998047
192.0815839767456,-0.005718745663762093,-0.5672478675842285,2.1858654022216797,0.2858654022216798
192.11415553092957,-0.005903951823711395,-0.5714158058166504,2.2013668060302733,0.30136680603027344
192.14723658561707,-0.006561846286058426,-0.5777630805969238,2.2257818222045898,0.32578182220458984
192.1803002357483,-0.006330718845129013,-0.5705805778503418,2.1982961654663087,0.29829616546630877
192.21322417259216,-0.006406316906213761,-0.5749209880828857,2.2148197174072264,0.3148197174072265
192.2462944984436,-0.005992742255330086,-0.5629895687103271,2.169447898864746,0.2694478988647462
192.27893495559692,-0.006722392141819,-0.5813643455505371,2.2395097732543947,0.3395097732543948
192.3123424053192,-0.0058165576308965685,-0.5622786521911621,2.166228675842285,0.26622867584228516
192.3453769683838,-0.006192911788821221,-0.5785876750946045,2.228997230529785,0.32899723052978525
192.3778474330902,-0.0059381332248449326,-0.565942907333374,2.1811193466186523,0.28111934661865234
192.411518573761,-0.005886495858430862,-0.5770734786987305,2.2239240646362304,0.32392406463623047
192.44442510604858,-0.005697488412261009,-0.5704629421234131,2.1980295181274414,0.2980295181274415
192.47728514671326,-0.006200524419546128,-0.5760374546051026,2.2199459075927734,0.3199459075927735
192.50983095169067,-0.005992721766233444,-0.5700188159942627,2.1964300155639647,0.29643001556396475
192.54277729988098,-0.005852251127362251,-0.5613081455230713,2.1634057998657226,0.26340579986572266
192.57604050636292,-0.005852251127362251,-0.5613081455230713,2.1634057998657226,0.26340579986572266
192.60963702201843,-0.005974715203046798,-0.568423843383789,2.1902021408081054,0.29020214080810547
192.64179134368896,-0.006140546128153801,-0.5735572338104248,2.2100313186645506,0.3100313186645507
192.6750898361206,-0.006060605123639107,-0.5789748191833496,2.2305988311767577,0.3305988311767578
192.70828795433044,-0.006058411300182342,-0.5659753322601319,2.18027400970459,0.28027400970458993
192.7411024570465,-0.006058411300182342,-0.5659753322601319,2.18027400970459,0.28027400970458993
192.77395915985107,-0.00612844005227089,-0.5725031852722168,2.2056068420410155,0.3056068420410156
192.806795835495,-0.006027697771787644,-0.5677267074584961,2.186270523071289,0.286270523071289
192.83992075920105,-0.005810100212693214,-0.5759743690490723,2.219234275817871,0.319234275817871
192.87294340133667,-0.005959349870681763,-0.5675611019134521,2.186625671386719,0.286625671386719
192.9060516357422,-0.006157556921243668,-0.5704371929168701,2.197696304321289,0.29769630432128924
192.9390299320221,-0.006072366610169411,-0.582731819152832,2.2447824478149414,0.3447824478149415
192.97174525260925,-0.005789863690733909,-0.5639788627624511,2.173074150085449,0.2730741500854492
193.00504422187805,-0.006265150755643845,-0.5749988079071044,2.215602493286133,0.315602493286133
193.0379900932312,-0.006144189089536667,-0.5653281211853027,2.1787736892700194,0.27877368927001944
193.07089495658875,-0.0061956275254487995,-0.5770092964172363,2.2229007720947265,0.32290077209472656
193.10409498214722,-0.00592314712703228,-0.5672124862670899,2.185494041442871,0.28549404144287127
193.13713908195496,-0.0061145216226577755,-0.5753677368164063,2.2166654586791994,0.3166654586791995
193.17012763023376,-0.006010318174958229,-0.5676865100860595,2.1866931915283203,0.2866931915283204
193.20291805267334,-0.00608702227473259,-0.5583401679992676,2.1511503219604493,0.2511503219604494
193.2363314628601,-0.006013354659080506,-0.5701821327209473,2.197124481201172,0.29712448120117196
193.26916980743408,-0.006132097914814949,-0.5680082321166993,2.1888139724731444,0.28881397247314444
193.30207204818726,-0.006000937521457672,-0.5657039165496827,2.179596519470215,0.279596519470215
193.33482384681702,-0.0063506804406642916,-0.574565839767456,2.2153600692749023,0.31536006927490234
193.368066072464,-0.006391201168298721,-0.5719021797180176,2.204910659790039,0.30491065979003906
193.40127778053284,-0.005996213480830193,-0.5657169818878174,2.1809736251831056,0.28097362518310565
193.4339303970337,-0.00617845319211483,-0.5684505939483643,2.191031265258789,0.291031265258789
193.4668674468994,-0.00617845319211483,-0.5684505939483643,2.191031265258789,0.291031265258789
193.4999499320984,-0.006254693120718002,-0.576222562789917,2.2205244064331056,0.32052440643310565
193.53347301483154,-0.006250514835119248,-0.5713860511779785,2.202632522583008,0.302632522583008
193.5663595199585,-0.006170208379626274,-0.5842043399810791,2.2518308639526365,0.35183086395263663
193.5993857383728,-0.005878442525863647,-0.5730103492736817,2.2081682205200197,0.3081682205200198
193.63233399391174,-0.0059149574488401415,-0.5753309249877929,2.218065071105957,0.31806507110595694
193.66520023345947,-0.0059149574488401415,-0.5753309249877929,2.218065071105957,0.31806507110595694
193.6983358860016,-0.00623810775578022,-0.5757808685302734,2.2191734313964844,0.31917343139648446
193.73110604286194,-0.006450500339269638,-0.5731377601623535,2.2090118408203123,0.3090118408203124
193.76408433914185,-0.006450500339269638,-0.5731377601623535,2.2090118408203123,0.3090118408203124
193.7974979877472,-0.006275288760662079,-0.5780683040618897,2.2285369873046874,0.3285369873046875
193.83001160621643,-0.005897433310747146,-0.5647764205932617,2.176772117614746,0.2767721176147462
193.86324906349182,-0.006226694211363792,-0.5785952568054199,2.229981231689453,0.32998123168945304
193.8962848186493,-0.006226694211363792,-0.5785952568054199,2.229981231689453,0.32998123168945304
193.92905688285828,-0.006313871592283249,-0.5712892055511475,2.2027633666992186,0.30276336669921866
193.96215271949768,-0.006313871592283249,-0.5712892055511475,2.2027633666992186,0.30276336669921866
193.99490118026733,-0.006023700907826423,-0.575232982635498,2.216983413696289,0.31698341369628924
194.02784872055054,-0.006185624748468399,-0.5830986976623536,2.2484594345092774,0.3484594345092775
194.06085896492004,-0.0059082482010126116,-0.5756817817687988,2.2185497283935547,0.3185497283935548
194.09381437301636,-0.005863948166370392,-0.5746950626373291,2.2157310485839843,0.3157310485839844
194.12702822685242,-0.005863948166370392,-0.5746950626373291,2.2157310485839843,0.3157310485839844
194.15964818000793,-0.006309277564287186,-0.569332504272461,2.1946029663085938,0.29460296630859384
194.19287133216858,-0.006110536679625511,-0.5804819107055664,2.2365400314331056,0.33654003143310574
194.2261619567871,-0.006110536679625511,-0.5804819107055664,2.2365400314331056,0.33654003143310574
194.25999569892883,-0.006038331612944603,-0.5707137107849121,2.1992477416992187,0.29924774169921875
194.2918107509613,-0.0060177378356456755,-0.5678327560424805,2.1874872207641602,0.28748722076416033
194.3249168395996,-0.006044263020157814,-0.5674827575683594,2.1864450454711912,0.2864450454711913
194.35776925086975,-0.006107090041041374,-0.5798670768737793,2.2358747482299806,0.33587474822998065
194.39073657989502,-0.006061072275042534,-0.5793319702148437,2.2332910537719726,0.33329105377197266
194.42385458946228,-0.006061072275042534,-0.5793319702148437,2.2332910537719726,0.33329105377197266
194.45688486099243,-0.006127532199025154,-0.5805193424224854,2.237651062011719,0.337651062011719
194.49018740653992,-0.006259738653898239,-0.5771965980529785,2.2251869201660157,0.3251869201660158
194.52289986610413,-0.006136808544397354,-0.5770596504211426,2.224241256713867,0.3242412567138673
194.5558054447174,-0.00578240416944027,-0.5572436332702637,2.147336959838867,0.24733695983886728
194.5888729095459,-0.006070300564169883,-0.5823749542236328,2.244007110595703,0.3440071105957032
194.62184953689575,-0.006185787171125412,-0.5799076557159424,2.2350473403930664,0.3350473403930665
194.65488195419312,-0.006176783517003059,-0.5803114414215088,2.237039566040039,0.33703956604003915
194.6888129711151,-0.0059274788945913315,-0.56917724609375,2.192647361755371,0.2926473617553711
194.72192192077637,-0.006443104892969132,-0.5760420799255371,2.220671463012695,0.3206714630126952
194.75411319732666,-0.006038882583379745,-0.5653605937957764,2.179306983947754,0.279306983947754
194.7871913909912,-0.006248008087277412,-0.575537633895874,2.2189327239990235,0.3189327239990236
194.82027530670166,-0.005944117531180381,-0.5671216011047363,2.1865070343017576,0.2865070343017577
194.85278606414795,-0.006129860877990723,-0.5761225700378418,2.2223413467407225,0.32234134674072257
194.8859667778015,-0.005960121750831604,-0.5710176467895508,2.2022048950195314,0.3022048950195315
194.9194359779358,-0.005936507135629654,-0.5764020442962646,2.2245290756225584,0.3245290756225585
194.9520754814148,-0.00609898678958416,-0.581386661529541,2.2419591903686524,0.3419591903686525
194.98612332344055,-0.006076694652438164,-0.5806595325469971,2.2394819259643555,0.33948192596435556
195.01843786239624,-0.006029331311583519,-0.5793763160705566,2.2343046188354494,0.3343046188354495
195.05109810829163,-0.006064977869391442,-0.5784169197082519,2.2303089141845702,0.3303089141845703
195.0840983390808,-0.00579872615635395,-0.5787711620330811,2.2314994812011717,0.3314994812011718
195.11744284629822,-0.006158868968486786,-0.5689770698547363,2.1943925857543944,0.29439258575439453
195.15016746520996,-0.005983471125364304,-0.577506160736084,2.2272851943969725,0.32728519439697257
195.18314385414124,-0.005974429100751877,-0.5710759162902832,2.2009105682373047,0.3009105682373048
195.2162094116211,-0.00625859871506691,-0.571730375289917,2.203630065917969,0.3036300659179689
195.24885153770447,-0.006443358212709427,-0.5802367210388184,2.2367132186889647,0.33671321868896475
195.282381772995,-0.006182250753045082,-0.575245714187622,2.2168331146240234,0.3168331146240235
195.31529569625854,-0.006078808754682541,-0.5677372455596924,2.1871545791625975,0.28715457916259757
195.34811568260193,-0.006038248166441917,-0.578202486038208,2.2279157638549805,0.32791576385498056
195.38120007514954,-0.005736782029271126,-0.5747017383575439,2.2145036697387694,0.31450366973876953
195.4144115447998,-0.0063786663115024565,-0.5730901241302491,2.2082929611206055,0.30829296112060556
195.44725632667542,-0.006072559207677841,-0.5611814498901367,2.1623796463012694,0.26237964630126953
195.48020267486572,-0.006236087158322334,-0.5748039245605469,2.214908981323242,0.3149089813232422
195.51330947875977,-0.0059166159480810165,-0.5683453559875489,2.190558433532715,0.29055843353271493
195.546128988266,-0.006333210319280624,-0.5765214920043945,2.2221858978271483,0.32218589782714835
195.57920360565186,-0.0065209798514842985,-0.5757268905639649,2.219676399230957,0.31967639923095703
195.61222195625305,-0.006031155586242676,-0.565470838546753,2.179899215698242,0.2798992156982423
195.64525723457336,-0.00619790144264698,-0.5711159229278564,2.201336669921875,0.3013366699218749
195.67804408073425,-0.006631731986999512,-0.5774975299835206,2.2260194778442384,0.32601947784423846
195.71115803718567,-0.00636824443936348,-0.5775428295135498,2.2257152557373048,0.32571525573730487
195.7441258430481,-0.006403179466724395,-0.577696418762207,2.227031135559082,0.32703113555908203
195.7771282196045,-0.006286285072565079,-0.5755360126495361,2.218152618408203,0.3181526184082033
195.81012201309204,-0.006053144112229347,-0.5675339221954345,2.187852668762207,0.28785266876220694
195.84282779693604,-0.0061051368713378905,-0.5716154098510742,2.2037771224975584,0.3037771224975585
195.876610994339,-0.006115701049566269,-0.576220178604126,2.2216901779174805,0.32169017791748056
195.90936708450317,-0.006003767997026443,-0.581882095336914,2.2438739776611327,0.3438739776611328
195.94220304489136,-0.0058563146740198135,-0.5630087375640869,2.169775199890137,0.269775199890137
195.97511792182922,-0.006263867765665054,-0.5772286891937256,2.22485294342041,0.32485294342041016
196.0081057548523,-0.0059437878429889675,-0.5671530723571777,2.1854412078857424,0.28544120788574245
196.04138350486755,-0.0060839224606752396,-0.5727731704711914,2.2071508407592773,0.30715084075927734
196.0741150379181,-0.006412222236394882,-0.5738589763641357,2.211681365966797,0.31168136596679696
196.1072506904602,-0.006081710010766983,-0.5667083263397217,2.1835466384887696,0.2835466384887697
196.14050030708313,-0.006081710010766983,-0.5667083263397217,2.1835466384887696,0.2835466384887697
196.1729018688202,-0.006071662157773971,-0.5660292625427246,2.1812871932983398,0.28128719329833984
196.20573234558105,-0.006437709927558899,-0.5735061645507813,2.210785484313965,0.310785484313965
196.23895049095154,-0.006437709927558899,-0.5735061645507813,2.210785484313965,0.310785484313965
196.27194952964783,-0.006253036856651306,-0.5724354743957519,2.2068111419677736,0.3068111419677737
196.30470776557922,-0.006308255344629287,-0.5753453254699707,2.2191741943359373,0.3191741943359374
196.33789014816284,-0.006308255344629287,-0.5753453254699707,2.2191741943359373,0.3191741943359374
196.37081909179688,-0.0062013078480958935,-0.5693025588989258,2.1958681106567384,0.29586811065673846
196.40380096435547,-0.006353174149990082,-0.5798882007598877,2.235418701171875,0.335418701171875
196.43663358688354,-0.006078380718827247,-0.5738253116607666,2.2127561569213867,0.3127561569213868
196.46999216079712,-0.006078380718827247,-0.5738253116607666,2.2127561569213867,0.3127561569213868
196.5026605129242,-0.006369893252849579,-0.577321720123291,2.2263166427612306,0.32631664276123074
196.53575325012207,-0.006049909070134163,-0.5663703918457031,2.1837285995483398,0.28372859954833984
196.56878972053528,-0.005952569842338562,-0.5620988845825196,2.1671701431274415,0.2671701431274416
196.60218715667725,-0.0062334854155778885,-0.585914421081543,2.2584909439086913,0.3584909439086914
196.6351764202118,-0.006276662647724152,-0.5666674137115478,2.1860376358032227,0.28603763580322283
196.66813397407532,-0.005961265414953232,-0.5665756702423096,2.1840883255004884,0.28408832550048846
196.70071172714233,-0.006289558112621307,-0.5724477767944336,2.207469177246094,0.307469177246094
196.73396968841553,-0.0063267633318901065,-0.5804419994354248,2.2381929397583007,0.3381929397583008
196.76715278625488,-0.00613594613969326,-0.5832284450531006,2.249360275268555,0.34936027526855495
196.79999160766602,-0.006137274205684662,-0.5742276668548584,2.2147951126098633,0.31479511260986337
196.83313298225403,-0.0061895202845335005,-0.575311279296875,2.2191997528076173,0.31919975280761737
196.86630129814148,-0.005901269614696503,-0.5642873764038085,2.175522232055664,0.27552223205566406
196.8990888595581,-0.006117147952318191,-0.571619987487793,2.2045709609985353,0.3045709609985354
196.93213868141174,-0.0061398323625326155,-0.5648900032043457,2.1793954849243162,0.2793954849243163
196.96495914459229,-0.006222617626190185,-0.57442626953125,2.2148153305053713,0.31481533050537136
196.99895548820496,-0.006276267766952515,-0.5727305889129639,2.2090261459350584,0.3090261459350585
197.03070998191833,-0.00631897896528244,-0.568229866027832,2.1924713134765623,0.2924713134765624
197.06370496749878,-0.0062704898416996,-0.5677770137786865,2.190902900695801,0.29090290069580105
197.0971484184265,-0.006162955611944199,-0.5730422019958497,2.2093269348144533,0.3093269348144534
197.1300971508026,-0.00634651854634285,-0.5752030372619629,2.218148612976074,0.3181486129760742
197.1626992225647,-0.006314503401517868,-0.577564001083374,2.2269609451293944,0.32696094512939444
197.19584560394287,-0.006314503401517868,-0.577564001083374,2.2269609451293944,0.32696094512939444
197.2287359237671,-0.005876060575246811,-0.577048397064209,2.2236576080322266,0.32365760803222665
197.2617757320404,-0.005825906991958618,-0.5727829456329345,2.2076736450195313,0.3076736450195314
197.29543209075928,-0.005825906991958618,-0.5727829456329345,2.2076736450195313,0.3076736450195314
197.3282082080841,-0.006164789572358132,-0.5745097637176514,2.2149726867675783,0.3149726867675784
197.36215782165527,-0.006164789572358132,-0.5745097637176514,2.2149726867675783,0.3149726867675784
197.39362955093384,-0.0060625579208135605,-0.5690020084381103,2.193887138366699,0.2938871383666992
197.4266095161438,-0.006257045269012451,-0.5692090034484864,2.196389389038086,0.2963893890380862
197.46007442474365,-0.006257045269012451,-0.5692090034484864,2.196389389038086,0.2963893890380862
197.49302625656128,-0.006266912072896957,-0.5655388832092285,2.182531547546387,0.282531547546387
197.5260272026062,-0.006318306177854538,-0.5696101665496827,2.1972682952880858,0.29726829528808585
197.55970239639282,-0.006306948512792588,-0.5696348190307617,2.196946716308594,0.2969467163085939
197.5920169353485,-0.006262820214033127,-0.5726852416992188,2.207839775085449,0.30783977508544913
197.62496709823608,-0.006242576614022255,-0.5830207347869873,2.2473627090454102,0.34736270904541033
197.65803861618042,-0.006242576614022255,-0.5830207347869873,2.2473627090454102,0.34736270904541033
197.69107127189636,-0.006237297505140305,-0.5670524120330811,2.1858280181884764,0.2858280181884765
197.7240047454834,-0.006367379426956176,-0.5741052627563477,2.2129276275634764,0.3129276275634765
197.75739884376526,-0.006129449233412743,-0.5662242889404296,2.182811164855957,0.28281116485595703
197.7900812625885,-0.0062794707715511325,-0.5752130031585694,2.2180759429931642,0.31807594299316433
197.82303500175476,-0.005799372866749764,-0.5721101284027099,2.206432342529297,0.30643234252929696
197.8559467792511,-0.006000162288546562,-0.5617085933685303,2.1677597045898436,0.26775970458984366
197.8887414932251,-0.006179964169859886,-0.5704131126403809,2.200633239746094,0.300633239746094
197.92220401763916,-0.006061462685465813,-0.573167085647583,2.210215187072754,0.3102151870727541
197.95508217811584,-0.006067792698740959,-0.5706035137176514,2.200382614135742,0.3003826141357422
197.98822259902954,-0.006067792698740959,-0.5706035137176514,2.200382614135742,0.3003826141357422
198.02096557617188,-0.006063501164317131,-0.5731978416442871,2.210122299194336,0.3101222991943362
198.0542905330658,-0.006178229674696922,-0.5759862899780274,2.2194875717163085,0.3194875717163086
198.08735585212708,-0.006443700194358826,-0.5787399768829345,2.2305049896240234,0.3305049896240235
198.120276927948,-0.006037314608693123,-0.5638682842254639,2.172650909423828,0.2726509094238283
198.1528742313385,-0.00618058554828167,-0.5679728984832764,2.1877796173095705,0.2877796173095706
198.18592238426208,-0.0064584754407405855,-0.5738234519958496,2.211620903015137,0.3116209030151369
198.21881079673767,-0.006106038391590118,-0.5688899993896485,2.193671226501465,0.29367122650146493
198.2518229484558,-0.006106038391590118,-0.5688899993896485,2.193671226501465,0.29367122650146493
198.28570866584778,-0.0063393332064151766,-0.5781471729278564,2.230092239379883,0.3300922393798831
198.3183605670929,-0.006153758242726326,-0.5712836742401123,2.2039913177490233,0.30399131774902344
198.35090708732605,-0.005982716381549835,-0.5668462753295899,2.1867839813232424,0.28678398132324245
198.3838517665863,-0.005885837972164154,-0.5851332664489746,2.2565216064453124,0.3565216064453125
198.41690874099731,-0.006006403639912605,-0.566050910949707,2.18310432434082,0.2831043243408202
198.44967007637024,-0.005883233621716499,-0.5749531745910644,2.2168418884277346,0.31684188842773464
198.48285937309265,-0.005883233621716499,-0.5749531745910644,2.2168418884277346,0.31684188842773464
198.51592254638672,-0.005883233621716499,-0.5749531745910644,2.2168418884277346,0.31684188842773464
198.5488965511322,-0.006036757305264473,-0.5667675971984864,2.1845699310302735,0.2845699310302736
198.58183407783508,-0.006035661697387696,-0.5676992893218994,2.1874818801879883,0.28748188018798837
198.61487579345703,-0.006014418229460717,-0.574224853515625,2.21309871673584,0.3130987167358401
198.64789247512817,-0.005895883589982986,-0.5666451930999756,2.1836891174316406,0.2836891174316407
198.6811182498932,-0.005957050621509552,-0.5750976085662842,2.2174524307250976,0.31745243072509766
198.71388864517212,-0.005924220010638237,-0.5667927742004395,2.1852128982543944,0.28521289825439444
198.74691224098206,-0.005775682628154755,-0.5696252822875977,2.1965753555297853,0.2965753555297854
198.7798182964325,-0.006207109242677688,-0.5785483360290528,2.231216621398926,0.33121662139892605
198.81286597251892,-0.00602647215127945,-0.5745485782623291,2.2152820587158204,0.3152820587158205
198.84584069252014,-0.0059007670730352405,-0.5739899635314941,2.2128622055053713,0.31286220550537136
198.87877750396729,-0.005928254872560501,-0.5739175319671631,2.212291717529297,0.31229171752929696
198.9120955467224,-0.005993970111012459,-0.5674600601196289,2.186170196533203,0.2861701965332033
198.9455704689026,-0.005923852324485779,-0.5641180515289307,2.1735464096069337,0.27354640960693377
198.97833681106567,-0.005947579443454742,-0.5770755767822265,2.2231382369995116,0.3231382369995117
199.01143956184387,-0.005979258939623833,-0.5828113079071044,2.2454065322875976,0.34540653228759766
199.0438895225525,-0.0058029815554618835,-0.5720486640930176,2.204423713684082,0.30442371368408194
199.07787823677063,-0.006115667149424553,-0.5763861179351807,2.2207565307617188,0.32075653076171884
199.1102418899536,-0.006197873875498772,-0.580131196975708,2.2362747192382812,0.33627471923828134
199.1430857181549,-0.005843713879585266,-0.5704642295837402,2.199397659301758,0.299397659301758
199.17677807807922,-0.006289051473140716,-0.5840606689453125,2.252273178100586,0.3522731781005861
199.20949721336365,-0.005845906212925911,-0.5696962833404541,2.197430419921875,0.2974304199218749
199.24255108833313,-0.005896058306097985,-0.5637251377105713,2.1730117797851562,0.27301177978515634
199.27516746520996,-0.005789817869663238,-0.5728611469268798,2.2081932067871093,0.3081932067871094
199.30844163894653,-0.0059559129178524016,-0.5780171394348145,2.2285640716552733,0.32856407165527335
199.3414568901062,-0.005950450897216797,-0.5621675968170166,2.166590690612793,0.26659069061279306
199.3741955757141,-0.0062029693275690075,-0.5793708324432373,2.232809829711914,0.332809829711914
199.40718340873718,-0.006173824146389961,-0.5737077236175537,2.2106834411621095,0.31068344116210955
199.44020056724548,-0.006031804159283638,-0.5708442211151123,2.199089241027832,0.2990892410278323
199.47318387031555,-0.0060950472950935366,-0.565302038192749,2.177675247192383,0.2776752471923829
199.50611186027527,-0.005920680612325669,-0.5604928970336914,2.159230041503906,0.25923004150390616
199.5392096042633,-0.005809503421187401,-0.5719002246856689,2.203365135192871,0.303365135192871
199.57250595092773,-0.005994536355137825,-0.5659882545471191,2.181019401550293,0.28101940155029315
199.60523009300232,-0.005961940065026284,-0.5671788215637207,2.1859134674072265,0.28591346740722656
199.63818383216858,-0.006233422830700874,-0.5730242729187012,2.208138656616211,0.3081386566162112
199.67111158370972,-0.0059252068400383,-0.5729439735412598,2.2082090377807617,0.3082090377807618
199.70430302619934,-0.005667522922158242,-0.5724317073822022,2.2060466766357423,0.30604667663574237
199.73716759681702,-0.006235281378030777,-0.5823295593261719,2.2443103790283203,0.3443103790283204
199.77008986473083,-0.005873165652155876,-0.5722285747528076,2.205783653259277,0.30578365325927725
199.80331826210022,-0.005925115942955017,-0.5776114463806152,2.2261445999145506,0.3261445999145507
199.83643984794617,-0.00581422783434391,-0.5730431079864502,2.2081995010375977,0.30819950103759775
199.8692774772644,-0.006044058129191399,-0.5782118320465088,2.2288976669311524,0.3288976669311525
199.90231800079346,-0.005987558513879776,-0.5797532558441162,2.2339149475097657,0.3339149475097658
199.93520665168762,-0.005987558513879776,-0.5797532558441162,2.2339149475097657,0.3339149475097658
199.9682309627533,-0.006194242089986801,-0.5716229915618897,2.2040225982666017,0.30402259826660183
200.0008680820465,-0.0060147341340780255,-0.5743215560913086,2.214755821228027,0.31475582122802725
200.0339241027832,-0.00578947514295578,-0.5735753536224365,2.210775947570801,0.31077594757080096
200.06720352172852,-0.00578947514295578,-0.5735753536224365,2.210775947570801,0.31077594757080096
200.1002116203308,-0.005648798495531082,-0.5746928215026855,2.2147083282470703,0.3147083282470704
200.13321089744568,-0.005648798495531082,-0.5746928215026855,2.2147083282470703,0.3147083282470704
200.1667251586914,-0.005648798495531082,-0.5746928215026855,2.2147083282470703,0.3147083282470704
200.19915866851807,-0.005943482741713524,-0.5810716152191162,2.2401395797729493,0.3401395797729494
200.2321994304657,-0.005799919739365578,-0.5743329048156738,2.2140066146850588,0.31400661468505886
200.2647852897644,-0.005930912867188454,-0.5713996410369873,2.2036346435546874,0.3036346435546875
200.29787492752075,-0.0058040950447320935,-0.5746907711029052,2.216231918334961,0.3162319183349611
200.3306233882904,-0.005903704836964607,-0.5706310272216797,2.200241279602051,0.30024127960205105
200.3637261390686,-0.006255288422107696,-0.5746351718902588,2.216482162475586,0.316482162475586
200.39715957641602,-0.006012795120477676,-0.5703963756561279,2.1991819381713866,0.2991819381713867
200.4300353527069,-0.006062540784478187,-0.5665192604064941,2.1839248657226564,0.2839248657226565
200.4631221294403,-0.0064920738339424135,-0.5808422565460205,2.2398996353149414,0.3398996353149415
200.49588108062744,-0.006215718016028405,-0.5706963539123535,2.2001108169555663,0.3001108169555664
200.5289180278778,-0.006215718016028405,-0.5706963539123535,2.2001108169555663,0.3001108169555664
200.5619022846222,-0.006315827369689941,-0.5757397174835205,2.2198673248291017,0.31986732482910174
200.59507632255554,-0.005756818875670433,-0.575573205947876,2.219354438781738,0.3193544387817382
200.62802457809448,-0.00588713102042675,-0.577381706237793,2.2256317138671875,0.3256317138671876
200.6610689163208,-0.006106511130928994,-0.5695746421813965,2.198167610168457,0.29816761016845694
200.69489550590515,-0.006106042861938476,-0.5726759433746338,2.2094478607177734,0.3094478607177735
200.7269525527954,-0.006106042861938476,-0.5726759433746338,2.2094478607177734,0.3094478607177735
200.75986671447754,-0.005971909314393997,-0.5615119934082031,2.166116142272949,0.2661161422729492
200.7928066253662,-0.006012877449393272,-0.5724780082702636,2.2071559906005858,0.30715599060058585
200.82629084587097,-0.006221124529838562,-0.5816230297088623,2.2430389404296873,0.3430389404296874
200.8591513633728,-0.005752045661211014,-0.5723093986511231,2.2068336486816404,0.30683364868164054
200.89214253425598,-0.006150298565626144,-0.5821394920349121,2.244308853149414,0.34430885314941406
200.92479634284973,-0.006150298565626144,-0.5821394920349121,2.244308853149414,0.34430885314941406
200.95790696144104,-0.006137389317154884,-0.5770926952362061,2.2235254287719726,0.32352542877197266
200.99088549613953,-0.006312841922044754,-0.5798985481262207,2.2357418060302736,0.3357418060302737
201.02414059638977,-0.006265150755643845,-0.5749988079071044,2.215602493286133,0.315602493286133
201.05690121650696,-0.006196844205260277,-0.5804966926574707,2.237010383605957,0.33701038360595703
201.0902602672577,-0.006602072715759277,-0.577406644821167,2.2264406204223635,0.32644062042236355
201.12346649169922,-0.005949173495173455,-0.5685713291168213,2.1923179626464844,0.29231796264648446
201.15632820129395,-0.005823307484388351,-0.5702109336853027,2.197428512573242,0.2974285125732421
201.189288854599,-0.0061393164098262785,-0.5802433490753174,2.236239433288574,0.3362394332885743
201.2235927581787,-0.0061393164098262785,-0.5802433490753174,2.236239433288574,0.3362394332885743
201.25527143478394,-0.006022878363728524,-0.5729165077209473,2.2068559646606447,0.3068559646606448
201.28877449035645,-0.006022878363728524,-0.5729165077209473,2.2068559646606447,0.3068559646606448
201.32184958457947,-0.005889902636408806,-0.5665329456329345,2.1825828552246094,0.28258285522460946
201.3543405532837,-0.005990977957844734,-0.5635948657989502,2.171334075927734,0.2713340759277343
201.3874316215515,-0.005990977957844734,-0.5635948657989502,2.171334075927734,0.2713340759277343
201.42028307914734,-0.006321671605110169,-0.5728877544403076,2.2068950653076174,0.30689506530761745
201.4529528617859,-0.0065065108239650725,-0.5742031097412109,2.212446594238281,0.31244659423828125
201.48612785339355,-0.006008526310324669,-0.5767923355102539,2.224110984802246,0.3241109848022461
201.5189516544342,-0.0060491148382425305,-0.5670702934265137,2.1862489700317385,0.28624897003173855
201.5516791343689,-0.006175069883465767,-0.5847138404846192,2.253823089599609,0.3538230895996093
201.58492708206177,-0.006175069883465767,-0.5847138404846192,2.253823089599609,0.3538230895996093
201.61857652664185,-0.0057469155639410015,-0.5708838939666748,2.2002283096313477,0.30022830963134783
201.65120267868042,-0.005721544101834297,-0.5744865417480469,2.214459991455078,0.3144599914550783
201.68407368659973,-0.005926226451992989,-0.5752254486083984,2.2167900085449217,0.3167900085449218
201.7175211906433,-0.005926226451992989,-0.5752254486083984,2.2167900085449217,0.3167900085449218
201.74981260299683,-0.005840940400958061,-0.5751594543457031,2.2165857315063477,0.31658573150634783
201.78280806541443,-0.005786909908056259,-0.5798086643218994,2.2343914031982424,0.33439140319824245
201.81563711166382,-0.005885710567235946,-0.5701098918914795,2.197097396850586,0.2970973968505861
201.84887981414795,-0.005885710567235946,-0.5701098918914795,2.197097396850586,0.2970973968505861
201.8817811012268,-0.006049158424139023,-0.579444694519043,2.233728218078613,0.3337282180786132
201.91486406326294,-0.006049158424139023,-0.579444694519043,2.233728218078613,0.3337282180786132
201.94796085357666,-0.00614045076072216,-0.5762296676635742,2.220710563659668,0.3207105636596679
201.98132634162903,-0.006116984784603119,-0.5854931354522706,2.2563913345336912,0.3563913345336913
202.01397252082825,-0.005789035558700561,-0.5801919937133789,2.235301971435547,0.33530197143554696
202.04739093780518,-0.005750156939029694,-0.5730265617370606,2.207785987854004,0.3077859878540039
202.080082654953,-0.005878102406859398,-0.5710864067077637,2.2007282257080076,0.3007282257080077
202.1129231452942,-0.006261936575174332,-0.5762215614318847,2.2196725845336913,0.3196725845336914
202.14598608016968,-0.005876210331916809,-0.5810481548309326,2.2380239486694338,0.33802394866943386
202.17920684814453,-0.006091112643480301,-0.5697318553924561,2.1960445404052735,0.2960445404052736
202.21201753616333,-0.00629052147269249,-0.5700336456298828,2.1963163375854493,0.2963163375854494
202.2449209690094,-0.006178928911685944,-0.5645843982696533,2.174727439880371,0.2747274398803712
202.27854347229004,-0.00603901706635952,-0.5727422714233399,2.208177375793457,0.30817737579345694
202.311217546463,-0.006299497932195664,-0.5728525638580322,2.2090145111083985,0.3090145111083986
202.34410285949707,-0.005803891271352768,-0.5700878620147705,2.1980934143066406,0.2980934143066407
202.37702250480652,-0.005900616198778153,-0.5649032115936279,2.177596855163574,0.27759685516357413
202.4106731414795,-0.006109035760164261,-0.5697668075561524,2.195797157287598,0.2957971572875979
202.44282984733582,-0.00609111525118351,-0.5821707248687744,2.243618392944336,0.34361839294433594
202.47687911987305,-0.005956027656793594,-0.5766811370849609,2.2233205795288087,0.32332057952880877
202.5093638896942,-0.006124242767691612,-0.566118574142456,2.182001495361328,0.2820014953613281
202.54202365875244,-0.006102832406759262,-0.5667670726776123,2.1840997695922852,0.28409976959228533
202.57507348060608,-0.006113142892718315,-0.5702357769012452,2.197178840637207,0.2971788406372071
202.60785245895386,-0.006061998382210732,-0.5608197689056397,2.1605161666870116,0.2605161666870117
202.64126062393188,-0.0062807098031044005,-0.5776117324829102,2.2263309478759767,0.32633094787597683
202.6743185520172,-0.006198174878954887,-0.5723026275634766,2.205093002319336,0.3050930023193361
202.70735120773315,-0.00614791288971901,-0.5800100803375244,2.2347530364990233,0.33475303649902344
202.7404339313507,-0.005810073390603065,-0.5794643878936767,2.232855224609375,0.332855224609375
202.77347660064697,-0.005940530076622963,-0.5642661571502685,2.173379325866699,0.2733793258666992
202.80623245239258,-0.0058877762407064434,-0.5729481220245362,2.2070655822753906,0.3070655822753907
202.83916544914246,-0.0061939235776662825,-0.5707945346832275,2.1993890762329102,0.29938907623291033
202.87233471870422,-0.006256696581840515,-0.5698290348052979,2.1949831008911134,0.29498310089111346
202.90526008605957,-0.006055820360779762,-0.5796052932739257,2.233407211303711,0.3334072113037112
202.93846344947815,-0.0062847152352333065,-0.5731442451477051,2.207581901550293,0.30758190155029297
202.9711971282959,-0.006232955306768417,-0.5734708786010743,2.209788131713867,0.3097881317138671
203.00435519218445,-0.006065554544329643,-0.5737812995910645,2.210850715637207,0.3108507156372071
203.03740572929382,-0.006433885544538498,-0.5860011100769043,2.258187103271484,0.3581871032714843
203.07024478912354,-0.006150995567440987,-0.5788875102996827,2.231760597229004,0.3317605972290041
203.1031050682068,-0.0061549611389636995,-0.5807044506072998,2.2376121520996093,0.3376121520996094
203.13630747795105,-0.006201197206974029,-0.5824432373046875,2.2443607330322264,0.3443607330322265
203.16909289360046,-0.0059106510132551195,-0.5795188903808594,2.2336658477783202,0.3336658477783203
203.20216965675354,-0.005867438018321991,-0.5690638542175293,2.1928939819335938,0.29289398193359384
203.23508739471436,-0.005843018740415573,-0.5656484127044678,2.180078887939453,0.2800788879394531
203.26814079284668,-0.005970581248402595,-0.5779459476470947,2.2275903701782225,0.32759037017822257
203.30115270614624,-0.006286071985960007,-0.5783660411834717,2.2287805557250975,0.32878055572509757
203.33391690254211,-0.006084579601883888,-0.5824301719665528,2.2450498580932616,0.3450498580932617
203.366943359375,-0.006030979007482529,-0.5696567535400391,2.1954763412475584,0.2954763412475585
203.3998942375183,-0.006431831419467926,-0.5818612098693847,2.241883659362793,0.34188365936279297
203.43340921401978,-0.006194663792848587,-0.570047664642334,2.1958898544311523,0.29588985443115234
203.4661271572113,-0.006185200810432434,-0.5815181255340576,2.2395130157470704,0.3395130157470705
203.49923372268677,-0.00609649159014225,-0.5830745220184326,2.246088981628418,0.34608898162841806
203.5324034690857,-0.006214909628033638,-0.5684859752655029,2.1887359619140625,0.2887359619140626
203.5667381286621,-0.006469728052616119,-0.5810954570770264,2.2380912780761717,0.3380912780761718
203.59812021255493,-0.005989251285791397,-0.5670847415924072,2.1848674774169923,0.28486747741699237
203.63082599639893,-0.006444742530584335,-0.573975944519043,2.2111232757568358,0.31112327575683585
203.66382455825806,-0.0062752701342105865,-0.5678210258483887,2.187144470214844,0.287144470214844
203.6967430114746,-0.0063705012202262875,-0.5809014320373536,2.2385297775268556,0.33852977752685565
203.72990345954895,-0.005907680094242096,-0.5635134220123291,2.1706239700317385,0.27062397003173855
203.76283764839172,-0.005981260165572167,-0.5676416397094727,2.1863449096679686,0.28634490966796866
203.79597187042236,-0.005981260165572167,-0.5676416397094727,2.1863449096679686,0.28634490966796866
203.8289349079132,-0.005996834114193916,-0.5617089748382569,2.1643608093261717,0.2643608093261718
203.86183094978333,-0.005803261697292328,-0.5676746368408203,2.1870162963867186,0.28701629638671866
203.8950228691101,-0.005803261697292328,-0.5676746368408203,2.1870162963867186,0.28701629638671866
203.92816710472107,-0.005996768921613693,-0.5678428173065185,2.1875673294067384,0.28756732940673846
203.96116876602173,-0.005953457206487656,-0.5615965366363526,2.1643871307373046,0.2643871307373047
203.9940710067749,-0.006179694831371307,-0.5722746849060059,2.2053924560546876,0.3053924560546877
204.02680373191833,-0.006222187355160713,-0.5694871425628663,2.194498634338379,0.2944986343383791
204.0597858428955,-0.006100853905081749,-0.5689583778381347,2.192929267883301,0.29292926788330087
204.09285736083984,-0.006100853905081749,-0.5689583778381347,2.192929267883301,0.29292926788330087
204.12575817108154,-0.006299367547035218,-0.5744647026062012,2.2140336990356446,0.3140336990356447
204.1588544845581,-0.005878694728016854,-0.5682465553283691,2.1898746490478516,0.28987464904785165
204.19203281402588,-0.005878694728016854,-0.5682465553283691,2.1898746490478516,0.28987464904785165
204.22475957870483,-0.005798825621604919,-0.5717297077178956,2.2023622512817385,0.30236225128173855
204.2578055858612,-0.005812516808509827,-0.5702598571777344,2.1977434158325195,0.2977434158325196
204.2909803390503,-0.00589643269777298,-0.5688128471374512,2.190812110900879,0.290812110900879
204.32383823394775,-0.0059955094009637834,-0.572827672958374,2.2065319061279296,0.3065319061279297
204.35694694519043,-0.006184395030140876,-0.5753843307495117,2.2167612075805665,0.3167612075805666
204.38978505134583,-0.006200860813260078,-0.5704051971435546,2.1980504989624023,0.29805049896240243
204.42286038398743,-0.006292413175106049,-0.5688226699829102,2.191355323791504,0.2913553237915041
204.4558141231537,-0.006123938038945198,-0.5656075000762939,2.178426742553711,0.278426742553711
204.48880171775818,-0.006463152170181274,-0.5706233024597168,2.199114227294922,0.2991142272949219
204.5216348171234,-0.006197651848196983,-0.5687414646148682,2.191291618347168,0.2912916183471679
204.55475234985352,-0.006148011982440948,-0.5671065330505372,2.1858697891235352,0.28586978912353533
204.58785891532898,-0.006096813455224037,-0.5749200820922852,2.2155656814575195,0.3155656814575196
204.62084913253784,-0.006089910119771958,-0.5733128547668457,2.209327507019043,0.3093275070190429
204.65395164489746,-0.00600653775036335,-0.5674835681915283,2.1859508514404298,0.28595085144042987
204.68738460540771,-0.00602928064763546,-0.577561902999878,2.2250350952148437,0.32503509521484375
204.72003602981567,-0.00602928064763546,-0.577561902999878,2.2250350952148437,0.32503509521484375
204.7528817653656,-0.006280488520860672,-0.5765839576721191,2.221988296508789,0.32198829650878924
204.78627943992615,-0.006126440688967704,-0.5718965053558349,2.204014015197754,0.3040140151977542
204.81902527809143,-0.006126440688967704,-0.5718965053558349,2.204014015197754,0.3040140151977542
204.8518238067627,-0.00601920485496521,-0.5720936775207519,2.206438446044922,0.3064384460449219
204.8857936859131,-0.0060800440609455105,-0.568636131286621,2.1906089782714844,0.29060897827148446
204.91835498809814,-0.0060800440609455105,-0.568636131286621,2.1906089782714844,0.29060897827148446
204.95134949684143,-0.0060004137456417085,-0.5671631336212158,2.184794044494629,0.2847940444946291
204.9841923713684,-0.005884787067770958,-0.5801077365875245,2.2351137161254884,0.33511371612548846
205.01788139343262,-0.005884787067770958,-0.5801077365875245,2.2351137161254884,0.33511371612548846
205.050137758255,-0.005993619188666343,-0.5829100131988525,2.2454202651977537,0.3454202651977538
205.08292889595032,-0.005905529111623764,-0.5760805130004882,2.2196508407592774,0.3196508407592775
205.11584997177124,-0.005900339782238006,-0.577547025680542,2.2255199432373045,0.3255199432373046
205.14870715141296,-0.005763386189937591,-0.573992395401001,2.211701583862305,0.31170158386230495
205.18182682991028,-0.006128120422363281,-0.5760110855102539,2.2194988250732424,0.31949882507324245
205.2147240638733,-0.006301305443048477,-0.5819412708282471,2.2425773620605467,0.3425773620605468
205.24764776229858,-0.005900337547063828,-0.5736888408660888,2.2094724655151365,0.30947246551513663
205.28085088729858,-0.005900337547063828,-0.5736888408660888,2.2094724655151365,0.30947246551513663
205.31370615959167,-0.006317707151174546,-0.5822849750518799,2.243241882324219,0.3432418823242189
205.34686040878296,-0.006317707151174546,-0.5822849750518799,2.243241882324219,0.3432418823242189
205.3799774646759,-0.005744505673646927,-0.5735197067260742,2.209208106994629,0.3092081069946291
205.41284584999084,-0.0059201840311288835,-0.5770408153533936,2.223098945617676,0.32309894561767605
205.44580268859863,-0.006233760342001915,-0.5825750827789307,2.244674873352051,0.34467487335205105
205.47869634628296,-0.006107746809720993,-0.5774603843688965,2.225021171569824,0.32502117156982413
205.511869430542,-0.006107746809720993,-0.5774603843688965,2.225021171569824,0.32502117156982413
205.54560256004333,-0.005972210317850113,-0.5728790283203125,2.2080846786499024,0.3080846786499025
205.57792258262634,-0.005868049710988999,-0.5792453289031982,2.231378936767578,0.3313789367675781
205.61071515083313,-0.006063271313905716,-0.5830014228820801,2.2475940704345705,0.3475940704345706
205.6439847946167,-0.006063271313905716,-0.5830014228820801,2.2475940704345705,0.3475940704345706
205.67697477340698,-0.005923448130488396,-0.5660459518432617,2.1807529449462892,0.28075294494628933
205.70985531806946,-0.005777524784207344,-0.5774772644042969,2.225554847717285,0.32555484771728516
205.74289846420288,-0.0057562366127967834,-0.5735353946685791,2.2095775604248047,0.3095775604248048
205.77614331245422,-0.005847838893532753,-0.5728259086608887,2.207881736755371,0.307881736755371
205.80872416496277,-0.006083732098340988,-0.5881640434265136,2.2663644790649413,0.3663644790649414
205.84200930595398,-0.006083732098340988,-0.5881640434265136,2.2663644790649413,0.3663644790649414
205.87500381469727,-0.0059566225856542586,-0.5753225803375244,2.2164129257202148,0.31641292572021484
205.90797424316406,-0.0059566225856542586,-0.5753225803375244,2.2164129257202148,0.31641292572021484
205.94088077545166,-0.006051347777247429,-0.565733003616333,2.1802900314331053,0.2802900314331054
205.97391867637634,-0.006245960295200348,-0.5723316669464111,2.205045700073242,0.3050457000732423
206.00693655014038,-0.005937536060810089,-0.564631986618042,2.175639343261719,0.275639343261719
206.03996109962463,-0.006160735711455345,-0.5740530967712403,2.2108938217163088,0.31089382171630886
206.07303142547607,-0.0059441208839416506,-0.5741706371307373,2.2115989685058595,0.31159896850585955
206.10589814186096,-0.005972355231642723,-0.5701248168945312,2.1962860107421873,0.2962860107421874
206.13889169692993,-0.006194663792848587,-0.570047664642334,2.1958898544311523,0.29588985443115234
206.17196416854858,-0.005843792855739593,-0.5762268543243408,2.219633674621582,0.3196336746215822
206.2054147720337,-0.005959343537688256,-0.5807673454284668,2.2377994537353514,0.3377994537353515
206.23804688453674,-0.005876019597053528,-0.5626214027404786,2.1672224044799804,0.26722240447998047
206.27084875106812,-0.006442856043577194,-0.5780112743377686,2.227260398864746,0.327260398864746
206.3040223121643,-0.0061674430966377255,-0.5753048896789551,2.216111183166504,0.316111183166504
206.337655544281,-0.0060347262769937515,-0.5759503364562988,2.2189308166503907,0.3189308166503908
206.36987900733948,-0.005900362133979797,-0.5728222370147705,2.207346725463867,0.3073467254638671
206.4029142856598,-0.006205690652132034,-0.5748433589935302,2.2153131484985353,0.3153131484985354
206.43606090545654,-0.005993301048874855,-0.5732354640960693,2.2091407775878906,0.3091407775878907
206.46900248527527,-0.005741143599152565,-0.5701022624969483,2.196329116821289,0.29632911682128915
206.5020101070404,-0.005867408215999603,-0.5651796340942383,2.177206802368164,0.277206802368164
206.53510427474976,-0.006077785789966583,-0.5843070983886719,2.251181793212891,0.3511817932128909
206.5686662197113,-0.005799438804388046,-0.5786492824554443,2.2293588638305666,0.3293588638305667
206.6020290851593,-0.006098982319235802,-0.5737216949462891,2.210246467590332,0.31024646759033203
206.63401055335999,-0.006372414529323578,-0.5766235828399658,2.2214550018310546,0.3214550018310547
206.6671051979065,-0.006076847016811371,-0.5653357982635498,2.1782468795776366,0.2782468795776367
206.70125102996826,-0.006285315006971359,-0.577344560623169,2.2244709014892576,0.3244709014892577
206.73291397094727,-0.006038541719317436,-0.5582075119018555,2.1507835388183594,0.25078353881835946
206.76594471931458,-0.006228654831647873,-0.5768147468566894,2.2216552734375,0.3216552734375
206.79903411865234,-0.006148592010140419,-0.5726326942443848,2.2053045272827148,0.30530452728271484
206.83194088935852,-0.00593990720808506,-0.5625378131866455,2.166697120666504,0.2666971206665041
206.86486506462097,-0.005990207567811013,-0.5670610427856445,2.1845815658569334,0.2845815658569335
206.89797234535217,-0.006252403557300568,-0.5739331245422363,2.2118898391723634,0.31188983917236346
206.9310965538025,-0.005762851238250733,-0.5767934322357178,2.2218502044677733,0.32185020446777335
206.96456170082092,-0.0059062778949737545,-0.5736326217651367,2.2107004165649413,0.3107004165649414
206.99728226661682,-0.006063206493854523,-0.560491943359375,2.1589168548583983,0.25891685485839844
207.02991271018982,-0.0058165576308965685,-0.5622786521911621,2.166228675842285,0.26622867584228516
207.0634481906891,-0.0058165576308965685,-0.5622786521911621,2.166228675842285,0.26622867584228516
207.09655022621155,-0.005872989818453789,-0.5663624763488769,2.1823715209960937,0.28237152099609375
207.12912821769714,-0.006186021491885185,-0.5795787811279297,2.2328733444213866,0.3328733444213867
207.16230630874634,-0.005939142778515816,-0.5799110889434814,2.2345151901245117,0.3345151901245118
207.19532775878906,-0.006034210696816445,-0.5713696002960205,2.2015342712402344,0.30153427124023446
207.22812628746033,-0.005918432399630547,-0.5670205593109131,2.1840932846069334,0.2840932846069335
207.2611825466156,-0.006333869695663452,-0.5715492248535157,2.2016538619995116,0.3016538619995117
207.29415941238403,-0.006333869695663452,-0.5715492248535157,2.2016538619995116,0.3016538619995117
207.3271927833557,-0.006687958538532257,-0.5803670883178711,2.23551025390625,0.33551025390625
207.3598828315735,-0.005934346094727516,-0.5739167213439942,2.212189865112305,0.31218986511230495
207.3928623199463,-0.006021931394934654,-0.5784583568572998,2.2286314010620116,0.3286314010620117
207.4258337020874,-0.0061595156788825985,-0.5796013832092285,2.23300724029541,0.33300724029541007
207.45932412147522,-0.005924353003501892,-0.5768369674682617,2.2227331161499024,0.3227331161499025
207.49236965179443,-0.005961919575929642,-0.5823802947998047,2.243672180175781,0.34367218017578116
207.52487683296204,-0.005888152495026588,-0.5756875038146972,2.2181943893432616,0.3181943893432617
207.5584876537323,-0.005946226790547371,-0.5783120155334472,2.228011131286621,0.3280111312866212
207.5908544063568,-0.005912256985902786,-0.5607743740081788,2.159887504577637,0.259887504577637
207.62413263320923,-0.005912256985902786,-0.5607743740081788,2.159887504577637,0.259887504577637
207.65687608718872,-0.006055166944861412,-0.5791786193847657,2.2315542221069338,0.33155422210693386
207.6898376941681,-0.006218972802162171,-0.5798948764801025,2.23375244140625,0.33375244140625027
207.72269439697266,-0.0057852774858474735,-0.5742496967315673,2.211782455444336,0.311782455444336
207.75589799880981,-0.006236671656370163,-0.5777100563049317,2.225137138366699,0.3251371383666992
207.78902387619019,-0.006385954469442368,-0.5806272983551025,2.2368173599243164,0.3368173599243165
207.82193732261658,-0.005940727517008781,-0.5708213329315186,2.199214553833008,0.299214553833008
207.85473251342773,-0.0061462119221687315,-0.5750980377197266,2.2155988693237303,0.3155988693237304
207.887836933136,-0.0059107780456542965,-0.5729146003723145,2.2073205947875976,0.30732059478759766
207.92094469070435,-0.006127677485346794,-0.5853664398193359,2.255222702026367,0.3552227020263672
207.95391964912415,-0.006127677485346794,-0.5853664398193359,2.255222702026367,0.3552227020263672
207.98772597312927,-0.005783829092979431,-0.5751587390899658,2.2165863037109377,0.31658630371093777
208.02047872543335,-0.006024694070219994,-0.5725417137145996,2.2065500259399413,0.3065500259399414
208.05272483825684,-0.006024694070219994,-0.5725417137145996,2.2065500259399413,0.3065500259399414
208.0859317779541,-0.006080717220902443,-0.5696281433105469,2.1952184677124023,0.29521846771240234
208.11885905265808,-0.006149774789810181,-0.5670751094818115,2.185062789916992,0.2850627899169922
208.15197253227234,-0.005855212360620499,-0.5606330871582031,2.1595632553100588,0.25956325531005886
208.18462109565735,-0.005907050147652626,-0.5708271980285644,2.1986324310302736,0.2986324310302737
208.21779823303223,-0.005741835758090019,-0.5746964454650879,2.2137725830078123,0.3137725830078124
208.25093150138855,-0.005741835758090019,-0.5746964454650879,2.2137725830078123,0.3137725830078124
208.28386163711548,-0.005879071727395058,-0.5684918403625489,2.1895408630371094,0.28954086303710946
208.3171272277832,-0.005885323137044906,-0.5773524284362793,2.2240034103393556,0.32400341033935565
208.34981966018677,-0.005885323137044906,-0.5773524284362793,2.2240034103393556,0.32400341033935565
208.38458371162415,-0.005854349583387375,-0.57888765335083,2.2297025680541993,0.3297025680541994
208.4156243801117,-0.005816563963890076,-0.5622788906097412,2.1662294387817385,0.26622943878173855
208.44926643371582,-0.006038837879896164,-0.5682106971740722,2.1888282775878904,0.28882827758789054
208.48219513893127,-0.006038837879896164,-0.5682106971740722,2.1888282775878904,0.28882827758789054
208.51525378227234,-0.006028961762785912,-0.5785676956176757,2.228742218017578,0.3287422180175783
208.54808855056763,-0.005822239071130752,-0.570320463180542,2.197230911254883,0.297230911254883
208.58130621910095,-0.005822239071130752,-0.570320463180542,2.197230911254883,0.297230911254883
208.61437368392944,-0.00602867417037487,-0.5732071876525879,2.208317756652832,0.3083177566528321
208.64720821380615,-0.00602867417037487,-0.5732071876525879,2.208317756652832,0.3083177566528321
208.6797149181366,-0.005891163647174835,-0.5704666614532471,2.1978271484375,0.2978271484374999
208.71320271492004,-0.005891163647174835,-0.5704666614532471,2.1978271484375,0.2978271484374999
208.74647998809814,-0.005944704264402389,-0.5783254146575928,2.2298521041870116,0.3298521041870117
208.77891182899475,-0.006041654571890831,-0.5821218013763427,2.2431068420410156,0.3431068420410157
208.81186151504517,-0.006013106182217598,-0.5777129650115966,2.2261966705322265,0.32619667053222656
208.84522700309753,-0.006013106182217598,-0.5777129650115966,2.2261966705322265,0.32619667053222656
208.87817215919495,-0.005972733348608017,-0.5807724952697754,2.23814697265625,0.33814697265625027
208.91092562675476,-0.0058523740619421,-0.5713544845581054,2.2021148681640623,0.3021148681640624
208.9441168308258,-0.005718331411480903,-0.5725435733795166,2.206046485900879,0.3060464859008789
208.97708582878113,-0.005840562283992767,-0.5685588359832764,2.1913251876831055,0.29132518768310556
209.0099380016327,-0.005689713731408119,-0.5770519256591797,2.222864532470703,0.3228645324707031
209.04352068901062,-0.005653349310159683,-0.5708828449249268,2.1988622665405275,0.2988622665405276
209.07602334022522,-0.005746572464704514,-0.5759448528289794,2.2189395904541014,0.3189395904541015
209.10889792442322,-0.006086085736751556,-0.5803304672241211,2.2360931396484376,0.3360931396484377
209.14222884178162,-0.005778858438134193,-0.5739830017089844,2.211452102661133,0.311452102661133
209.17537021636963,-0.005602477863430977,-0.5736035346984864,2.210704040527344,0.310704040527344
209.20791387557983,-0.00588541328907013,-0.580320405960083,2.236524772644043,0.33652477264404324
209.24072647094727,-0.005714711546897888,-0.5770754814147949,2.2227140426635743,0.3227140426635744
209.2739496231079,-0.005714711546897888,-0.5770754814147949,2.2227140426635743,0.3227140426635744
209.30689454078674,-0.005963412672281265,-0.5725706100463868,2.206974983215332,0.3069749832153321
209.33976292610168,-0.005868050456047058,-0.5792456150054932,2.2313798904418944,0.33137989044189453
209.37294745445251,-0.005868050456047058,-0.5792456150054932,2.2313798904418944,0.33137989044189453
209.406076669693,-0.00558665357530117,-0.5719864368438721,2.2033065795898437,0.30330657958984375
209.43878197669983,-0.005904817208647728,-0.5706621646881104,2.198505973815918,0.29850597381591815
209.4719865322113,-0.005904817208647728,-0.5706621646881104,2.198505973815918,0.29850597381591815
209.50484037399292,-0.006198899447917938,-0.5858677387237549,2.2575401306152343,0.3575401306152344
209.53781056404114,-0.00596628449857235,-0.574568223953247,2.2139719009399412,0.3139719009399413
209.5710005760193,-0.006314758211374283,-0.5719409465789795,2.204725646972656,0.30472564697265625
209.60459327697754,-0.006221048906445504,-0.5784198760986328,2.2294960021972656,0.3294960021972657
209.63683128356934,-0.005885028094053268,-0.5616061687469482,2.1638965606689453,0.2638965606689454
209.66986894607544,-0.005994673818349838,-0.5866700649261475,2.2609472274780273,0.36094722747802743
209.70385217666626,-0.0060792315751314165,-0.5835498332977295,2.248737335205078,0.3487373352050782
209.73642301559448,-0.005765772238373756,-0.576449966430664,2.2212133407592773,0.32121334075927743
209.7690556049347,-0.00573604553937912,-0.5736587524414063,2.2105430603027343,0.3105430603027344
209.80181574821472,-0.005661517381668091,-0.576505470275879,2.221683692932129,0.3216836929321292
209.83481526374817,-0.005733974277973175,-0.5742354393005371,2.2132356643676756,0.3132356643676757
209.8678162097931,-0.006177011504769325,-0.5808825492858887,2.2390615463256838,0.33906154632568386
209.90104985237122,-0.006165898591279984,-0.5797380924224853,2.234348106384277,0.33434810638427725
209.93384528160095,-0.006130577996373177,-0.571621036529541,2.203480529785156,0.30348052978515616
209.96689701080322,-0.006065349280834198,-0.5798162460327149,2.234488868713379,0.3344888687133789
210.00036549568176,-0.006141214817762375,-0.5654442310333252,2.1786819458007813,0.2786819458007814
210.03302693367004,-0.005995431542396545,-0.5750665664672852,2.2153594970703123,0.3153594970703124
210.06616234779358,-0.00577998086810112,-0.5739953994750977,2.2115779876708985,0.3115779876708986
210.0994210243225,-0.0058432288467884065,-0.5730166435241699,2.20725154876709,0.30725154876708993
210.13237023353577,-0.006089779362082481,-0.5788075447082519,2.2294553756713866,0.3294553756713867
210.16530513763428,-0.0057922743260860445,-0.5758871555328369,2.2181842803955076,0.3181842803955077
210.1982364654541,-0.0055910076946020125,-0.56981201171875,2.1951122283935547,0.2951122283935548
210.23156833648682,-0.005674523115158081,-0.5709975719451904,2.19980525970459,0.29980525970458993
210.26433420181274,-0.005782183259725571,-0.5784358501434326,2.2291770935058595,0.32917709350585955
210.29715824127197,-0.005934014916419983,-0.5759033203125,2.2187267303466798,0.31872673034667987
210.3303279876709,-0.005943994596600532,-0.5672914505004882,2.1863542556762696,0.2863542556762697
210.36364555358887,-0.00621616505086422,-0.578142499923706,2.2285547256469727,0.32855472564697275
210.396080493927,-0.0060360487550497055,-0.5725776195526123,2.2071727752685546,0.3071727752685547
210.42876768112183,-0.005745121091604233,-0.5733616352081299,2.209268569946289,0.30926856994628915
210.46234273910522,-0.005775220692157745,-0.5771667957305908,2.2249404907226564,0.3249404907226565
210.49507069587708,-0.005673081055283547,-0.5703417301177979,2.1983823776245117,0.2983823776245118
210.52792596817017,-0.005848446860909462,-0.5743496417999268,2.213907814025879,0.3139078140258791
210.56094694137573,-0.005884994938969612,-0.5817119598388671,2.243251609802246,0.343251609802246
210.5939700603485,-0.005778740346431732,-0.5770569324493409,2.2251117706298826,0.3251117706298827
210.62713050842285,-0.00581161230802536,-0.5724452018737793,2.206920051574707,0.30692005157470703
210.6601104736328,-0.0057761650532484055,-0.5782341003417969,2.229302978515625,0.3293029785156252
210.69316792488098,-0.005902484059333801,-0.5794391632080078,2.234427833557129,0.3344278335571289
210.72638154029846,-0.005811022594571114,-0.5716945648193359,2.2036867141723633,0.30368671417236337
210.75933456420898,-0.005904380604624749,-0.5781973838806153,2.2285224914550783,0.3285224914550784
210.79211926460266,-0.005777090415358543,-0.5812972068786622,2.2402107238769533,0.3402107238769534
210.8254201412201,-0.005917656049132347,-0.5840404987335205,2.2500961303710936,0.35009613037109366
210.85781836509705,-0.005522705242037773,-0.5722319602966308,2.2044967651367187,0.30449676513671875
210.89127373695374,-0.005698599293828011,-0.5703485488891602,2.197071075439453,0.2970710754394532
210.92430353164673,-0.005879795551300049,-0.5702279567718506,2.1969020843505858,0.29690208435058585
210.95699095726013,-0.005893584713339806,-0.5741453647613526,2.211880111694336,0.31188011169433594
210.98981595039368,-0.0058746132999658585,-0.5742056369781494,2.2122770309448243,0.3122770309448244
211.02282190322876,-0.005819109454751015,-0.5654414653778076,2.1780488967895506,0.2780488967895507
211.0558261871338,-0.006054027751088142,-0.5808722496032714,2.237681198120117,0.3376811981201171
211.08894157409668,-0.005900393426418305,-0.5761853218078613,2.2203962326049806,0.32039623260498074
211.12183833122253,-0.006172201409935951,-0.5755377292633057,2.2185104370117186,0.31851043701171866
211.1549904346466,-0.006187567487359047,-0.5739000797271728,2.2118820190429687,0.31188201904296875
211.1879177093506,-0.005889146775007248,-0.5737356185913086,2.2108179092407227,0.31081790924072283
211.22177028656006,-0.005784384161233902,-0.5752915859222412,2.217388153076172,0.31738815307617196
211.2539291381836,-0.005853153392672538,-0.5764290809631347,2.2220808029174806,0.32208080291748065
211.28675317764282,-0.00565127395093441,-0.5768396377563476,2.223848342895508,0.3238483428955079
211.3198597431183,-0.00581439808011055,-0.5750401973724365,2.2166749954223635,0.31667499542236355
211.35274505615234,-0.006004899367690086,-0.5824525356292725,2.245705223083496,0.34570522308349627
211.3856999874115,-0.006219719722867012,-0.5805598735809326,2.238737869262695,0.3387378692626952
211.41881155967712,-0.0060068022459745405,-0.5729447841644287,2.2092521667480467,0.3092521667480468
211.451993227005,-0.0060068022459745405,-0.5729447841644287,2.2092521667480467,0.3092521667480468
211.4851803779602,-0.006161272898316384,-0.5821349143981933,2.2446477890014647,0.34464778900146475
211.51783657073975,-0.006033545732498169,-0.5834404468536377,2.248750114440918,0.34875011444091797
211.55089592933655,-0.006033545732498169,-0.5834404468536377,2.248750114440918,0.34875011444091797
211.58383560180664,-0.005981061980128289,-0.5723817348480225,2.2053752899169923,0.30537528991699237
211.61691093444824,-0.005981061980128289,-0.5723817348480225,2.2053752899169923,0.30537528991699237
211.6501362323761,-0.006036844477057457,-0.5734586715698242,2.2102346420288086,0.3102346420288087
211.68330788612366,-0.006151242554187775,-0.5720229625701905,2.2039417266845702,0.3039417266845703
211.71626210212708,-0.0063079044222831724,-0.5749542713165283,2.2161426544189453,0.3161426544189454
211.7492754459381,-0.006021585687994957,-0.5677250862121582,2.1883888244628906,0.2883888244628907
211.7820246219635,-0.006021585687994957,-0.5677250862121582,2.1883888244628906,0.2883888244628907
211.81479167938232,-0.006257247924804687,-0.5710932731628418,2.201457977294922,0.30145797729492196
211.84784865379333,-0.006204979494214058,-0.5734329223632812,2.2100055694580076,0.3100055694580077
211.881112575531,-0.005942340940237045,-0.577450180053711,2.224820137023926,0.32482013702392587
211.91401839256287,-0.005942340940237045,-0.577450180053711,2.224820137023926,0.32482013702392587
211.94753527641296,-0.006264297664165497,-0.577273941040039,2.2239711761474608,0.32397117614746085
211.98031449317932,-0.005859673023223877,-0.5731283664703369,2.209470748901367,0.3094707489013673
212.0132839679718,-0.0061250653117895125,-0.5708959579467774,2.2000341415405273,0.30003414154052743
212.04631352424622,-0.006282217800617218,-0.5788108825683593,2.2304683685302735,0.3304683685302736
212.07931995391846,-0.006110433861613274,-0.5682628631591797,2.190410614013672,0.29041061401367196
212.1121642589569,-0.006035890802741051,-0.578918743133545,2.23115234375,0.3311523437499999
212.1454918384552,-0.006035890802741051,-0.578918743133545,2.23115234375,0.3311523437499999
212.1784384250641,-0.0062911659479141235,-0.5784270763397217,2.230855178833008,0.3308551788330081
212.21157693862915,-0.006341670453548431,-0.572151517868042,2.206690216064453,0.3066902160644531
212.24421572685242,-0.006218715757131577,-0.576718521118164,2.224852180480957,0.3248521804809572
212.27712297439575,-0.006284285336732864,-0.5725259780883789,2.2084371566772463,0.30843715667724636
212.3105251789093,-0.006107407808303833,-0.5740122318267822,2.2142030715942385,0.31420307159423855
212.343177318573,-0.0056074392050504684,-0.5732797622680664,2.210995101928711,0.31099510192871094
212.375958442688,-0.005893578752875328,-0.5830789089202881,2.247625160217285,0.34762516021728507
212.40944600105286,-0.005735626816749573,-0.57048659324646,2.1990341186523437,0.29903411865234375
212.44229745864868,-0.005735626816749573,-0.57048659324646,2.1990341186523437,0.29903411865234375
212.47484421730042,-0.00612613782286644,-0.577595329284668,2.226540374755859,0.3265403747558593
212.50807881355286,-0.00612613782286644,-0.577595329284668,2.226540374755859,0.3265403747558593
212.54136681556702,-0.0062615834176540375,-0.5710859775543213,2.2028451919555665,0.3028451919555666
212.57442808151245,-0.0062615834176540375,-0.5710859775543213,2.2028451919555665,0.3028451919555666
212.60727787017822,-0.006373754888772965,-0.5680530071258545,2.1915519714355467,0.2915519714355468
212.6404836177826,-0.006195078790187836,-0.5727713584899903,2.210037422180176,0.31003742218017605
212.67416644096375,-0.006339825689792633,-0.5748487949371338,2.2165260314941406,0.3165260314941407
212.7069330215454,-0.00580408088862896,-0.5740913867950439,2.21398868560791,0.31398868560791016
212.73958587646484,-0.005964187905192375,-0.5688852787017822,2.1935991287231444,0.29359912872314453
212.7724997997284,-0.006271851062774658,-0.5821023941040039,2.2442623138427735,0.3442623138427736
212.80517578125,-0.005811397358775139,-0.5648783683776856,2.1782955169677733,0.27829551696777344
212.83894634246826,-0.005870135873556137,-0.5780200958251953,2.2283945083618164,0.3283945083618165
212.8713858127594,-0.005792441219091416,-0.5773277759552002,2.2268905639648438,0.32689056396484384
212.9042456150055,-0.005938900634646416,-0.5748971939086914,2.217273712158203,0.3172737121582032
212.9369876384735,-0.006125057116150856,-0.5754300117492676,2.220799446105957,0.3207994461059571
212.96989607810974,-0.006418886035680771,-0.5719332218170166,2.2077884674072266,0.30778846740722665
213.00344491004944,-0.006336929649114609,-0.5673276901245117,2.1898427963256837,0.28984279632568377
213.03590059280396,-0.006009308248758316,-0.5674470424652099,2.1911916732788086,0.2911916732788087
213.06895232200623,-0.006081618741154671,-0.5634953498840332,2.1761823654174806,0.27618236541748065
213.1019411087036,-0.006157313659787178,-0.5740354537963868,2.2159080505371094,0.31590805053710946
213.1348135471344,-0.005940602347254753,-0.5673459529876709,2.1896030426025392,0.28960304260253933
213.16793417930603,-0.005980517715215683,-0.5765729427337647,2.224233627319336,0.324233627319336
213.20178818702698,-0.006014299020171166,-0.5791365146636963,2.233267974853516,0.3332679748535159
213.23421096801758,-0.005952224135398865,-0.5828968048095703,2.2480287551879883,0.34802875518798837
213.26704049110413,-0.0058040950447320935,-0.5746907711029052,2.216231918334961,0.3162319183349611
213.29977941513062,-0.006068912148475647,-0.575046443939209,2.2178874969482423,0.31788749694824237
213.3328459262848,-0.005911822989583015,-0.5728755474090577,2.210467720031738,0.3104677200317383
213.36591291427612,-0.006165178120136261,-0.5737125873565674,2.2132841110229493,0.3132841110229494
213.3989601135254,-0.006065370887517929,-0.563487195968628,2.174901580810547,0.27490158081054705
213.43230056762695,-0.005845656618475914,-0.5697288036346435,2.199222946166992,0.2992229461669922
213.46572041511536,-0.0061201989650726315,-0.5730902671813964,2.2137184143066406,0.3137184143066407
213.4989037513733,-0.005831530317664146,-0.5760540008544922,2.2222204208374023,0.32222042083740243
213.5309009552002,-0.005895969644188881,-0.5815935134887695,2.2426145553588865,0.34261455535888663
213.56428122520447,-0.005715785920619965,-0.5765460014343262,2.2224651336669923,0.32246513366699237
213.5969421863556,-0.005769152566790581,-0.5726865768432617,2.2078454971313475,0.30784549713134757
213.63078689575195,-0.005798846855759621,-0.5717315673828125,2.2023693084716798,0.30236930847167987
213.66294813156128,-0.005880146101117134,-0.5775446414947509,2.226847267150879,0.3268472671508791
213.69670915603638,-0.005820083990693092,-0.5754030227661133,2.218840789794922,0.31884078979492214
213.72957134246826,-0.00601561889052391,-0.582321310043335,2.2458059310913088,0.34580593109130886
213.76263904571533,-0.00641869455575943,-0.5801482200622559,2.2365324020385744,0.3365324020385745
213.79562044143677,-0.005969171971082687,-0.5738869667053222,2.212734413146973,0.3127344131469729
213.82852220535278,-0.005981113016605377,-0.5723777770996094,2.2070638656616213,0.30706386566162136
213.86154007911682,-0.005848263204097748,-0.5763700008392334,2.222506523132324,0.3225065231323243
213.89454770088196,-0.005821073427796364,-0.5692316055297851,2.1944915771484377,0.29449157714843777
213.92788457870483,-0.0058864962309598924,-0.5679199695587158,2.188306427001953,0.2883064270019533
213.9609410762787,-0.0057813189923763275,-0.5759299278259278,2.2199771881103514,0.3199771881103515
213.9943323135376,-0.005817941576242447,-0.5795907974243164,2.234078025817871,0.33407802581787127
214.02664518356323,-0.005865301191806793,-0.5760496139526368,2.2200176239013674,0.32001762390136745
214.05990743637085,-0.0059678774327039715,-0.5774765014648438,2.226812553405762,0.326812553405762
214.09286212921143,-0.005785210430622101,-0.5714518070220947,2.20253963470459,0.3025396347045901
214.1260004043579,-0.006237706914544105,-0.5688155651092529,2.1922189712524416,0.2922189712524417
214.15894174575806,-0.006187392398715019,-0.5740939617156983,2.2130489349365234,0.3130489349365235
214.19152736663818,-0.006086258217692375,-0.568714714050293,2.192562484741211,0.29256248474121094
214.22489500045776,-0.006009047105908394,-0.5625702381134033,2.169236946105957,0.26923694610595694
214.25770950317383,-0.00599462129175663,-0.5761635780334473,2.2205312728881834,0.3205312728881835
214.29067397117615,-0.005972733348608017,-0.5807724952697754,2.23814697265625,0.33814697265625027
214.3232729434967,-0.005828753486275673,-0.5752884387969971,2.2165559768676757,0.3165559768676758
214.3561749458313,-0.00620834156870842,-0.5791364192962647,2.232662582397461,0.33266258239746094
214.38937759399414,-0.005875802040100098,-0.5767215251922607,2.2235858917236326,0.3235858917236327
214.42217540740967,-0.005845381692051887,-0.5687448501586914,2.1921197891235353,0.2921197891235354
214.45483994483948,-0.005916339531540871,-0.574140977859497,2.213569450378418,0.3135694503784179
214.4881751537323,-0.00583411417901516,-0.5776850700378418,2.227448844909668,0.32744884490966797
214.5212893486023,-0.0058124780654907225,-0.569174337387085,2.1950111389160156,0.2950111389160157
214.5540611743927,-0.0060039423406124115,-0.579503870010376,2.2345985412597655,0.3345985412597656
214.58719968795776,-0.005931946635246277,-0.5822099208831787,2.2456499099731446,0.3456499099731447
214.61999487876892,-0.006311544775962829,-0.5729092121124267,2.2100669860839846,0.31006698608398464
214.6532211303711,-0.006083478406071663,-0.5699732780456543,2.1978839874267577,0.2978839874267578
214.6858639717102,-0.006160926818847656,-0.5751069545745849,2.2183156967163087,0.31831569671630877
214.71889781951904,-0.006123046949505806,-0.5730368137359619,2.2097402572631837,0.30974025726318377
214.75192618370056,-0.0061108596622943875,-0.5663091659545898,2.1848020553588867,0.2848020553588868
214.78540587425232,-0.0061835009604692456,-0.5743759632110595,2.2153186798095703,0.3153186798095704
214.81770706176758,-0.005933450907468796,-0.5708238124847412,2.201551818847656,0.30155181884765625
214.85081601142883,-0.006039855256676674,-0.5790751457214356,2.2335111618041994,0.3335111618041995
214.88375735282898,-0.005991066992282868,-0.576960563659668,2.2260128021240235,0.3260128021240236
214.917298078537,-0.005930253863334655,-0.5784009456634521,2.2314216613769533,0.3314216613769534
214.9500629901886,-0.005997560173273087,-0.5787547588348388,2.232185935974121,0.33218593597412127
214.98323035240173,-0.005910538509488106,-0.5769339084625245,2.225943183898926,0.32594318389892596
215.0161747932434,-0.005910538509488106,-0.5769339084625245,2.225943183898926,0.32594318389892596
215.0490095615387,-0.006043336540460587,-0.5755359649658203,2.219524955749512,0.3195249557495119
215.08172750473022,-0.006014540046453476,-0.5680099487304687,2.1913171768188477,0.29131717681884783
215.11490321159363,-0.006456068903207779,-0.5757463455200196,2.2212158203125,0.3212158203125002
215.14782619476318,-0.005981973931193351,-0.5717474460601807,2.2051713943481444,0.30517139434814444
215.18104910850525,-0.006030230969190598,-0.5740827083587646,2.2140069961547852,0.31400699615478533
215.21364378929138,-0.006228251010179519,-0.5711867332458496,2.203227996826172,0.30322799682617196
215.24693846702576,-0.006228251010179519,-0.5711867332458496,2.203227996826172,0.30322799682617196
215.2798089981079,-0.005943647027015686,-0.5768693923950196,2.2252574920654298,0.32525749206542987
215.31310629844666,-0.005802068114280701,-0.5761874675750732,2.2222579956054687,0.32225799560546875
215.34635829925537,-0.0058163836598396305,-0.5735505104064942,2.2117755889892576,0.3117755889892577
215.37925219535828,-0.005647071078419686,-0.5658390045166015,2.1814626693725585,0.2814626693725586
215.4123351573944,-0.0058396168053150175,-0.5802177429199219,2.2363548278808594,0.33635482788085946
215.4452679157257,-0.005986480042338371,-0.5601184368133545,2.1590551376342773,0.25905513763427734
215.47795987129211,-0.006261185556650162,-0.5735512733459472,2.2100276947021484,0.3100276947021485
215.51105856895447,-0.006387607008218765,-0.5672842025756836,2.1859296798706054,0.28592967987060547
215.54389119148254,-0.006374531239271164,-0.5694519996643066,2.193730354309082,0.2937303543090821
215.5773322582245,-0.006374531239271164,-0.5694519996643066,2.193730354309082,0.2937303543090821
215.6117651462555,-0.006543821841478348,-0.5709744930267334,2.199721336364746,0.2997213363647462
215.6441833972931,-0.00643271654844284,-0.5755890846252442,2.2175533294677736,0.3175533294677737
215.67719340324402,-0.0058666042983531955,-0.5623470306396484,2.166822814941406,0.26682281494140625
215.71021676063538,-0.006381373107433319,-0.5831116676330567,2.2466333389282225,0.34663333892822257
215.74300265312195,-0.0059834100306034085,-0.5746476650238037,2.214621925354004,0.3146219253540039
215.7761607170105,-0.006087049841880798,-0.5837467670440674,2.2498159408569336,0.3498159408569337
215.80926179885864,-0.005996687337756157,-0.5651237010955811,2.1772796630859377,0.27727966308593777
215.84253072738647,-0.0058630391955375675,-0.5721908569335937,2.204390525817871,0.3043905258178712
215.874746799469,-0.006279080361127854,-0.5744687080383301,2.2143726348876953,0.3143726348876954
215.90770077705383,-0.005958601087331772,-0.5588216304779052,2.1531373977661135,0.25313739776611355
215.94052624702454,-0.0065715588629245755,-0.5755281925201416,2.2173933029174804,0.31739330291748047
215.97333335876465,-0.006564468890428543,-0.5804479122161865,2.236511993408203,0.33651199340820304
216.00665259361267,-0.006564468890428543,-0.5804479122161865,2.236511993408203,0.33651199340820304
216.03922176361084,-0.005906740576028824,-0.5715729236602783,2.2019304275512694,0.30193042755126953
216.07242512702942,-0.005906740576028824,-0.5715729236602783,2.2019304275512694,0.30193042755126953
216.1052758693695,-0.006243658810853958,-0.5660549163818359,2.181617546081543,0.2816175460815429
216.13839554786682,-0.006293787062168122,-0.5773509025573731,2.2243488311767576,0.3243488311767577
216.17126083374023,-0.006250135600566864,-0.5825563907623291,2.2447633743286133,0.34476337432861337
216.20439052581787,-0.00609801672399044,-0.5789899349212646,2.2319671630859377,0.33196716308593777
216.2375717163086,-0.00609801672399044,-0.5789899349212646,2.2319671630859377,0.33196716308593777
216.27020168304443,-0.006216694042086602,-0.5717408180236816,2.2029781341552734,0.3029781341552735
216.30333757400513,-0.006184589117765427,-0.5786063194274902,2.2295522689819336,0.3295522689819337
216.33644366264343,-0.006298179179430008,-0.5748525619506836,2.2150035858154298,0.31500358581542987
216.36976170539856,-0.006298179179430008,-0.5748525619506836,2.2150035858154298,0.31500358581542987
216.40242719650269,-0.006487929821014404,-0.5728328704833985,2.207027053833008,0.307027053833008
216.43517017364502,-0.006285353004932404,-0.5630579948425293,2.168883514404297,0.26888351440429714
216.46839332580566,-0.005951655656099319,-0.5609071254730225,2.16110782623291,0.26110782623291007
216.50086212158203,-0.006082242354750633,-0.5783315181732178,2.2276382446289062,0.32763824462890634
216.5346519947052,-0.006007022783160209,-0.5669007301330566,2.1839107513427733,0.28391075134277344
216.56693077087402,-0.006063495576381683,-0.5745300769805908,2.213500213623047,0.31350021362304714
216.5998547077179,-0.006200528144836426,-0.577928113937378,2.226297950744629,0.3262979507446291
216.63342308998108,-0.006235257908701897,-0.5710636138916015,2.2000394821166993,0.3000394821166994
216.6661343574524,-0.006070702150464058,-0.5642805576324463,2.1740283966064453,0.2740283966064454
216.6989622116089,-0.006138177588582039,-0.5617562770843506,2.163814735412598,0.2638147354125979
216.73190665245056,-0.006042386218905449,-0.5629109382629395,2.169124412536621,0.269124412536621
216.7650544643402,-0.006042386218905449,-0.5629109382629395,2.169124412536621,0.269124412536621
216.79837608337402,-0.00612586997449398,-0.567165470123291,2.185373878479004,0.2853738784790041
216.83099579811096,-0.005959618091583252,-0.5636861801147461,2.171347808837891,0.2713478088378909
216.86408042907715,-0.0063133686780929565,-0.573117446899414,2.207492446899414,0.30749244689941424
216.89690613746643,-0.0062526270747184755,-0.5751931190490722,2.2167757034301756,0.3167757034301757
216.92984747886658,-0.00609455443918705,-0.5733337879180909,2.2089536666870115,0.30895366668701163
216.96313309669495,-0.006200860813260078,-0.5704051971435546,2.1980504989624023,0.29805049896240243
216.99618244171143,-0.006143150106072426,-0.5696205615997314,2.196069526672363,0.2960695266723632
217.02935147285461,-0.006208203732967377,-0.5682509899139404,2.1897304534912108,0.28973045349121085
217.0627248287201,-0.006022776663303375,-0.5662495613098144,2.1814451217651367,0.2814451217651368
217.09554195404053,-0.005983117967844009,-0.5686009407043457,2.190851020812988,0.2908510208129882
217.1283414363861,-0.006000574305653572,-0.564385175704956,2.1748432159423827,0.2748432159423828
217.1617295742035,-0.005869529396295548,-0.5757523059844971,2.2193185806274416,0.3193185806274417
217.1945834159851,-0.0061666790395975115,-0.5680363178253174,2.1886672973632812,0.28866729736328134
217.2283420562744,-0.0060677360743284225,-0.5728748321533204,2.207529640197754,0.3075296401977541
217.2606692314148,-0.006209169700741768,-0.5687777042388916,2.1912723541259767,0.29127235412597674
217.29314851760864,-0.0061487797647714615,-0.5760217189788819,2.219311332702637,0.3193113327026369
217.32635402679443,-0.005889075249433518,-0.5695395469665527,2.194661521911621,0.2946615219116211
217.35948824882507,-0.005922498553991318,-0.5721048831939697,2.204610824584961,0.304610824584961
217.39242315292358,-0.006231470406055451,-0.567930793762207,2.1880685806274416,0.2880685806274417
217.42539858818054,-0.006321896612644195,-0.5814778327941894,2.2405221939086912,0.3405221939086913
217.45841789245605,-0.0060146767646074295,-0.5726570129394531,2.2078777313232423,0.30787773132324237
217.49134945869446,-0.005795977264642716,-0.5696871757507325,2.1954471588134767,0.29544715881347683
217.52456760406494,-0.006181013956665993,-0.5853499889373779,2.256229591369629,0.3562295913696292
217.55742478370667,-0.006023680046200752,-0.5675234794616699,2.1866966247558595,0.28669662475585955
217.590416431427,-0.006232183426618576,-0.579609489440918,2.2337827682495117,0.3337827682495118
217.6235694885254,-0.00612778402864933,-0.5701546192169189,2.1970006942749025,0.2970006942749026
217.656343460083,-0.006179151684045791,-0.5707499504089355,2.200148582458496,0.3001485824584962
217.68925738334656,-0.00602249763906002,-0.5664453983306885,2.1827823638916017,0.28278236389160183
217.7227602005005,-0.006111305207014084,-0.5710855960845947,2.200078773498535,0.30007877349853507
217.75571656227112,-0.00616244338452816,-0.5764406681060791,2.221983528137207,0.3219835281372072
217.78838086128235,-0.006200027465820312,-0.5712916374206543,2.201840400695801,0.30184040069580087
217.8215034008026,-0.006107505410909653,-0.5789330482482911,2.2304256439208983,0.33042564392089835
217.85456371307373,-0.0059119537472724915,-0.5827168464660645,2.244589614868164,0.344589614868164
217.88728189468384,-0.006213229894638061,-0.5704571723937988,2.1982494354248048,0.29824943542480487
217.91996264457703,-0.006190638989210129,-0.5771476268768311,2.2235530853271483,0.32355308532714844
217.95339012145996,-0.006262598186731338,-0.5769815444946289,2.223400688171387,0.3234006881713869
217.985915184021,-0.006171248480677604,-0.574912166595459,2.2156393051147463,0.31563930511474636
218.0199670791626,-0.006171248480677604,-0.574912166595459,2.2156393051147463,0.31563930511474636
218.05233454704285,-0.005883970856666565,-0.5669697761535645,2.1850507736206053,0.2850507736206054
218.08499431610107,-0.005852683261036873,-0.5602873802185059,2.1591400146484374,0.2591400146484375
218.11843395233154,-0.006316349655389786,-0.571520471572876,2.2021360397338867,0.3021360397338868
218.151620388031,-0.006316349655389786,-0.571520471572876,2.2021360397338867,0.3021360397338868
218.18440175056458,-0.0064012095332145694,-0.5787726402282715,2.230363464355469,0.3303634643554689
218.21721839904785,-0.0064012095332145694,-0.5787726402282715,2.230363464355469,0.3303634643554689
218.25023484230042,-0.0064145632088184355,-0.5831846714019775,2.247512626647949,0.34751262664794913
218.2833468914032,-0.006030343472957611,-0.5641692161560059,2.173785400390625,0.27378540039062527
218.31630396842957,-0.006260614097118378,-0.578356122970581,2.229140853881836,0.3291408538818361
218.3492307662964,-0.006278262287378311,-0.569887351989746,2.1967351913452147,0.29673519134521475
218.38236498832703,-0.006062323600053788,-0.571302080154419,2.201084327697754,0.3010843276977542
218.41529440879822,-0.0060140654444694516,-0.5680947780609131,2.1894887924194335,0.2894887924194336
218.44798398017883,-0.005901622772216797,-0.5730555534362793,2.208034324645996,0.308034324645996
218.48105454444885,-0.006086773425340653,-0.5695391654968261,2.194785308837891,0.2947853088378909
218.51401710510254,-0.005914674699306488,-0.5680426120758056,2.188397216796875,0.2883972167968749
218.54714608192444,-0.0059732235968112946,-0.5701956272125244,2.196578025817871,0.2965780258178712
218.58019995689392,-0.006074256449937821,-0.5797914505004883,2.2342748641967773,0.33427486419677743
218.613139629364,-0.006124740839004517,-0.5729946613311767,2.2077280044555665,0.3077280044555666
218.64623069763184,-0.006142240762710571,-0.5861763000488281,2.2585315704345703,0.3585315704345704
218.6788158416748,-0.00609276257455349,-0.5845266819000244,2.2522979736328126,0.3522979736328127
218.71213483810425,-0.006194360554218292,-0.5842775821685791,2.2518577575683594,0.35185775756835946
218.74525332450867,-0.006094698235392571,-0.584874439239502,2.253036117553711,0.3530361175537111
218.77844071388245,-0.006115836650133133,-0.5780317783355713,2.2269290924072265,0.32692909240722656
218.8110191822052,-0.005879922956228256,-0.5683881282806397,2.189766693115234,0.2897666931152343
218.8442063331604,-0.005989302694797516,-0.5677156448364258,2.1871341705322265,0.28713417053222656
218.8775520324707,-0.005863607302308083,-0.5704724788665771,2.1981222152709963,0.29812221527099636
218.910338640213,-0.005863607302308083,-0.5704724788665771,2.1981222152709963,0.29812221527099636
218.94325804710388,-0.005780366435647011,-0.5758950710296631,2.2183202743530273,0.31832027435302734
218.9763925075531,-0.006021591648459434,-0.5785877227783203,2.229093551635742,0.3290935516357423
219.0093252658844,-0.006021591648459434,-0.5785877227783203,2.229093551635742,0.3290935516357423
219.04217553138733,-0.0059937983751297,-0.5803295135498047,2.2363332748413085,0.3363332748413086
219.07522869110107,-0.005875183269381523,-0.5757158756256103,2.218256187438965,0.3182561874389651
219.10831809043884,-0.005960842967033387,-0.5713608264923096,2.2018850326538084,0.3018850326538085
219.14120483398438,-0.005949204042553902,-0.5771206378936767,2.224357795715332,0.3243577957153323
219.17419171333313,-0.0062081336975097655,-0.576204776763916,2.2199113845825194,0.31991138458251944
219.2068419456482,-0.006194071099162102,-0.5696649551391602,2.1949794769287108,0.29497947692871085
219.23984742164612,-0.005844390019774437,-0.5743741989135742,2.212896728515625,0.312896728515625
219.27288460731506,-0.005798677355051041,-0.5708319187164307,2.199369430541992,0.2993694305419923
219.30585527420044,-0.006118766590952873,-0.5771167278289795,2.2238325119018554,0.32383251190185547
219.33887457847595,-0.0057562366127967834,-0.5735353946685791,2.2095775604248047,0.3095775604248048
219.37223172187805,-0.005895401909947395,-0.5728635311126709,2.2078853607177735,0.3078853607177736
219.40496253967285,-0.005763386189937591,-0.573992395401001,2.211701583862305,0.31170158386230495
219.4379060268402,-0.005870317667722702,-0.5770453929901123,2.2239587783813475,0.32395877838134757
219.47139477729797,-0.006038837134838104,-0.5719190120697022,2.2038238525390623,0.3038238525390624
219.50444340705872,-0.006038837134838104,-0.5719190120697022,2.2038238525390623,0.3038238525390624
219.53751301765442,-0.006063196808099747,-0.5747363567352295,2.2142574310302736,0.3142574310302737
219.570077419281,-0.005972328782081604,-0.5724183559417725,2.2054542541503905,0.3054542541503906
219.6030969619751,-0.006007294729351997,-0.5755473613739014,2.2186513900756837,0.31865139007568377
219.6363489627838,-0.006007294729351997,-0.5755473613739014,2.2186513900756837,0.31865139007568377
219.66899371147156,-0.005736782774329185,-0.5747020244598389,2.2145048141479493,0.3145048141479494
219.70200848579407,-0.005737617984414101,-0.5755797386169433,2.217713737487793,0.31771373748779297
219.7353479862213,-0.005737617984414101,-0.5755797386169433,2.217713737487793,0.31771373748779297
219.76787972450256,-0.005923448130488396,-0.5660459518432617,2.1807529449462892,0.28075294494628933
219.8013150691986,-0.005923448130488396,-0.5660459518432617,2.1807529449462892,0.28075294494628933
219.83420658111572,-0.005714711546897888,-0.5770754814147949,2.2227140426635743,0.3227140426635744
219.86744713783264,-0.005741835758090019,-0.5746964454650879,2.2137725830078123,0.3137725830078124
219.90011882781982,-0.0057080347090959545,-0.5768990039825439,2.2224523544311525,0.3224523544311526
219.93287134170532,-0.0057080347090959545,-0.5768990039825439,2.2224523544311525,0.3224523544311526
219.96625328063965,-0.0060647398233413695,-0.5816101551055908,2.2415828704833984,0.3415828704833985
219.9994466304779,-0.005801420286297798,-0.572658634185791,2.2064136505126952,0.3064136505126953
220.03212094306946,-0.005993619188666343,-0.5829100131988525,2.2454202651977537,0.3454202651977538
220.0654468536377,-0.005993619188666343,-0.5829100131988525,2.2454202651977537,0.3454202651977538
220.09833002090454,-0.005784258246421814,-0.5769777774810791,2.223558807373047,0.3235588073730469
220.13155460357666,-0.005846188962459564,-0.5772111892700196,2.2238479614257813,0.3238479614257814
220.16426587104797,-0.006075722351670265,-0.5834081172943115,2.247772979736328,0.34777297973632804
220.19727563858032,-0.005693852156400681,-0.5749703407287597,2.2146059036254884,0.31460590362548846
220.23013067245483,-0.00628151074051857,-0.5790050029754639,2.230411338806152,0.33041133880615225
220.26347589492798,-0.006023864075541496,-0.5817393302917481,2.2408424377441407,0.3408424377441408
220.29604697227478,-0.006239068508148193,-0.5741228103637696,2.211587905883789,0.31158790588378915
220.3289921283722,-0.0062064480036497114,-0.580856466293335,2.2385690689086912,0.3385690689086913
220.36178970336914,-0.005822841078042984,-0.5668023586273193,2.183585357666016,0.2835853576660159
220.39473342895508,-0.006055906414985657,-0.5802179336547851,2.235081672668457,0.3350816726684571
220.42809295654297,-0.006055906414985657,-0.5802179336547851,2.235081672668457,0.3350816726684571
220.46126055717468,-0.006014953553676605,-0.5795712471008301,2.233013153076172,0.33301315307617196
220.49400520324707,-0.006072122231125831,-0.5683493137359619,2.1895776748657227,0.28957767486572283
220.5273356437683,-0.005854501202702522,-0.5749697208404541,2.2152631759643553,0.3152631759643554
220.5602855682373,-0.005893078818917275,-0.5742434501647949,2.212905502319336,0.3129055023193361
220.5928931236267,-0.006022902205586433,-0.5756629943847656,2.2182538986206053,0.3182538986206054
220.62583136558533,-0.00602097250521183,-0.5787413120269775,2.230525588989258,0.330525588989258
220.65934348106384,-0.005804607272148132,-0.5713016986846924,2.2016727447509767,0.30167274475097683
220.6921350955963,-0.006221248954534531,-0.58559250831604,2.256128120422363,0.3561281204223632
220.72475242614746,-0.0060695260763168335,-0.5723306179046631,2.205084228515625,0.305084228515625
220.7578570842743,-0.0060695260763168335,-0.5723306179046631,2.205084228515625,0.305084228515625
220.79079580307007,-0.005964034795761108,-0.5690082550048828,2.1922367095947264,0.2922367095947265
220.8238251209259,-0.006178185716271401,-0.587138319015503,2.2617910385131834,0.3617910385131835
220.8571560382843,-0.006080231443047523,-0.5767597198486328,2.2214111328125,0.3214111328125
220.8899369239807,-0.005855005234479904,-0.5743080139160156,2.212625503540039,0.31262550354003915
220.922856092453,-0.006054999306797981,-0.5816902637481689,2.240711212158203,0.3407112121582032
220.95597410202026,-0.005976037308573723,-0.5696975708007812,2.1945749282836915,0.2945749282836916
220.98883986473083,-0.005955488234758377,-0.5707352638244629,2.1987266540527344,0.29872665405273446
221.02208399772644,-0.00609470009803772,-0.5848742961883545,2.2530353546142576,0.3530353546142577
221.05519914627075,-0.006018991768360138,-0.5770517826080322,2.2229724884033204,0.3229724884033205
221.08804202079773,-0.006238746643066406,-0.5715024471282959,2.202132797241211,0.3021327972412111
221.1221718788147,-0.006112986803054809,-0.5693097114562988,2.193743133544922,0.2937431335449219
221.15409541130066,-0.006333848088979721,-0.5715471267700195,2.2016456604003904,0.30164566040039054
221.18682837486267,-0.005961296334862709,-0.5804605960845948,2.2368072509765624,0.3368072509765625
221.21992087364197,-0.005858736857771873,-0.5788969993591309,2.2301681518554686,0.33016815185546866
221.2530333995819,-0.0062188364565372465,-0.573084545135498,2.207831382751465,0.30783138275146493
221.28691172599792,-0.005962453782558441,-0.5797103404998779,2.2337358474731444,0.33373584747314444
221.3192961215973,-0.005865135788917541,-0.5792129516601563,2.231557083129883,0.3315570831298831
221.35239100456238,-0.006060219183564186,-0.5764623165130616,2.220993232727051,0.32099323272705105
221.3856053352356,-0.006255832314491272,-0.5682719230651856,2.189960479736328,0.2899604797363282
221.41848134994507,-0.006267374008893966,-0.5725764751434326,2.2061716079711915,0.3061716079711916
221.4511981010437,-0.006253237277269364,-0.5750844955444336,2.2152164459228514,0.3152164459228515
221.48449206352234,-0.006092472746968269,-0.5652702808380127,2.17767333984375,0.2776733398437501
221.5170817375183,-0.006248175725340843,-0.5752735137939453,2.216670036315918,0.31667003631591806
221.5501103401184,-0.006498709321022034,-0.5808678150177002,2.2383754730224608,0.33837547302246085
221.58341884613037,-0.005801567807793617,-0.5630541324615479,2.1694786071777346,0.26947860717773464
221.6162703037262,-0.005826865136623382,-0.5629264831542968,2.1684526443481444,0.26845264434814453
221.6488630771637,-0.006140067055821419,-0.5733426570892334,2.2082746505737303,0.3082746505737304
221.68183851242065,-0.00585002526640892,-0.5654752254486084,2.178385353088379,0.2783853530883791
221.71483635902405,-0.005823370814323425,-0.5737399578094482,2.2101556777954103,0.3101556777954104
221.7479875087738,-0.005909312888979912,-0.5750361442565918,2.215108871459961,0.315108871459961
221.7812123298645,-0.006187785789370537,-0.5683797359466553,2.190428352355957,0.2904283523559572
221.81396293640137,-0.006096844002604485,-0.5667220115661621,2.1833433151245116,0.2833433151245117
221.84742379188538,-0.006216875091195106,-0.5774125576019287,2.2256280899047853,0.3256280899047854
221.88048028945923,-0.006315077841281891,-0.5759323120117188,2.2190340042114256,0.3190340042114257
221.91317915916443,-0.006084183230996132,-0.5657769680023194,2.1798709869384765,0.27987098693847656
221.94628357887268,-0.005855224281549454,-0.560633659362793,2.159565544128418,0.25956554412841815
221.97944116592407,-0.006232260167598725,-0.5691991329193116,2.1929647445678713,0.29296474456787136
222.01214241981506,-0.005965520441532135,-0.5779533863067627,2.226583480834961,0.326583480834961
222.04532766342163,-0.006095399335026741,-0.5771898746490478,2.2236091613769533,0.3236091613769534
222.0782985687256,-0.005928431078791619,-0.5692148685455323,2.1929372787475585,0.2929372787475586
222.11089658737183,-0.005781839787960053,-0.5768070697784424,2.2224824905395506,0.3224824905395507
222.14418864250183,-0.00633261650800705,-0.5759997367858887,2.219029998779297,0.31902999877929705
222.1772859096527,-0.005922012031078339,-0.5669464588165283,2.1854734420776367,0.2854734420776368
222.20983028411865,-0.0058431137353181836,-0.5676246166229248,2.1864980697631835,0.2864980697631836
222.24307680130005,-0.005996466055512429,-0.5714081764221192,2.2020021438598634,0.30200214385986346
222.2759349346161,-0.006197184324264526,-0.574179744720459,2.212344169616699,0.3123441696166993
222.3091640472412,-0.005802279710769654,-0.57260103225708,2.206517791748047,0.30651779174804705
222.34195399284363,-0.005930694565176964,-0.5589338779449463,2.15350456237793,0.25350456237792995
222.37482047080994,-0.005832455307245255,-0.5724657535552978,2.20560302734375,0.30560302734375
222.40794825553894,-0.005780882760882377,-0.5654548645019531,2.178694152832031,0.27869415283203125
222.4413447380066,-0.006088324636220932,-0.5729684829711914,2.207273483276367,0.3072734832763673
222.47432827949524,-0.006204281002283096,-0.5723763942718506,2.2056060791015626,0.3056060791015627
222.50772833824158,-0.006044959649443626,-0.577815055847168,2.226063919067383,0.3260639190673831
222.54010105133057,-0.006034377962350845,-0.578432035446167,2.2286449432373048,0.32864494323730487
222.57317066192627,-0.006260614097118378,-0.578356122970581,2.229140853881836,0.3291408538818361
222.60636401176453,-0.005974818021059036,-0.5752463340759277,2.216733932495117,0.3167339324951173
222.63899493217468,-0.005735281482338905,-0.5714561462402343,2.201567268371582,0.3015672683715822
222.67204928398132,-0.0058418821543455126,-0.5686228752136231,2.1915262222290037,0.2915262222290038
222.7050712108612,-0.005935707688331604,-0.5780397415161133,2.2269805908203124,0.3269805908203125
222.73767280578613,-0.006222449988126755,-0.5776877880096436,2.2256601333618162,0.3256601333618163
222.77095675468445,-0.005842919275164604,-0.5695697784423828,2.1947669982910156,0.2947669982910157
222.80393767356873,-0.005842919275164604,-0.5695697784423828,2.1947669982910156,0.2947669982910157
222.8369164466858,-0.005994926020503044,-0.5764311790466309,2.221901702880859,0.3219017028808593
222.86983108520508,-0.006066622585058213,-0.5823863029479981,2.2440105438232423,0.34401054382324237
222.9033396244049,-0.005992132797837257,-0.5754939556121826,2.2170278549194338,0.31702785491943386
222.9356825351715,-0.00599382184445858,-0.5661401748657227,2.181565284729004,0.281565284729004
222.96999740600586,-0.006075404584407806,-0.562516736984253,2.16778450012207,0.2677845001220702
223.0018012523651,-0.0059704180806875225,-0.5822034358978272,2.2438175201416017,0.34381752014160183
223.03495979309082,-0.0059704180806875225,-0.5822034358978272,2.2438175201416017,0.34381752014160183
223.06843996047974,-0.005837942659854889,-0.5589711666107178,2.153734588623047,0.2537345886230469
223.10079646110535,-0.005837942659854889,-0.5589711666107178,2.153734588623047,0.2537345886230469
223.13435411453247,-0.006173518300056457,-0.577531385421753,2.22591552734375,0.3259155273437502
223.16689348220825,-0.005896118283271789,-0.5797823429107666,2.2339405059814452,0.3339405059814453
223.1999533176422,-0.006225677952170372,-0.573480749130249,2.2110023498535156,0.3110023498535157
223.23368048667908,-0.005842696502804756,-0.5687556743621827,2.191110038757324,0.2911100387573242
223.26638078689575,-0.006324004381895065,-0.5723917007446289,2.205280876159668,0.30528087615966815
223.2993974685669,-0.005827489122748375,-0.5822329521179199,2.2451313018798826,0.3451313018798827
223.33202242851257,-0.006112034991383552,-0.5764083385467529,2.220913314819336,0.32091331481933594
223.3649125099182,-0.006086034327745437,-0.5748285293579102,2.215902328491211,0.315902328491211
223.3980884552002,-0.0062874466180801395,-0.5714924812316895,2.202609825134277,0.30260982513427725
223.43080258369446,-0.006238528713583946,-0.5754663944244385,2.2174983978271485,0.3174983978271486
223.46416330337524,-0.006238528713583946,-0.5754663944244385,2.2174983978271485,0.3174983978271486
223.49686694145203,-0.006178900226950645,-0.5709640502929687,2.2006134033203124,0.3006134033203125
223.530189037323,-0.006216798722743988,-0.5654394149780273,2.1785736083984375,0.2785736083984376
223.56390190124512,-0.005974465608596801,-0.5710737228393554,2.200102424621582,0.3001024246215822
223.59621500968933,-0.006098364666104317,-0.5658522605895996,2.1796947479248048,0.27969474792480487
223.62914776802063,-0.006502766162157059,-0.5823821067810059,2.2438404083251955,0.3438404083251956
223.66213846206665,-0.006162961572408676,-0.5783394336700439,2.2288414001464845,0.32884140014648455
223.69532084465027,-0.006272681802511215,-0.575418758392334,2.2180768966674806,0.31807689666748074
223.72792387008667,-0.006364305317401886,-0.572817325592041,2.2074012756347656,0.3074012756347657
223.76093649864197,-0.0060532927513122555,-0.569820785522461,2.1965192794799804,0.29651927947998047
223.7938404083252,-0.005879642814397812,-0.5629584312438964,2.169098663330078,0.26909866333007804
223.82698273658752,-0.005879642814397812,-0.5629584312438964,2.169098663330078,0.26909866333007804
223.85994577407837,-0.0062847122550010685,-0.5767111778259277,2.2231775283813477,0.32317752838134783
223.89299988746643,-0.0062847122550010685,-0.5767111778259277,2.2231775283813477,0.32317752838134783
223.9260642528534,-0.005990977957844734,-0.5635948657989502,2.171334075927734,0.2713340759277343
223.95918774604797,-0.005979025363922119,-0.5685312271118164,2.1915159225463867,0.2915159225463868
223.99173212051392,-0.006091117858886719,-0.5679489135742187,2.189286231994629,0.289286231994629
224.02487802505493,-0.006091117858886719,-0.5679489135742187,2.189286231994629,0.289286231994629
224.05785083770752,-0.00635424479842186,-0.5721154689788819,2.2061119079589844,0.30611190795898446
224.09102296829224,-0.00635424479842186,-0.5721154689788819,2.2061119079589844,0.30611190795898446
224.1240255832672,-0.005950802192091942,-0.5639042854309082,2.1734521865844725,0.27345218658447257
224.15693521499634,-0.006078551337122917,-0.571544075012207,2.203259086608887,0.3032590866088869
224.18991589546204,-0.006040741875767708,-0.5601866722106934,2.1588294982910154,0.25882949829101554
224.22338604927063,-0.005983195081353187,-0.5664547920227051,2.1829866409301757,0.2829866409301758
224.25603199005127,-0.00620504654943943,-0.5640107154846191,2.1734378814697264,0.2734378814697265
224.28890895843506,-0.006111501902341843,-0.564429521560669,2.174880599975586,0.2748805999755861
224.32208967208862,-0.006323333084583283,-0.5785681247711182,2.229792594909668,0.32979259490966806
224.3550374507904,-0.006040704995393753,-0.5759775161743164,2.2199392318725586,0.3199392318725587
224.3879497051239,-0.006086987257003784,-0.5684538841247558,2.191098213195801,0.29109821319580087
224.42099165916443,-0.006277548521757126,-0.5830660343170166,2.2479223251342773,0.34792232513427734
224.45404958724976,-0.005813309922814369,-0.5762660026550293,2.2226499557495116,0.3226499557495117
224.48689126968384,-0.0061409477144479755,-0.5751161098480224,2.2186275482177735,0.3186275482177736
224.51991152763367,-0.0058300580829381944,-0.5648811340332032,2.178603744506836,0.2786037445068361
224.55302596092224,-0.005932838097214699,-0.5659945964813232,2.1818473815917967,0.2818473815917968
224.58663606643677,-0.006169869378209114,-0.5796149730682373,2.2347583770751953,0.3347583770751954
224.61905527114868,-0.006167621910572052,-0.5713656425476075,2.201847267150879,0.3018472671508792
224.65230798721313,-0.005827108770608902,-0.572370195388794,2.2055423736572264,0.3055423736572265
224.6849136352539,-0.00628378838300705,-0.5707992076873779,2.1986841201782226,0.29868412017822266
224.71781611442566,-0.006345578283071518,-0.565843915939331,2.180354690551758,0.280354690551758
224.75079154968262,-0.006724809855222702,-0.5747311592102051,2.2149511337280274,0.3149511337280275
224.78391242027283,-0.006612850725650788,-0.576493501663208,2.2216148376464844,0.32161483764648446
224.81734013557434,-0.006522541493177414,-0.5719821453094482,2.2051820755004883,0.30518207550048837
224.850444316864,-0.006693003326654434,-0.5782896518707276,2.2304288864135744,0.3304288864135745
224.8834788799286,-0.006452084332704544,-0.5827808380126953,2.247641754150391,0.3476417541503909
224.91640543937683,-0.006070518866181374,-0.5682331562042237,2.191617012023926,0.29161701202392587
224.94953560829163,-0.006089893728494644,-0.573632001876831,2.2128389358520506,0.3128389358520507
224.9823386669159,-0.006183765456080436,-0.5760376453399658,2.2216196060180664,0.3216196060180665
225.01537346839905,-0.005714522674679756,-0.573240089416504,2.2090951919555666,0.3090951919555667
225.04841542243958,-0.005891179293394088,-0.5747390747070312,2.2159988403320314,0.3159988403320315
225.08211731910706,-0.005755430459976197,-0.5785997867584228,2.2300800323486327,0.3300800323486328
225.11417698860168,-0.005775517597794533,-0.5732344150543213,2.2088069915771484,0.3088069915771485
225.1472020149231,-0.005763676762580871,-0.5713271141052246,2.201288414001465,0.3012884140014651
225.1804130077362,-0.005765147507190704,-0.5750380516052246,2.215954399108887,0.3159543991088869
225.21365451812744,-0.006285866349935531,-0.5766733646392822,2.223077392578125,0.3230773925781252
225.24608445167542,-0.006306338310241699,-0.5698887825012207,2.195977783203125,0.2959777832031252
225.27914834022522,-0.006218785792589188,-0.5693546295166015,2.1933759689331054,0.29337596893310547
225.31261706352234,-0.006285880506038666,-0.5716079711914063,2.2025304794311524,0.3025304794311525
225.34525966644287,-0.006267541646957397,-0.5703487396240234,2.1977405548095703,0.2977405548095704
225.37827920913696,-0.006166401132941246,-0.5692662239074707,2.1933841705322266,0.29338417053222665
225.41144227981567,-0.005826807022094727,-0.5604676246643067,2.1592151641845705,0.2592151641845706
225.4441533088684,-0.006031535565853119,-0.5737390041351318,2.21066837310791,0.31066837310791007
225.4770052433014,-0.006240606680512429,-0.5664397716522217,2.1820352554321287,0.2820352554321288
225.51012659072876,-0.005976833775639534,-0.5742645740509034,2.2137298583984375,0.3137298583984376
225.5432059764862,-0.006123948842287064,-0.5728770732879639,2.208149719238281,0.30814971923828116
225.57644724845886,-0.005974585935473442,-0.5819379329681397,2.2434329986572266,0.34343299865722665
225.61017179489136,-0.005887479335069656,-0.5796259880065918,2.2351615905761717,0.3351615905761718
225.6419734954834,-0.00616362951695919,-0.569575834274292,2.1966161727905273,0.29661617279052743
225.6751160621643,-0.006041283532977104,-0.5728200912475586,2.2092041015625,0.3092041015625
225.70816349983215,-0.006008118391036987,-0.570074462890625,2.1986236572265625,0.2986236572265626
225.74120545387268,-0.006120433658361435,-0.5743113994598389,2.2137014389038088,0.31370143890380886
225.7742440700531,-0.006120433658361435,-0.5743113994598389,2.2137014389038088,0.31370143890380886
225.80735564231873,-0.005934839695692062,-0.568992805480957,2.1918922424316407,0.2918922424316408
225.84035754203796,-0.0058010976761579515,-0.5635777950286865,2.170832061767578,0.2708320617675781
225.8731746673584,-0.005844904854893684,-0.572313642501831,2.205255317687988,0.3052553176879882
225.90687322616577,-0.006116002798080444,-0.5706404209136963,2.1982351303100587,0.29823513031005877
225.93922758102417,-0.005827590078115463,-0.575092887878418,2.2177940368652345,0.31779403686523455
225.9721302986145,-0.006235779076814651,-0.5774566650390625,2.2262285232543944,0.32622852325439444
226.00525212287903,-0.006205106154084206,-0.5750357627868652,2.2170431137084963,0.31704311370849636
226.03838872909546,-0.0060682065784931185,-0.5807143688201905,2.2392108917236326,0.3392108917236327
226.071307182312,-0.0059539034962654116,-0.5688390731811523,2.192767524719238,0.2927675247192383
226.10398149490356,-0.005956782400608063,-0.5704320907592774,2.199698638916016,0.2996986389160159
226.13713812828064,-0.006018101796507835,-0.5794264316558838,2.2337520599365233,0.33375205993652335
226.17021417617798,-0.006215825304389,-0.5782604694366456,2.228184127807617,0.3281841278076172
226.20312237739563,-0.005979380384087562,-0.5798707962036133,2.234969902038574,0.33496990203857413
226.236323595047,-0.00607738196849823,-0.5667500019073486,2.1843803405761717,0.2843803405761718
226.26892971992493,-0.0058792512863874435,-0.5714690685272217,2.20261173248291,0.30261173248291007
226.30166459083557,-0.006332457810640335,-0.5719069480895996,2.205241394042969,0.305241394042969
226.33509492874146,-0.006332457810640335,-0.5719069480895996,2.205241394042969,0.305241394042969
226.3678617477417,-0.006017006933689117,-0.5845245361328125,2.2535560607910154,0.35355606079101554
226.4010238647461,-0.006017006933689117,-0.5845245361328125,2.2535560607910154,0.35355606079101554
226.43410205841064,-0.0057973314076662065,-0.5762714862823486,2.221295166015625,0.3212951660156249
226.46682858467102,-0.006156376749277115,-0.5804635047912597,2.2375791549682615,0.33757915496826163
226.50031185150146,-0.005783892422914505,-0.5700519561767579,2.1971868515014648,0.29718685150146484
226.53371286392212,-0.006022011861205101,-0.5806325912475586,2.2372982025146486,0.3372982025146487
226.56616401672363,-0.005971461161971092,-0.5673409938812256,2.1857654571533205,0.2857654571533206
226.59881687164307,-0.005865713953971863,-0.5676216602325439,2.187311363220215,0.2873113632202151
226.63181281089783,-0.005932041630148888,-0.5778280258178711,2.2266204833984373,0.3266204833984374
226.6648886203766,-0.006271994858980179,-0.5633487701416016,2.1708181381225584,0.2708181381225585
226.69781708717346,-0.006271994858980179,-0.5633487701416016,2.1708181381225584,0.2708181381225585
226.73123860359192,-0.005991313606500626,-0.5761960983276367,2.2221303939819337,0.32213039398193377
226.76383590698242,-0.006333498656749726,-0.5736485481262207,2.2115386962890624,0.3115386962890625
226.79695868492126,-0.006333498656749726,-0.5736485481262207,2.2115386962890624,0.3115386962890625
226.82995295524597,-0.005790829658508301,-0.5718725204467774,2.204203414916992,0.3042034149169921
226.86263751983643,-0.006141752749681473,-0.5642610549926758,2.1741941452026365,0.27419414520263663
226.89607548713684,-0.0060099873691797255,-0.5723621845245361,2.2061357498168945,0.3061357498168946
226.92955827713013,-0.0060099873691797255,-0.5723621845245361,2.2061357498168945,0.3061357498168946
226.9619448184967,-0.006310120224952698,-0.5766611099243164,2.2221702575683593,0.3221702575683594
226.99485659599304,-0.006304801255464554,-0.5723743438720703,2.205253028869629,0.3052530288696289
227.02797961235046,-0.006249237060546875,-0.5721101284027099,2.2057497024536135,0.30574970245361355
227.0614161491394,-0.006249237060546875,-0.5721101284027099,2.2057497024536135,0.30574970245361355
227.0945382118225,-0.006330527365207672,-0.5767047882080079,2.2230365753173826,0.3230365753173827
227.1272382736206,-0.006249300390481949,-0.5762242794036865,2.222129058837891,0.3221290588378909
227.16057467460632,-0.006147100031375885,-0.5750856399536133,2.2157846450805665,0.3157846450805666
227.19331908226013,-0.0059911984950304035,-0.5732036113739014,2.208821105957031,0.30882110595703116
227.2263948917389,-0.0059911984950304035,-0.5732036113739014,2.208821105957031,0.30882110595703116
227.25898718833923,-0.005882285907864571,-0.5799699783325195,2.236087989807129,0.3360879898071292
227.29193496704102,-0.005973965674638748,-0.5846220493316651,2.254067802429199,0.3540678024291992
227.32517623901367,-0.006020915135741234,-0.573604154586792,2.211511421203613,0.3115114212036132
227.3584771156311,-0.005986177548766136,-0.5748731136322022,2.215838813781738,0.3158388137817383
227.39083647727966,-0.0061430674046278,-0.5775701522827148,2.2273380279541017,0.32733802795410183
227.42421340942383,-0.006233694776892662,-0.574042558670044,2.213837814331055,0.31383781433105495
227.4570701122284,-0.006148126721382141,-0.5693204879760743,2.194675827026367,0.2946758270263672
227.48980832099915,-0.006099973618984222,-0.5823141098022461,2.245248794555664,0.34524879455566415
227.52292394638062,-0.006097566336393356,-0.5698890209197998,2.196621322631836,0.29662132263183594
227.5570330619812,-0.005876561254262924,-0.5784152030944825,2.229232406616211,0.3292324066162111
227.58888840675354,-0.0059062190353870395,-0.5660564422607421,2.1815008163452148,0.28150081634521484
227.62211632728577,-0.005929596722126007,-0.5761803150177002,2.2208625793457033,0.3208625793457034
227.65484738349915,-0.005879394337534904,-0.5801523685455322,2.2352346420288085,0.3352346420288086
227.6880509853363,-0.00599481426179409,-0.5829177379608155,2.246413803100586,0.3464138031005861
227.72090888023376,-0.0059621971100568775,-0.5789998054504395,2.231122589111328,0.3311225891113283
227.75407767295837,-0.006566623598337174,-0.5814739227294922,2.2413824081420897,0.34138240814208975
227.78682351112366,-0.006395749002695084,-0.5757133483886718,2.2189849853515624,0.3189849853515625
227.81980276107788,-0.005931201949715614,-0.5801180839538574,2.235391044616699,0.3353910446166992
227.85297513008118,-0.005931201949715614,-0.5801180839538574,2.235391044616699,0.3353910446166992
227.88682460784912,-0.005892905592918396,-0.5667369842529297,2.1842058181762694,0.28420581817626944
227.9187831878662,-0.005964343622326851,-0.5753434658050537,2.2174062728881836,0.3174062728881837
227.95184898376465,-0.006040922924876213,-0.5736958980560303,2.210367202758789,0.31036720275878915
227.98503232002258,-0.005810493230819702,-0.5700820922851563,2.196656608581543,0.29665660858154297
228.0179967880249,-0.005864335596561432,-0.5756268978118897,2.219060707092285,0.31906070709228507
228.05094075202942,-0.00609474703669548,-0.5801714420318603,2.2366912841796873,0.3366912841796874
228.08388924598694,-0.006068119034171105,-0.5740225315093994,2.212217903137207,0.3122179031372072
228.11713767051697,-0.006156055256724358,-0.5741519451141357,2.212327003479004,0.312327003479004
228.15037298202515,-0.005990909039974212,-0.5779350757598877,2.2274246215820312,0.32742462158203134
228.18288111686707,-0.006147366389632225,-0.5728220462799072,2.208414649963379,0.3084146499633791
228.21578884124756,-0.005899687483906746,-0.5746586322784424,2.2144920349121096,0.31449203491210964
228.24900555610657,-0.0058975785970687864,-0.567038106918335,2.1854074478149412,0.2854074478149413
228.28183841705322,-0.005893199145793915,-0.565614128112793,2.1790021896362304,0.27900218963623047
228.31517672538757,-0.006111643090844154,-0.5711062908172607,2.2,0.30000000000000027
228.34804558753967,-0.00573967881500721,-0.5767984867095948,2.221916389465332,0.3219163894653323
228.38099670410156,-0.005695022270083427,-0.5730542659759521,2.207728958129883,0.307728958129883
228.41417694091797,-0.005741835758090019,-0.5746964454650879,2.2137725830078123,0.3137725830078124
228.44693207740784,-0.0057009894400835035,-0.5656666278839111,2.178660583496094,0.278660583496094
228.4798617362976,-0.005723837018013001,-0.5772436141967774,2.223964881896973,0.3239648818969729
228.51319670677185,-0.005968459323048592,-0.5622926235198975,2.166227340698242,0.2662273406982423
228.54624319076538,-0.005798700079321861,-0.5708347797393799,2.1993804931640626,0.2993804931640627
228.57932996749878,-0.005766098946332931,-0.5754469394683838,2.217303466796875,0.31730346679687527
228.61232900619507,-0.0059390287846326825,-0.5649445056915283,2.176448631286621,0.276448631286621
228.64563608169556,-0.005797310918569565,-0.5759101867675781,2.2190340042114256,0.3190340042114257
228.67815732955933,-0.005741835758090019,-0.5746964454650879,2.2137725830078123,0.3137725830078124
228.71148300170898,-0.005868049710988999,-0.5792453289031982,2.231378936767578,0.3313789367675781
228.7444941997528,-0.005893425270915032,-0.5816401481628418,2.2423744201660156,0.3423744201660157
228.77751207351685,-0.005960428342223168,-0.5771320343017579,2.2241003036499025,0.3241003036499026
228.81045842170715,-0.005895948782563209,-0.5756112098693847,2.2188867568969726,0.31888675689697266
228.84367990493774,-0.005860359594225884,-0.5779308319091797,2.2282732009887694,0.32827320098876944
228.876225233078,-0.005968403071165085,-0.5727138519287109,2.20798282623291,0.30798282623291007
228.90900802612305,-0.006138085573911667,-0.5827747344970703,2.247906494140625,0.3479064941406249
228.94189953804016,-0.005951979011297226,-0.5803911209106445,2.238129234313965,0.338129234313965
228.97489857673645,-0.005874386057257652,-0.5729866981506347,2.209706115722656,0.30970611572265616
229.00789499282837,-0.0056955419480800625,-0.5765342712402344,2.2227197647094727,0.32271976470947283
229.040997505188,-0.006041247397661209,-0.588193702697754,2.2670326232910156,0.3670326232910157
229.07438468933105,-0.0058345522731542586,-0.5742795467376709,2.213654136657715,0.313654136657715
229.10753774642944,-0.005682927742600441,-0.5723291873931885,2.2051334381103516,0.30513343811035165
229.13997673988342,-0.0056975014507770535,-0.5704652309417725,2.1980384826660155,0.2980384826660156
229.17373943328857,-0.005784281343221664,-0.578932237625122,2.2300891876220703,0.3300891876220704
229.20638585090637,-0.0058635067194700245,-0.5690392971038818,2.1922304153442385,0.29223041534423855
229.2390751838684,-0.00592464841902256,-0.5762320518493652,2.2210960388183594,0.32109603881835946
229.27186369895935,-0.005792662873864174,-0.5721658229827881,2.2046846389770507,0.3046846389770508
229.30488204956055,-0.006171365082263946,-0.5784564971923828,2.22896785736084,0.3289678573608401
229.33801293373108,-0.0061050895601511,-0.5738461971282959,2.212055778503418,0.31205577850341815
229.3709568977356,-0.005771036073565483,-0.5735162258148193,2.210470199584961,0.310470199584961
229.40399813652039,-0.005907712876796723,-0.5730225563049316,2.2082054138183596,0.30820541381835964
229.4368381500244,-0.0058184746652841565,-0.566722059249878,2.183816337585449,0.2838163375854492
229.47039198875427,-0.005867462977766991,-0.5754880428314209,2.217966079711914,0.31796607971191415
229.50332880020142,-0.005970306321978569,-0.5812227249145507,2.2398656845092773,0.33986568450927734
229.53632736206055,-0.005970306321978569,-0.5812227249145507,2.2398656845092773,0.33986568450927734
229.56909704208374,-0.005759979411959648,-0.5705047130584717,2.1978887557983398,0.29788875579833984
229.60220003128052,-0.005920164659619332,-0.5614395141601562,2.1632083892822265,0.26320838928222656
229.63511538505554,-0.0061667758971452715,-0.5776026725769043,2.225766181945801,0.32576618194580087
229.668123960495,-0.0061757989227771756,-0.5768614292144776,2.224123954772949,0.3241239547729493
229.7012903690338,-0.0061757989227771756,-0.5768614292144776,2.224123954772949,0.3241239547729493
229.73437786102295,-0.006144804880023003,-0.5759385108947754,2.219650077819824,0.31965007781982413
229.7671661376953,-0.005869275704026222,-0.5746463298797607,2.2143014907836913,0.3143014907836914
229.80019402503967,-0.00610026977956295,-0.5761711597442627,2.22003059387207,0.3200305938720702
229.8331789970398,-0.0060033977031707765,-0.5822017192840576,2.243808937072754,0.3438089370727542
229.86618638038635,-0.005777755007147789,-0.5696587562561035,2.194384765625,0.29438476562500027
229.898854970932,-0.006006009131669998,-0.5774774551391602,2.2248279571533205,0.3248279571533206
229.93208765983582,-0.005886466801166534,-0.5730642318725586,2.2084054946899414,0.3084054946899415
229.96519446372986,-0.005825205519795418,-0.5657260894775391,2.1792236328125,0.2792236328125002
229.99824404716492,-0.006138977035880089,-0.5740213871002198,2.211457061767578,0.31145706176757804
230.0308394432068,-0.005882185697555542,-0.5619988441467285,2.1657238006591797,0.2657238006591798
230.06383752822876,-0.005868345499038696,-0.568500566482544,2.1899147033691406,0.2899147033691407
230.09674620628357,-0.006152804568409919,-0.5672341823577881,2.185218620300293,0.2852186203002929
230.1298577785492,-0.005935431644320488,-0.5789310932159424,2.230758857727051,0.33075885772705105
230.1628646850586,-0.006106477603316307,-0.5739673614501953,2.211625862121582,0.31162586212158194
230.19577312469482,-0.005954681336879731,-0.5663156032562255,2.181535339355469,0.2815353393554689
230.22884559631348,-0.005866845697164535,-0.5819384574890136,2.242055892944336,0.342055892944336
230.2617003917694,-0.006307855248451233,-0.5791353225708008,2.231730651855469,0.331730651855469
230.294908285141,-0.005931807309389114,-0.5697220802307129,2.1957347869873045,0.2957347869873046
230.32785534858704,-0.006090822815895081,-0.5653075695037841,2.1785018920898436,0.27850189208984366
230.36082577705383,-0.006298006325960159,-0.5756786823272705,2.218582534790039,0.31858253479003906
230.3946192264557,-0.006298006325960159,-0.5756786823272705,2.218582534790039,0.31858253479003906
230.4272346496582,-0.006349939107894898,-0.5764048099517822,2.221849250793457,0.32184925079345694
230.4597761631012,-0.006349939107894898,-0.5764048099517822,2.221849250793457,0.32184925079345694
230.4930260181427,-0.005871064215898514,-0.5716586589813233,2.2028596878051756,0.3028596878051757
230.52622437477112,-0.00599832870066166,-0.5756860733032226,2.218283462524414,0.318283462524414
230.55944085121155,-0.00599832870066166,-0.5756860733032226,2.218283462524414,0.318283462524414
230.59169745445251,-0.005987519025802612,-0.5781087398529052,2.227690887451172,0.32769088745117214
230.62555646896362,-0.005987519025802612,-0.5781087398529052,2.227690887451172,0.32769088745117214
230.65839958190918,-0.00586894266307354,-0.5652670383453369,2.178541374206543,0.27854137420654324
230.691308259964,-0.006029175221920013,-0.5787293434143066,2.2297073364257813,0.3297073364257814
230.72460794448853,-0.0057465750724077225,-0.575945234298706,2.2189409255981447,0.3189409255981448
230.75838088989258,-0.006004714965820312,-0.5744355678558349,2.214613342285156,0.31461334228515625
230.7911479473114,-0.005702437832951546,-0.5744721412658691,2.214412879943848,0.3144128799438479
230.8229944705963,-0.005994496122002602,-0.5743810653686523,2.2140262603759764,0.3140262603759765
230.85694456100464,-0.005841266736388207,-0.5601934909820556,2.1579681396484376,0.2579681396484377
230.88895201683044,-0.006086407974362373,-0.5803038597106933,2.2363882064819336,0.3363882064819337
230.92189240455627,-0.006194650754332542,-0.5786884307861329,2.2294355392456056,0.32943553924560565
230.9548375606537,-0.006194650754332542,-0.5786884307861329,2.2294355392456056,0.32943553924560565
230.98809337615967,-0.005828691273927688,-0.5756466865539551,2.2176801681518556,0.31768016815185574
231.0215106010437,-0.005941643193364143,-0.5624768257141113,2.1668731689453127,0.26687316894531277
231.05447340011597,-0.005704766511917115,-0.5651071548461915,2.177688407897949,0.27768840789794913
231.08732080459595,-0.006205132231116295,-0.5783584594726563,2.229222869873047,0.32922286987304705
231.1199028491974,-0.006026150286197662,-0.5641071796417236,2.1741418838500977,0.27414188385009775
231.1530246734619,-0.006535845994949341,-0.5807656288146973,2.239240264892578,0.3392402648925783
231.18633651733398,-0.006077965348958969,-0.566577672958374,2.183534049987793,0.28353404998779297
231.21892619132996,-0.006117067113518715,-0.5635592460632324,2.172298049926758,0.272298049926758
231.25237393379211,-0.005888925492763519,-0.5804507255554199,2.236817169189453,0.33681716918945304
231.2850067615509,-0.005970818176865578,-0.5615791320800781,2.1643596649169923,0.26435966491699237
231.3180115222931,-0.005960825085639954,-0.5743288516998291,2.2133739471435545,0.3133739471435546
231.35092687606812,-0.005960825085639954,-0.5743288516998291,2.2133739471435545,0.3133739471435546
231.38386011123657,-0.005848149210214615,-0.5684575080871582,2.191025161743164,0.29102516174316406
231.41671204566956,-0.005963412299752236,-0.5653285503387451,2.1791461944580077,0.2791461944580078
231.4498541355133,-0.005963412299752236,-0.5653285503387451,2.1791461944580077,0.2791461944580078
231.48308515548706,-0.006241649389266968,-0.5819715023040771,2.241916275024414,0.34191627502441424
231.51586985588074,-0.006213229894638061,-0.5704571723937988,2.1982494354248048,0.29824943542480487
231.5491168498993,-0.006311894953250885,-0.5740413665771484,2.2112220764160155,0.3112220764160156
231.58192610740662,-0.006311894953250885,-0.5740413665771484,2.2112220764160155,0.3112220764160156
231.6150267124176,-0.0060542233288288115,-0.5634500980377197,2.1712785720825196,0.2712785720825197
231.64873337745667,-0.006154614314436912,-0.5759966850280762,2.219023513793945,0.3190235137939452
231.6810965538025,-0.006063495576381683,-0.5745300769805908,2.213500213623047,0.31350021362304714
231.71389484405518,-0.0060016285628080365,-0.5841299533843994,2.2502012252807617,0.3502012252807618
231.7468180656433,-0.005879642814397812,-0.5629584312438964,2.169098663330078,0.26909866333007804
231.77981877326965,-0.006041761860251427,-0.5756682872772216,2.2183189392089844,0.31831893920898446
231.81301259994507,-0.006011445447802544,-0.5720797061920166,2.2042654037475584,0.3042654037475585
231.84613513946533,-0.006100498512387276,-0.5688364028930664,2.1911636352539063,0.2911636352539064
231.8794219493866,-0.005912646651268005,-0.572537899017334,2.205807113647461,0.30580711364746094
231.9119610786438,-0.006097117438912392,-0.5784297943115234,2.228985404968262,0.3289854049682619
231.9454665184021,-0.005954612419009209,-0.5585524559020996,2.1515325546264648,0.25153255462646484
231.97819113731384,-0.0063107267022132875,-0.5683229446411133,2.1893630981445313,0.2893630981445314
232.01120924949646,-0.005946772173047066,-0.5739212036132812,2.210847282409668,0.31084728240966797
232.04441332817078,-0.006205660477280617,-0.5821403503417969,2.2428844451904295,0.3428844451904296
232.07773995399475,-0.006394542008638382,-0.5837353706359864,2.2491128921508787,0.3491128921508788
232.1107656955719,-0.006000569090247154,-0.5709220409393311,2.1995086669921875,0.2995086669921876
232.1428189277649,-0.0060315880924463276,-0.5811169147491455,2.238857078552246,0.338857078552246
232.17625164985657,-0.006055910885334015,-0.5802184104919433,2.23508358001709,0.33508358001708993
232.21018242835999,-0.0060183387249708176,-0.5752567291259766,2.2170232772827148,0.31702327728271484
232.24194526672363,-0.006058753281831741,-0.5744621276855468,2.2137981414794923,0.31379814147949237
232.27508234977722,-0.006099677085876465,-0.574270486831665,2.212067222595215,0.312067222595215
232.30805730819702,-0.0058327168226242065,-0.5655559539794922,2.179148292541504,0.2791482925415041
232.3417775630951,-0.0058914292603731155,-0.5735220909118652,2.210098648071289,0.31009864807128906
232.37451124191284,-0.005909173563122749,-0.5631836414337158,2.169673538208008,0.269673538208008
232.40741348266602,-0.00621131993830204,-0.5722227096557617,2.2057016372680662,0.3057016372680663
232.44027662277222,-0.006162035837769508,-0.5764793872833252,2.2214284896850587,0.32142848968505877
232.47285223007202,-0.005944126471877098,-0.5770255565643311,2.2239809036254883,0.32398090362548837
232.50689816474915,-0.00601908415555954,-0.5649841785430908,2.177026557922363,0.2770265579223632
232.54006695747375,-0.006367874890565872,-0.5758596420288086,2.219232940673828,0.3192329406738281
232.57208847999573,-0.005938421934843063,-0.5688140869140625,2.191876220703125,0.2918762207031249
232.6047887802124,-0.005714720860123634,-0.5694160461425781,2.1937074661254883,0.29370746612548837
232.6383888721466,-0.006142231076955796,-0.5708626747131348,2.2004695892333985,0.3004695892333986
232.67146468162537,-0.0061333484947681425,-0.5786978721618652,2.230556869506836,0.33055686950683594
232.70414662361145,-0.0060566596686840056,-0.5745863437652587,2.2147920608520506,0.3147920608520507
232.73715209960938,-0.006108937412500381,-0.5675271987915039,2.18756103515625,0.2875610351562501
232.7700207233429,-0.006022042408585548,-0.5677143573760987,2.1872318267822264,0.2872318267822265
232.80318760871887,-0.006173801794648171,-0.5696671962738037,2.194688606262207,0.29468860626220694
232.83641409873962,-0.006121468916535378,-0.571650505065918,2.2034109115600584,0.3034109115600585
232.8694200515747,-0.005969110876321793,-0.566877031326294,2.1854270935058593,0.2854270935058594
232.90276312828064,-0.006060605123639107,-0.5789748191833496,2.2305988311767577,0.3305988311767578
232.93508553504944,-0.005909665673971176,-0.5781139850616455,2.227328872680664,0.32732887268066424
232.96825766563416,-0.005808674544095993,-0.5641136646270752,2.173592758178711,0.2735927581787112
233.00183868408203,-0.006223797798156738,-0.5811175346374512,2.240479850769043,0.34047985076904297
233.03430199623108,-0.005776308849453926,-0.5724297046661377,2.20617618560791,0.30617618560791016
233.0677192211151,-0.006312357634305954,-0.5755145072937011,2.217922019958496,0.317922019958496
233.10068225860596,-0.0059517864137887955,-0.5764054298400879,2.2213510513305663,0.3213510513305664
233.1329164505005,-0.005762851238250733,-0.5767934322357178,2.2218502044677733,0.32185020446777335
233.16669869422913,-0.005920413136482239,-0.5730446338653564,2.2082313537597655,0.3082313537597656
233.19962167739868,-0.006158135458827018,-0.5693112373352051,2.1945318222045898,0.29453182220458984
233.23210525512695,-0.006295011937618255,-0.5719317436218262,2.2047643661499023,0.30476436614990243
233.26543426513672,-0.006161102652549743,-0.5674557209014892,2.18743896484375,0.2874389648437501
233.29846715927124,-0.006277704238891601,-0.5815939903259277,2.241719436645508,0.3417194366455081
233.33135414123535,-0.006303878128528595,-0.5763412952423096,2.221598434448242,0.3215984344482421
233.36477160453796,-0.006303878128528595,-0.5763412952423096,2.221598434448242,0.3215984344482421
233.39726638793945,-0.006342114508152008,-0.5757666110992432,2.218776321411133,0.318776321411133
233.42986011505127,-0.006286698579788208,-0.5768190860748291,2.2223894119262697,0.3223894119262698
233.4627606868744,-0.006028694286942482,-0.5637508392333984,2.172282409667969,0.272282409667969
233.49635815620422,-0.006100194156169891,-0.583112382888794,2.2469766616821287,0.3469766616821288
233.52938604354858,-0.00586896799504757,-0.5690825939178467,2.193005180358887,0.2930051803588869
233.56210613250732,-0.005918273329734802,-0.5744926452636718,2.213978576660156,0.31397857666015616
233.595205783844,-0.006176836788654327,-0.5783123970031738,2.2297948837280273,0.32979488372802734
233.62820029258728,-0.0059461589902639386,-0.5713221549987793,2.2016626358032227,0.30166263580322283
233.66088938713074,-0.006191715598106384,-0.5679527759552002,2.188594436645508,0.288594436645508
233.69390106201172,-0.006328900903463363,-0.5718982219696045,2.2032724380493165,0.3032724380493166
233.72714972496033,-0.006518372148275375,-0.5766952991485595,2.2224452972412108,0.32244529724121085
233.76041460037231,-0.006168744713068009,-0.5675838470458985,2.1875484466552733,0.28754844665527335
233.7935974597931,-0.006607730686664581,-0.584455156326294,2.2519676208496096,0.35196762084960964
233.82683324813843,-0.006607730686664581,-0.584455156326294,2.2519676208496096,0.35196762084960964
233.8593409061432,-0.006243541464209556,-0.5829759120941163,2.246921348571777,0.34692134857177725
233.89227533340454,-0.005932312458753586,-0.5670217037200928,2.1851003646850584,0.2851003646850585
233.9258050918579,-0.005932312458753586,-0.5670217037200928,2.1851003646850584,0.2851003646850585
233.95818424224854,-0.006478390097618103,-0.5741042613983154,2.211711883544922,0.31171188354492196
233.99158000946045,-0.006168714538216591,-0.5709953308105469,2.1999914169311525,0.2999914169311526
234.02471685409546,-0.006168714538216591,-0.5709953308105469,2.1999914169311525,0.2999914169311526
234.0572953224182,-0.006206845119595528,-0.5733479976654052,2.209134101867676,0.30913410186767587
234.08994126319885,-0.006171808391809463,-0.5633761882781982,2.1704444885253906,0.2704444885253907
234.12283754348755,-0.006171808391809463,-0.5633761882781982,2.1704444885253906,0.2704444885253907
234.155841588974,-0.006137839332222938,-0.5756948471069336,2.2175989151000977,0.31759891510009775
234.1892364025116,-0.006137839332222938,-0.5756948471069336,2.2175989151000977,0.31759891510009775
234.22175812721252,-0.006041064113378525,-0.5714231967926026,2.2013105392456054,0.30131053924560547
234.25517630577087,-0.006041064113378525,-0.5714231967926026,2.2013105392456054,0.30131053924560547
234.28818726539612,-0.005777740105986595,-0.5696565628051757,2.1943761825561525,0.2943761825561526
234.32104349136353,-0.005777740105986595,-0.5696565628051757,2.1943761825561525,0.2943761825561526
234.3544626235962,-0.006332817673683167,-0.5803966522216797,2.2360897064208984,0.3360897064208985
234.38711714744568,-0.00586756132543087,-0.5606447219848633,2.159606170654297,0.25960617065429714
234.4198899269104,-0.006317004561424255,-0.5677506446838378,2.1873685836791994,0.2873685836791995
234.45357608795166,-0.0063231632113456724,-0.580564546585083,2.236493682861328,0.3364936828613283
234.4864537715912,-0.00615481361746788,-0.5831430912017822,2.2471923828125,0.3471923828125001
234.51947665214539,-0.006368967890739441,-0.5771382331848145,2.223347854614258,0.3233478546142581
234.55183625221252,-0.00606025829911232,-0.5727960109710694,2.206483840942383,0.3064838409423829
234.58532190322876,-0.00606025829911232,-0.5727960109710694,2.206483840942383,0.3064838409423829
234.6179666519165,-0.005866234377026558,-0.5657882213592529,2.1790462493896485,0.2790462493896486
234.65094447135925,-0.006053700298070908,-0.5758157253265381,2.2198333740234375,0.3198333740234376
234.68396711349487,-0.006277478486299515,-0.575012493133545,2.2152929306030273,0.31529293060302743
234.71702098846436,-0.006069537624716759,-0.570590591430664,2.1982749938964843,0.2982749938964844
234.74988436698914,-0.006101339310407639,-0.5786993026733398,2.229984474182129,0.3299844741821292
234.78279829025269,-0.006014737859368324,-0.5785842418670655,2.229690361022949,0.32969036102294913
234.81702136993408,-0.006014737859368324,-0.5785842418670655,2.229690361022949,0.32969036102294913
234.8493947982788,-0.005819236859679222,-0.5660148143768311,2.180918502807617,0.2809185028076171
234.88245630264282,-0.00595368780195713,-0.5759862422943115,2.218973731994629,0.3189737319946291
234.91556572914124,-0.005941643193364143,-0.5624768257141113,2.1668731689453127,0.26687316894531277
234.94853448867798,-0.005941643193364143,-0.5624768257141113,2.1668731689453127,0.26687316894531277
234.981543302536,-0.005915528163313866,-0.5634925365447998,2.1714111328125,0.2714111328125002
235.0146656036377,-0.006215954571962357,-0.5739038944244385,2.2108402252197266,0.31084022521972665
235.04750967025757,-0.005920621380209923,-0.5681421279907226,2.1891775131225586,0.2891775131225587
235.0811026096344,-0.006258678436279297,-0.5767018318176269,2.2221263885498046,0.3221263885498047
235.11333632469177,-0.005894644185900688,-0.5615025520324707,2.1637428283691404,0.26374282836914054
235.1459653377533,-0.005801897123456001,-0.5637113571166992,2.171962356567383,0.271962356567383
235.17902135849,-0.005986510962247849,-0.5658393383026123,2.1799121856689454,0.2799121856689455
235.21235394477844,-0.005986510962247849,-0.5658393383026123,2.1799121856689454,0.2799121856689455
235.24527263641357,-0.005957171320915222,-0.5800247192382812,2.2347343444824217,0.3347343444824218
235.278240442276,-0.006208419054746628,-0.5752518653869629,2.2165964126586912,0.3165964126586913
235.31109523773193,-0.006436970084905624,-0.5747591495513916,2.21441535949707,0.3144153594970702
235.34417915344238,-0.006436970084905624,-0.5747591495513916,2.21441535949707,0.3144153594970702
235.3771312236786,-0.006273920089006424,-0.5792041301727295,2.2315032958984373,0.3315032958984374
235.41012954711914,-0.005894724652171135,-0.5603255271911621,2.1593177795410154,0.25931777954101554
235.4435007572174,-0.006411896646022796,-0.5727836608886718,2.207175636291504,0.3071756362915039
235.47694325447083,-0.006221269071102142,-0.5725551128387452,2.205917167663574,0.30591716766357413
235.50918436050415,-0.006405710428953171,-0.5827665328979492,2.2469072341918945,0.3469072341918946
235.5421233177185,-0.0064534410834312435,-0.575534725189209,2.2182870864868165,0.3182870864868166
235.57495760917664,-0.006245843321084976,-0.5801380634307861,2.235953140258789,0.335953140258789
235.60792994499207,-0.006138470023870468,-0.5650800704956055,2.1781845092773438,0.27818450927734384
235.64142513275146,-0.006330527365207672,-0.5767047882080079,2.2230365753173826,0.3230365753173827
235.67439484596252,-0.006153866276144981,-0.5704029083251954,2.1985599517822267,0.29855995178222683
235.70774221420288,-0.00618290863931179,-0.5749422073364258,2.216152000427246,0.316152000427246
235.74046897888184,-0.006099238991737366,-0.5674773693084717,2.187775230407715,0.287775230407715
235.77345895767212,-0.005843891575932503,-0.5715947151184082,2.203213691711426,0.30321369171142587
235.80640053749084,-0.006257352232933044,-0.5655506134033204,2.179207611083984,0.2792076110839843
235.8393063545227,-0.006325345486402512,-0.5716425895690918,2.2029319763183595,0.30293197631835955
235.87298798561096,-0.0061977051198482515,-0.5833813190460205,2.2476091384887695,0.3476091384887696
235.90520477294922,-0.005951644107699394,-0.560906171798706,2.1611040115356444,0.26110401153564444
235.93787264823914,-0.006095695495605469,-0.5767104148864746,2.22170352935791,0.32170352935791025
235.971289396286,-0.006228155270218849,-0.5699796676635742,2.1973371505737305,0.29733715057373056
236.00456357002258,-0.0060075405985116955,-0.5690507888793945,2.1924160003662108,0.29241600036621085
236.0375816822052,-0.006026223674416542,-0.5716727256774903,2.202607536315918,0.30260753631591797
236.0703432559967,-0.006223800405859947,-0.5725096702575684,2.2061601638793946,0.3061601638793947
236.1033821105957,-0.006272681802511215,-0.575418758392334,2.2180768966674806,0.31807689666748074
236.13629817962646,-0.00593680739402771,-0.5655200958251954,2.1792247772216795,0.2792247772216796
236.16902613639832,-0.005913637578487396,-0.5669666767120362,2.1840869903564455,0.2840869903564456
236.20198321342468,-0.006223472952842713,-0.5735499382019043,2.209738540649414,0.309738540649414
236.23502707481384,-0.005922376736998558,-0.5691645622253418,2.194092559814453,0.29409255981445304
236.26864790916443,-0.006336000561714172,-0.5779764175415039,2.2274375915527345,0.32743759155273455
236.30151629447937,-0.006222065910696984,-0.5706068515777588,2.1995771408081053,0.2995771408081054
236.33429145812988,-0.00606047622859478,-0.5716916084289551,2.203311538696289,0.30331153869628924
236.36723804473877,-0.006169869378209114,-0.5796149730682373,2.2347583770751953,0.3347583770751954
236.40024042129517,-0.006278231739997864,-0.574013090133667,2.2118091583251953,0.3118091583251954
236.433087348938,-0.005917194858193397,-0.578989315032959,2.2309417724609375,0.3309417724609376
236.4658658504486,-0.006094062328338623,-0.5776597499847412,2.2259536743164063,0.3259536743164064
236.49941515922546,-0.006356523931026458,-0.5769288539886475,2.2238826751708984,0.3238826751708985
236.53242802619934,-0.006175657734274864,-0.574777889251709,2.214176559448242,0.3141765594482422
236.565203666687,-0.005902400240302086,-0.5817574501037598,2.2416648864746094,0.34166488647460946
236.59848046302795,-0.005980680510401726,-0.5796628952026367,2.234140396118164,0.33414039611816415
236.63129878044128,-0.005980680510401726,-0.5796628952026367,2.234140396118164,0.33414039611816415
236.66415643692017,-0.005970050767064095,-0.5648260593414307,2.1774988174438477,0.27749881744384775
236.697993516922,-0.005887929350137711,-0.5672683238983154,2.1879138946533203,0.2879138946533204
236.73025560379028,-0.006031602248549461,-0.574620246887207,2.2160078048706056,0.31600780487060565
236.7633011341095,-0.006114961951971054,-0.571518850326538,2.2025131225585937,0.30251312255859375
236.79612350463867,-0.006178789213299752,-0.5737592697143554,2.2118223190307615,0.31182231903076163
236.82952880859375,-0.005917362496256828,-0.5728896141052247,2.207204055786133,0.3072040557861331
236.86249256134033,-0.006204750016331672,-0.5752048492431641,2.2160581588745116,0.3160581588745117
236.8951392173767,-0.005922893434762955,-0.5760655403137207,2.2191598892211912,0.3191598892211913
236.9280822277069,-0.00607575848698616,-0.5789304256439209,2.2301895141601564,0.3301895141601565
236.96090054512024,-0.005988983809947968,-0.5776173114776612,2.2264007568359374,0.3264007568359375
236.99380946159363,-0.006056882068514824,-0.5780582427978516,2.227052116394043,0.32705211639404297
237.0269181728363,-0.006389756500720978,-0.5800647258758544,2.2358070373535157,0.3358070373535158
237.05994081497192,-0.006170202791690826,-0.5737717151641846,2.2111789703369142,0.31117897033691433
237.09295058250427,-0.006037705391645431,-0.5713397026062011,2.201481819152832,0.3014818191528321
237.1263337135315,-0.006267958134412765,-0.5679943084716796,2.1884586334228517,0.28845863342285183
237.1593849658966,-0.006108973547816277,-0.5796046257019043,2.2332275390625,0.3332275390624999
237.1917724609375,-0.0062549389898777005,-0.5819489479064941,2.2426258087158204,0.3426258087158205
237.22488069534302,-0.006133744493126869,-0.5691869258880615,2.192800521850586,0.292800521850586
237.25798869132996,-0.005975457653403282,-0.5685579776763916,2.191153144836426,0.29115314483642596
237.2907042503357,-0.006336922943592072,-0.5742278099060059,2.2124765396118162,0.3124765396118163
237.32376766204834,-0.00585840754210949,-0.5663135051727295,2.1817737579345704,0.2817737579345705
237.35712671279907,-0.006059196963906288,-0.5729019165039062,2.208074188232422,0.30807418823242205
237.39041662216187,-0.005982817709445953,-0.5684553623199463,2.190761947631836,0.29076194763183594
237.42330837249756,-0.006055394560098648,-0.5704599380493164,2.198307228088379,0.2983072280883792
237.45637035369873,-0.006103252619504928,-0.5714317798614502,2.20143985748291,0.30143985748291025
237.48918795585632,-0.005904078856110573,-0.5644304752349854,2.1741174697875976,0.27411746978759766
237.52166390419006,-0.006189962103962898,-0.5769729614257812,2.2229942321777343,0.3229942321777344
237.55519890785217,-0.006221335381269455,-0.5760951519012452,2.21942081451416,0.31942081451416016
237.58817052841187,-0.005967634543776512,-0.5789132118225098,2.230015754699707,0.3300157546997071
237.62067675590515,-0.005920163542032242,-0.57703857421875,2.2230903625488283,0.3230903625488284
237.653822183609,-0.005862897634506226,-0.5639502525329589,2.172161674499512,0.2721616744995119
237.68725776672363,-0.006108685582876206,-0.5649397850036622,2.1765539169311525,0.2765539169311526
237.72014594078064,-0.006108685582876206,-0.5649397850036622,2.1765539169311525,0.2765539169311526
237.75298476219177,-0.00618702732026577,-0.5663265705108642,2.1812007904052733,0.28120079040527335
237.78620600700378,-0.006521507352590561,-0.5800028800964355,2.234634590148926,0.33463459014892605
237.8192834854126,-0.006521507352590561,-0.5800028800964355,2.234634590148926,0.33463459014892605
237.85179591178894,-0.006276524811983109,-0.5688071250915527,2.1911752700805662,0.2911752700805663
237.8853030204773,-0.006342691928148269,-0.5797291278839112,2.234786033630371,0.3347860336303712
237.91844820976257,-0.006342691928148269,-0.5797291278839112,2.234786033630371,0.3347860336303712
237.95127081871033,-0.006338212639093399,-0.5742651939392089,2.212993049621582,0.31299304962158203
237.98412823677063,-0.006279941648244858,-0.5787737846374512,2.231060791015625,0.3310607910156249
238.0173740386963,-0.006279941648244858,-0.5787737846374512,2.231060791015625,0.3310607910156249
238.05032467842102,-0.006195208057761192,-0.5784273624420166,2.2295291900634764,0.3295291900634765
238.0834743976593,-0.006062395125627518,-0.5808305740356445,2.238241767883301,0.33824176788330096
238.11639308929443,-0.0059249624609947205,-0.5758598804473877,2.2187274932861327,0.3187274932861328
238.14957356452942,-0.006426181644201279,-0.579886531829834,2.2348499298095703,0.3348499298095704
238.18183970451355,-0.006206601485610008,-0.5721276283264161,2.203882026672363,0.3038820266723632
238.2149064540863,-0.006206601485610008,-0.5721276283264161,2.203882026672363,0.3038820266723632
238.248140335083,-0.005862490460276604,-0.5657496929168702,2.179905319213867,0.2799053192138672
238.28085374832153,-0.006439874321222306,-0.5767902374267578,2.2219976425170898,0.32199764251708984
238.31415390968323,-0.006398887187242508,-0.5752077102661133,2.2161521911621094,0.31615219116210946
238.3468952178955,-0.006534464657306671,-0.5769647121429443,2.222568321228027,0.32256832122802725
238.37983465194702,-0.0062287762761116024,-0.5741721153259277,2.212708854675293,0.31270885467529297
238.41279578208923,-0.0059971466660499574,-0.5625354766845703,2.166875648498535,0.26687564849853507
238.44619226455688,-0.0059971466660499574,-0.5625354766845703,2.166875648498535,0.26687564849853507
238.47908806800842,-0.006017715856432915,-0.5674597740173339,2.1859336853027345,0.28593368530273455
238.51196312904358,-0.006143702194094658,-0.581880521774292,2.2417551040649415,0.3417551040649416
238.54498386383057,-0.005934867262840271,-0.5801243782043457,2.2357810974121093,0.3357810974121094
238.57793259620667,-0.006140532717108726,-0.5832454204559326,2.247911834716797,0.3479118347167969
238.61093711853027,-0.006097165122628212,-0.5720856666564942,2.203924560546875,0.303924560546875
238.6444489955902,-0.0061758369207382206,-0.5750701904296875,2.2153903961181642,0.31539039611816433
238.6772861480713,-0.0061758369207382206,-0.5750701904296875,2.2153903961181642,0.31539039611816433
238.71021699905396,-0.006460395455360412,-0.5759707927703858,2.219477081298828,0.3194770812988281
238.74303078651428,-0.0058122556656599045,-0.5632293224334717,2.1701549530029296,0.2701549530029297
238.77627992630005,-0.006336752325296402,-0.5752822399139405,2.2165998458862304,0.31659984588623047
238.80920481681824,-0.005975773930549622,-0.5739035129547119,2.2111736297607423,0.31117362976074237
238.8422658443451,-0.005794891715049743,-0.5725935935974121,2.2058847427368162,0.3058847427368163
238.87527775764465,-0.006223166361451149,-0.5804113388061524,2.2361425399780273,0.33614253997802734
238.9082658290863,-0.00594269335269928,-0.5753846645355225,2.2179838180541993,0.3179838180541994
238.94116878509521,-0.006012124568223953,-0.5785707473754883,2.2290239334106445,0.3290239334106446
238.97380781173706,-0.005958684161305428,-0.5674257278442383,2.186906623840332,0.28690662384033194
239.00763487815857,-0.005874253809452057,-0.5714005947113037,2.2017986297607424,0.30179862976074245
239.04047918319702,-0.006276998668909073,-0.576612901687622,2.2210163116455077,0.3210163116455078
239.07356691360474,-0.006258616596460343,-0.5811151027679443,2.2397554397583006,0.3397554397583007
239.10640287399292,-0.006254278868436813,-0.5728950500488281,2.2071352005004883,0.30713520050048837
239.13949942588806,-0.006099938601255417,-0.5665257453918457,2.1830184936523436,0.28301849365234366
239.17224955558777,-0.005969997122883796,-0.5739344596862793,2.211124229431152,0.31112422943115225
239.205224275589,-0.0061162497848272325,-0.5783533096313477,2.2279037475585937,0.32790374755859375
239.2382836341858,-0.006274481862783432,-0.5790489196777344,2.231325149536133,0.3313251495361329
239.27152943611145,-0.006285831332206726,-0.5723949909210205,2.205330467224121,0.30533046722412127
239.3043394088745,-0.006238410621881485,-0.5720689773559571,2.203577423095703,0.3035774230957031
239.33682012557983,-0.006100504100322724,-0.5688385486602783,2.1911718368530275,0.2911718368530276
239.36985802650452,-0.006564432382583618,-0.5732496738433838,2.2086448669433594,0.30864486694335946
239.40327978134155,-0.006179630011320114,-0.577092170715332,2.223300743103027,0.32330074310302725
239.43600916862488,-0.006084223836660385,-0.564896821975708,2.1768545150756835,0.2768545150756836
239.4689221382141,-0.006336922943592072,-0.5742278099060059,2.2124765396118162,0.3124765396118163
239.502028465271,-0.005823332816362381,-0.5716051578521728,2.2020986557006834,0.3020986557006835
239.53523564338684,-0.006086324155330658,-0.5721712589263916,2.2051616668701173,0.30516166687011737
239.5680718421936,-0.006131827086210251,-0.5767522335052491,2.2227294921875,0.3227294921874999
239.60090494155884,-0.006129259616136551,-0.57264404296875,2.2071626663208006,0.3071626663208007
239.63432335853577,-0.006099583208560943,-0.5741633415222168,2.212133598327637,0.312133598327637
239.66715121269226,-0.006212059408426285,-0.5857641220092773,2.2578243255615233,0.35782432556152344
239.70001459121704,-0.006076577305793762,-0.5810110569000244,2.239365005493164,0.33936500549316406
239.7334713935852,-0.005808686465024948,-0.5641141414642334,2.1735944747924805,0.27359447479248056
239.766352891922,-0.006118476763367653,-0.5754660606384278,2.2173553466796876,0.3173553466796877
239.79950213432312,-0.0063402771949768065,-0.5764561176300049,2.2220144271850586,0.3220144271850587
239.83209109306335,-0.0060930438339710236,-0.5681311607360839,2.18914680480957,0.2891468048095702
239.8652195930481,-0.00591190941631794,-0.5694514274597168,2.1948078155517576,0.2948078155517577
239.89802145957947,-0.005994536355137825,-0.5659882545471191,2.181019401550293,0.28101940155029315
239.9312891960144,-0.0060052540153265,-0.5803097724914551,2.2364229202270507,0.3364229202270508
239.9647092819214,-0.005994172021746636,-0.5637952327728272,2.172067642211914,0.27206764221191415
239.99770951271057,-0.005859391391277313,-0.5792291641235352,2.232244682312012,0.332244682312012
240.03018260002136,-0.005854732915759086,-0.5698489665985107,2.1954582214355467,0.2954582214355468
240.0633201599121,-0.006308002024888992,-0.579169750213623,2.2314367294311523,0.33143672943115243
240.09601354599,-0.006017258018255233,-0.5740328311920166,2.2112361907958986,0.3112361907958987
240.12940001487732,-0.006098701059818268,-0.5735462188720704,2.2095258712768553,0.3095258712768554
240.16223239898682,-0.006321233510971069,-0.5845392227172852,2.252182960510254,0.352182960510254
240.195237159729,-0.0062642693519592285,-0.5739619255065918,2.210710906982422,0.3107109069824219
240.22849369049072,-0.0060686212033033374,-0.5660924434661865,2.18121395111084,0.28121395111084
240.26123070716858,-0.006325710564851761,-0.5766159534454346,2.2207433700561525,0.3207433700561526
240.29495882987976,-0.005941580608487129,-0.569082498550415,2.191366195678711,0.291366195678711
240.32747173309326,-0.006026367098093033,-0.5834529876708985,2.2475181579589845,0.34751815795898455
240.36030220985413,-0.0059206407517194744,-0.5699145793914795,2.194794464111328,0.29479446411132804
240.39347767829895,-0.006036043539643288,-0.5666318416595459,2.1830022811889647,0.28300228118896475
240.42630434036255,-0.0058663800358772274,-0.5681643486022949,2.1883392333984375,0.2883392333984376
240.45925784111023,-0.005999290198087692,-0.5694525718688965,2.1931999206542967,0.2931999206542968
240.4922935962677,-0.005899239331483841,-0.5808463096618652,2.238269805908203,0.3382698059082032
240.5251874923706,-0.00590483546257019,-0.5625463008880616,2.1669986724853514,0.2669986724853515
240.5578863620758,-0.0061823628842830654,-0.5772398471832275,2.2246238708496096,0.32462387084960964
240.5912094116211,-0.005914543569087982,-0.5676621913909912,2.186892509460449,0.2868925094604493
240.6241054534912,-0.006148391589522362,-0.5703480243682861,2.1972911834716795,0.2972911834716796
240.657080411911,-0.006026994436979294,-0.5709152221679688,2.1993743896484377,0.29937438964843777
240.68982911109924,-0.005990598350763321,-0.5653857707977294,2.178477096557617,0.2784770965576171
240.7228343486786,-0.006102874130010605,-0.5737148761749268,2.2105140686035156,0.3105140686035157
240.7567389011383,-0.006123000755906105,-0.5802134037017822,2.2362789154052733,0.33627891540527344
240.7892496585846,-0.006235353276133537,-0.5648223400115967,2.176009178161621,0.2760091781616212
240.82178568840027,-0.006157468631863594,-0.575112247467041,2.2155668258666994,0.3155668258666995
240.8549997806549,-0.005954688042402267,-0.5720204830169677,2.2036115646362306,0.30361156463623074
240.88781309127808,-0.006072231382131576,-0.5683560848236084,2.1896036148071287,0.2896036148071288
240.92095279693604,-0.006290879100561142,-0.5711177825927735,2.2005537033081053,0.3005537033081054
240.95386672019958,-0.006094428524374962,-0.5833347320556641,2.2480735778808594,0.34807357788085946
240.98689937591553,-0.006012601777911186,-0.5656228542327881,2.1791475296020506,0.2791475296020507
241.0198516845703,-0.006012601777911186,-0.5656228542327881,2.1791475296020506,0.2791475296020507
241.0529556274414,-0.006023348867893219,-0.5662896156311035,2.1826032638549804,0.28260326385498047
241.0859191417694,-0.006177374348044396,-0.5735160827636718,2.209588050842285,0.30958805084228525
241.1191804409027,-0.006358204782009125,-0.5758874416351318,2.2190778732299803,0.3190778732299804
241.15208530426025,-0.006086532026529312,-0.5709989547729493,2.2007675170898438,0.30076751708984384
241.18479466438293,-0.006255708634853363,-0.5642354011535644,2.174284744262695,0.2742847442626952
241.2177164554596,-0.006326635181903839,-0.5753544330596924,2.2161115646362304,0.31611156463623047
241.25089049339294,-0.005956690013408661,-0.5621995449066162,2.165677070617676,0.26567707061767587
241.28408789634705,-0.005956690013408661,-0.5621995449066162,2.165677070617676,0.26567707061767587
241.3171272277832,-0.006408724188804627,-0.5739753246307373,2.2122686386108397,0.31226863861083975
241.3496925830841,-0.006256458908319473,-0.5819428443908692,2.2416606903076173,0.34166069030761737
241.38346910476685,-0.006256458908319473,-0.5819428443908692,2.2416606903076173,0.34166069030761737
241.4162573814392,-0.005987058207392692,-0.5690668106079102,2.1934894561767577,0.2934894561767578
241.44950485229492,-0.00615529678761959,-0.5722527980804444,2.2052896499633787,0.3052896499633788
241.48198103904724,-0.0062390100210905075,-0.5773277282714844,2.225357246398926,0.32535724639892605
241.5152986049652,-0.00626496747136116,-0.5703959465026855,2.1979068756103515,0.29790687561035156
241.54808044433594,-0.00626496747136116,-0.5703959465026855,2.1979068756103515,0.29790687561035156
241.5816297531128,-0.006129006296396256,-0.5775591850280761,2.2258327484130858,0.32583274841308585
241.61394429206848,-0.0059331726282835,-0.5632717609405518,2.170305633544922,0.2703056335449219
241.64693093299866,-0.005827030166983604,-0.5718082904815673,2.2032665252685546,0.3032665252685547
241.68019008636475,-0.0059942882508039474,-0.5613140106201172,2.1620414733886717,0.2620414733886718
241.71286416053772,-0.006362618505954742,-0.5796940803527832,2.233778190612793,0.33377819061279324
241.74564814567566,-0.005891402438282967,-0.558801794052124,2.152289390563965,0.25228939056396493
241.7789487838745,-0.006344828754663467,-0.5749800205230713,2.214955139160156,0.31495513916015616
241.81231427192688,-0.006344828754663467,-0.5749800205230713,2.214955139160156,0.31495513916015616
241.8451325893402,-0.006221676617860794,-0.5762022018432618,2.2195579528808596,0.31955795288085964
241.87822151184082,-0.005990978702902794,-0.5635947704315185,2.1713335037231447,0.2713335037231448
241.9118435382843,-0.006018336862325668,-0.5617580890655518,2.164346122741699,0.2643461227416992
241.94415760040283,-0.00595405139029026,-0.5718237876892089,2.203160858154297,0.30316085815429705
241.9769823551178,-0.006281556934118271,-0.576258659362793,2.220333480834961,0.32033348083496094
242.00988626480103,-0.00595412626862526,-0.5769015312194824,2.2228700637817385,0.32287006378173855
242.0430417060852,-0.00595412626862526,-0.5769015312194824,2.2228700637817385,0.32287006378173855
242.07609462738037,-0.00624200738966465,-0.5820240020751953,2.242035675048828,0.34203567504882804
242.10911083221436,-0.006342519074678421,-0.5793966770172119,2.2320602416992186,0.33206024169921866
242.14194440841675,-0.006113535538315773,-0.5757641792297363,2.2186569213867187,0.31865692138671875
242.17504572868347,-0.006323718279600143,-0.5804633140563965,2.2365737915039063,0.3365737915039064
242.2084879875183,-0.006386353075504303,-0.575615119934082,2.2178670883178713,0.31786708831787136
242.24136209487915,-0.006452205777168274,-0.5748923301696778,2.2160676956176757,0.3160676956176758
242.27423191070557,-0.006551173329353332,-0.5792318344116211,2.2316539764404295,0.3316539764404296
242.30717778205872,-0.006551173329353332,-0.5792318344116211,2.2316539764404295,0.3316539764404296
242.3398995399475,-0.0064533941447734834,-0.5802583217620849,2.236250877380371,0.3362508773803712
242.37352299690247,-0.006162428855895996,-0.5675393581390381,2.186846160888672,0.2868461608886719
242.406236410141,-0.0063687853515148165,-0.5842025756835938,2.2505170822143556,0.35051708221435574
242.43912816047668,-0.0062404006719589235,-0.570757532119751,2.1982498168945312,0.29824981689453134
242.47228002548218,-0.006225109100341797,-0.5791913509368897,2.2324508666992187,0.33245086669921875
242.50531578063965,-0.006008908525109291,-0.5706526279449463,2.1994773864746096,0.29947738647460964
242.53817176818848,-0.006180577725172043,-0.5792010307312012,2.2309282302856444,0.33092823028564444
242.57094740867615,-0.006534770131111145,-0.5735988616943359,2.2094316482543945,0.3094316482543946
242.60408425331116,-0.006242478638887406,-0.5777047157287598,2.226041793823242,0.3260417938232423
242.63682866096497,-0.005951031297445297,-0.5619274139404297,2.164469909667969,0.264469909667969
242.6701467037201,-0.00627269297838211,-0.5641387462615967,2.1747838973999025,0.2747838973999026
242.70321035385132,-0.005974889919161797,-0.5623512268066406,2.1665586471557616,0.2665586471557617
242.7359800338745,-0.006331070512533188,-0.5699011325836182,2.1956600189208983,0.29566001892089844
242.7693691253662,-0.006221055239439011,-0.5825238704681397,2.244576263427734,0.3445762634277343
242.80187797546387,-0.006221488490700722,-0.5733173847198486,2.20934944152832,0.3093494415283202
242.83477592468262,-0.006362544745206833,-0.5726250648498535,2.2064308166503905,0.3064308166503906
242.86787605285645,-0.006245163455605507,-0.5706398963928223,2.1984352111816405,0.2984352111816406
242.90091919898987,-0.005973357334733009,-0.5593616485595703,2.154521179199219,0.254521179199219
242.9341380596161,-0.005765696242451668,-0.5685466289520263,2.19012451171875,0.2901245117187501
242.96716594696045,-0.00603875145316124,-0.5724563598632812,2.205842971801758,0.3058429718017579
243.00056767463684,-0.006065059825778008,-0.5710855960845947,2.2009862899780273,0.30098628997802734
243.03327107429504,-0.0058491051197052,-0.568216609954834,2.1900823593139647,0.29008235931396475
243.06621646881104,-0.006242334470152855,-0.5729123115539551,2.2075626373291017,0.30756263732910183
243.0991497039795,-0.00643029734492302,-0.5806443214416503,2.2370302200317385,0.33703022003173855
243.13276147842407,-0.00617736391723156,-0.5735154151916504,2.2095853805541994,0.3095853805541995
243.16554951667786,-0.0062552690505981445,-0.5766590118408204,2.2224607467651367,0.3224607467651368
243.19823908805847,-0.006241790577769279,-0.5693293571472168,2.1956315994262696,0.2956315994262697
243.23123574256897,-0.006345976889133453,-0.5799776077270508,2.2353914260864256,0.3353914260864257
243.26405572891235,-0.006281705200672149,-0.5737306594848632,2.2121633529663085,0.3121633529663086
243.29724073410034,-0.005950598418712616,-0.5795882701873779,2.233090400695801,0.33309040069580087
243.33062934875488,-0.00605979710817337,-0.5698298931121826,2.195583534240723,0.2955835342407229
243.36389017105103,-0.006204747781157494,-0.5752045154571533,2.2160568237304688,0.31605682373046884
243.39757299423218,-0.005855212360620499,-0.5606330871582031,2.1595632553100588,0.25956325531005886
243.43006443977356,-0.0061924982815980915,-0.5656078815460205,2.179470443725586,0.27947044372558594
243.46313285827637,-0.006099983304738999,-0.5709478855133057,2.2002567291259765,0.30025672912597656
243.49556469917297,-0.006058645620942116,-0.5753946304321289,2.217068672180176,0.31706867218017587
243.52848744392395,-0.006594401597976684,-0.572161865234375,2.204469680786133,0.3044696807861329
243.5615198612213,-0.005921218544244766,-0.5649377822875976,2.1765539169311525,0.2765539169311526
243.59462308883667,-0.006237281113862991,-0.5674239158630371,2.1858104705810546,0.2858104705810547
243.62721920013428,-0.006093623116612434,-0.577386999130249,2.224887466430664,0.32488746643066424
243.6602818965912,-0.006419169902801514,-0.5822729110717774,2.2429481506347657,0.3429481506347658
243.69331288337708,-0.006113966926932335,-0.5712165355682373,2.2007761001586914,0.3007761001586915
243.7261519432068,-0.006039104610681534,-0.5618340492248535,2.164406967163086,0.2644069671630862
243.75914025306702,-0.0062233563512563705,-0.5712326526641845,2.201296806335449,0.3012968063354493
243.79240703582764,-0.006136372685432434,-0.55841064453125,2.151262092590332,0.25126209259033194
243.82592678070068,-0.006119680404663086,-0.5716073513031006,2.2029096603393556,0.30290966033935574
243.85857248306274,-0.006237612292170525,-0.5871915817260742,2.2628082275390624,0.3628082275390625
243.89115953445435,-0.006184355542063713,-0.5747633934020996,2.214283561706543,0.31428356170654315
243.92400479316711,-0.00593625009059906,-0.5697451114654541,2.194916915893555,0.29491691589355495
243.95692539215088,-0.00637834370136261,-0.5705214500427246,2.1981073379516602,0.29810733795166033
243.98993682861328,-0.005993980914354324,-0.5674609661102294,2.1861736297607424,0.28617362976074245
244.02289128303528,-0.006066887825727463,-0.5791213035583496,2.2316823959350587,0.33168239593505877
244.05583262443542,-0.006237105280160904,-0.5738310813903809,2.210518646240234,0.3105186462402343
244.08922958374023,-0.00602155588567257,-0.5732022762298584,2.2085945129394533,0.3085945129394534
244.12256908416748,-0.006024066731333733,-0.5648135185241699,2.1753728866577147,0.27537288665771475
244.15542006492615,-0.006187969446182251,-0.5750748157501221,2.2159263610839846,0.31592636108398464
244.18835163116455,-0.006187969446182251,-0.5750748157501221,2.2159263610839846,0.31592636108398464
244.2211492061615,-0.00619601160287857,-0.5719958782196045,2.2034170150756838,0.30341701507568386
244.25422883033752,-0.005989764630794525,-0.5739343166351318,2.211500549316406,0.31150054931640625
244.28734922409058,-0.006261936575174332,-0.5762215614318847,2.2196725845336913,0.3196725845336914
244.31987166404724,-0.0058976512402296065,-0.572888994216919,2.2074522018432616,0.3074522018432617
244.35276103019714,-0.006127443537116051,-0.5664040088653565,2.181689453125,0.28168945312500027
244.38574051856995,-0.006296543031930923,-0.5744633674621582,2.214168739318848,0.3141687393188479
244.41885471343994,-0.006170788407325744,-0.580241346359253,2.2353092193603517,0.33530921936035174
244.45167708396912,-0.005929575115442276,-0.5786248207092285,2.228837585449219,0.3288375854492189
244.48531413078308,-0.0061309847980737684,-0.5706315994262695,2.1982040405273438,0.29820404052734384
244.5181121826172,-0.0058649472892284395,-0.5709002494812012,2.199372482299805,0.29937248229980495
244.55086946487427,-0.006159865111112594,-0.5679253101348877,2.1878992080688477,0.28789920806884783
244.58363366127014,-0.006063395738601684,-0.5749525547027587,2.215969467163086,0.31596946716308594
244.6172182559967,-0.006208467110991478,-0.5785618782043457,2.22955436706543,0.32955436706542995
244.6502206325531,-0.005876008048653602,-0.5626208305358886,2.1672203063964846,0.26722030639648464
244.6826720237732,-0.006110614910721779,-0.5699938774108887,2.1960689544677736,0.2960689544677737
244.71622109413147,-0.006110614910721779,-0.5699938774108887,2.1960689544677736,0.2960689544677737
244.7491934299469,-0.0061984948813915254,-0.5753034114837646,2.2168354034423827,0.3168354034423828
244.78228306770325,-0.006101618334650993,-0.5631062507629394,2.169876289367676,0.26987628936767605
244.81525802612305,-0.005881704762578011,-0.572547435760498,2.2061183929443358,0.30611839294433585
244.8480305671692,-0.005990879610180855,-0.5751612186431885,2.2162006378173826,0.3162006378173827
244.88077044487,-0.006178759038448334,-0.5740180015563965,2.2114749908447267,0.31147499084472674
244.91373538970947,-0.006030409783124924,-0.5813117980957031,2.2395944595336914,0.3395944595336915
244.94705033302307,-0.006030409783124924,-0.5813117980957031,2.2395944595336914,0.3395944595336915
244.97987532615662,-0.006087619811296463,-0.5683513164520264,2.189430809020996,0.28943080902099627
245.0130443572998,-0.00606284961104393,-0.5734772682189941,2.2092233657836915,0.3092233657836916
245.04580760002136,-0.006295540928840637,-0.577181053161621,2.223862075805664,0.32386207580566406
245.07886695861816,-0.006295540928840637,-0.577181053161621,2.223862075805664,0.32386207580566406
245.1119601726532,-0.005951381102204323,-0.5732248306274415,2.208192253112793,0.30819225311279297
245.1452157497406,-0.006076660752296448,-0.5712349891662598,2.200083923339844,0.300083923339844
245.17839193344116,-0.006076660752296448,-0.5712349891662598,2.200083923339844,0.300083923339844
245.2110631465912,-0.00595051646232605,-0.5607498168945313,2.160409355163574,0.2604093551635742
245.24367356300354,-0.005960674583911895,-0.5688052654266358,2.191415023803711,0.2914150238037112
245.2770118713379,-0.005960674583911895,-0.5688052654266358,2.191415023803711,0.2914150238037112
245.309752702713,-0.005913263559341431,-0.5641127109527588,2.1732156753540037,0.2732156753540038
245.3428647518158,-0.005913263559341431,-0.5641127109527588,2.1732156753540037,0.2732156753540038
245.37599420547485,-0.006172049418091774,-0.5764032363891601,2.2207820892333983,0.32078208923339835
245.40866589546204,-0.006396716088056564,-0.572538948059082,2.205765724182129,0.305765724182129
245.44206619262695,-0.006396716088056564,-0.572538948059082,2.205765724182129,0.305765724182129
245.47507095336914,-0.006056749820709228,-0.5609949111938477,2.1610151290893556,0.26101512908935565
245.5079367160797,-0.006111524999141693,-0.5671310901641846,2.1848800659179686,0.28488006591796866
245.54141759872437,-0.006178806722164154,-0.566704511642456,2.183029556274414,0.28302955627441406
245.5742905139923,-0.006178806722164154,-0.566704511642456,2.183029556274414,0.28302955627441406
245.6072506904602,-0.006196608394384384,-0.5717643737792969,2.2027685165405275,0.3027685165405276
245.64050483703613,-0.005991094931960106,-0.5780182361602784,2.2267969131469725,0.32679691314697257
245.673269033432,-0.006256979703903198,-0.5691444873809814,2.192558479309082,0.2925584793090823
245.70646286010742,-0.006025454774498939,-0.5639187335968018,2.171958351135254,0.2719583511352539
245.73942947387695,-0.00609021931886673,-0.5739316463470459,2.21087646484375,0.3108764648437501
245.77245020866394,-0.005924133956432343,-0.5691960334777832,2.192301368713379,0.2923013687133791
245.80509328842163,-0.006008774042129517,-0.5769794464111329,2.2230112075805666,0.3230112075805667
245.8384232521057,-0.006008774042129517,-0.5769794464111329,2.2230112075805666,0.3230112075805667
245.87118816375732,-0.006197733432054519,-0.5687464714050293,2.191310691833496,0.291310691833496
245.9043300151825,-0.0059431008994579315,-0.5665323257446289,2.1822349548339846,0.28223495483398464
245.93677711486816,-0.005909312888979912,-0.5750361442565918,2.215108871459961,0.315108871459961
245.96978521347046,-0.0059238094836473465,-0.5674603462219239,2.1858978271484375,0.2858978271484376
246.0041253566742,-0.0059238094836473465,-0.5674603462219239,2.1858978271484375,0.2858978271484376
246.03607892990112,-0.005838498473167419,-0.5672097206115723,2.1849660873413086,0.2849660873413087
246.06898522377014,-0.0063063852488994595,-0.573253870010376,2.20800895690918,0.30800895690917995
246.1020267009735,-0.0059942882508039474,-0.5613140106201172,2.1620414733886717,0.2620414733886718
246.1350758075714,-0.006086191534996033,-0.5689329147338867,2.191402244567871,0.291402244567871
246.16835474967957,-0.005958720296621323,-0.5682713985443115,2.1888078689575194,0.28880786895751953
246.20088243484497,-0.005989199876785279,-0.5628377437591553,2.16783447265625,0.26783447265625027
246.2343897819519,-0.005878498032689095,-0.5727302074432373,2.205997848510742,0.3059978485107422
246.2670443058014,-0.005963004007935524,-0.5644984245300293,2.1746612548828126,0.2746612548828127
246.2998297214508,-0.005963132157921791,-0.5777652263641357,2.2252120971679688,0.32521209716796884
246.3329222202301,-0.006361875683069229,-0.5726846218109131,2.206729507446289,0.30672950744628924
246.3657546043396,-0.006108566373586655,-0.578737735748291,2.2297096252441406,0.3297096252441407
246.39916944503784,-0.006108566373586655,-0.578737735748291,2.2297096252441406,0.3297096252441407
246.43193125724792,-0.006245831027626991,-0.5782978534698486,2.2276723861694334,0.3276723861694335
246.465008020401,-0.00628071054816246,-0.575927734375,2.2193115234375,0.3193115234374999
246.4979453086853,-0.005887748301029205,-0.5622283935546875,2.166329002380371,0.26632900238037127
246.53125405311584,-0.005858736857771873,-0.5788969993591309,2.2301681518554686,0.33016815185546866
246.56431913375854,-0.00615805946290493,-0.565330982208252,2.1780685424804687,0.27806854248046875
246.59749722480774,-0.006220145896077156,-0.5754658222198487,2.216668891906738,0.3166688919067382
246.63022923469543,-0.005941643193364143,-0.5624768257141113,2.1668731689453127,0.26687316894531277
246.6633267402649,-0.005973047018051148,-0.5629209995269775,2.1688671112060547,0.2688671112060548
246.69610714912415,-0.006220820546150208,-0.5812773704528809,2.2389793395996094,0.33897933959960946
246.72924757003784,-0.005843475833535195,-0.5729021549224853,2.207015609741211,0.3070156097412111
246.76246786117554,-0.00599723793566227,-0.5715500354766846,2.201487350463867,0.3014873504638671
246.79607367515564,-0.006148836761713028,-0.566664171218872,2.1830053329467773,0.28300533294677743
246.82849597930908,-0.00610722117125988,-0.5713715076446533,2.2012460708618162,0.3012460708618163
246.86115026474,-0.006200405210256577,-0.5801750659942627,2.2350830078125,0.3350830078125
246.89408993721008,-0.005876462161540985,-0.5697869300842285,2.1946880340576174,0.29468803405761745
246.92838859558105,-0.005971592664718628,-0.580769157409668,2.237173843383789,0.337173843383789
246.96053409576416,-0.006118148192763328,-0.5793439865112304,2.2319080352783205,0.3319080352783206
246.99364638328552,-0.005894865840673447,-0.56333327293396,2.1705862045288087,0.27058620452880877
247.02694129943848,-0.006144289672374725,-0.5782441616058349,2.2275442123413085,0.3275442123413086
247.06011724472046,-0.006109637767076492,-0.5757242202758789,2.2176151275634766,0.31761512756347665
247.09282398223877,-0.006123482808470726,-0.5802879333496094,2.235550880432129,0.335550880432129
247.125634431839,-0.0058761022984981535,-0.5623262882232666,2.1664201736450197,0.2664201736450198
247.15879440307617,-0.006009994074702263,-0.5703049182891846,2.196976661682129,0.296976661682129
247.19118070602417,-0.006082994118332863,-0.5714906215667724,2.20169734954834,0.30169734954833993
247.2246608734131,-0.006109759211540222,-0.5720948219299317,2.203348731994629,0.3033487319946291
247.25773859024048,-0.0061781473457813265,-0.5758443355560303,2.2182710647583006,0.3182710647583007
247.290118932724,-0.005953360721468926,-0.5746360301971436,2.21458740234375,0.31458740234375027
247.32320499420166,-0.006161576882004738,-0.5709650993347168,2.20001106262207,0.3000110626220702
247.3562285900116,-0.006154917553067208,-0.574859619140625,2.2146724700927733,0.31467247009277344
247.3891773223877,-0.005970770120620727,-0.571416711807251,2.200555992126465,0.3005559921264651
247.42218923568726,-0.00609482116997242,-0.578075647354126,2.2271453857421877,0.32714538574218777
247.4550392627716,-0.0061230815947055815,-0.5834978580474853,2.2480140686035157,0.3480140686035158
247.4881579875946,-0.005833452939987183,-0.5692932605743408,2.193821334838867,0.2938213348388672
247.52090287208557,-0.006094696745276451,-0.5848742485046386,2.2530351638793946,0.3530351638793947
247.55428504943848,-0.006023341417312622,-0.577519416809082,2.224782371520996,0.3247823715209961
247.5872139930725,-0.005963348224759102,-0.5710744857788086,2.199746513366699,0.2997465133666992
247.62026572227478,-0.006012601777911186,-0.5656228542327881,2.1791475296020506,0.2791475296020507
247.65290665626526,-0.006281699240207672,-0.5790467262268066,2.230409049987793,0.33040904998779297
247.6864070892334,-0.006140410527586937,-0.588294267654419,2.266045570373535,0.36604557037353525
247.7188732624054,-0.006245679780840873,-0.5782952785491944,2.2277015686035155,0.3277015686035156
247.7518515586853,-0.006192496418952942,-0.5706088066101074,2.197756767272949,0.2977567672729493
247.7849805355072,-0.005965223535895348,-0.5635036945343017,2.1701826095581054,0.27018260955810547
247.81769442558289,-0.00621081255376339,-0.5761279582977294,2.2198915481567383,0.31989154815673837
247.8514368534088,-0.006499841809272766,-0.5834640502929688,2.2475666046142577,0.3475666046142578
247.88433718681335,-0.005922720581293106,-0.5693969249725341,2.194431495666504,0.2944314956665042
247.91715812683105,-0.006031331792473793,-0.5808505535125732,2.237959861755371,0.3379598617553712
247.95033621788025,-0.006261936575174332,-0.5762215614318847,2.2196725845336913,0.3196725845336914
247.98290252685547,-0.00608544573187828,-0.5806989192962646,2.2370349884033205,0.3370349884033206
248.01583814620972,-0.0060631752014160155,-0.577750825881958,2.226485824584961,0.3264858245849611
248.04891419410706,-0.0059411700814962385,-0.5634299755096436,2.1708778381347655,0.2708778381347656
248.0819571018219,-0.006121731922030449,-0.5708213806152344,2.2000762939453127,0.30007629394531277
248.11541891098022,-0.006143999099731445,-0.578525447845459,2.22885684967041,0.32885684967041007
248.14821696281433,-0.006089423969388008,-0.5690412044525146,2.192202568054199,0.2922025680541993
248.18113040924072,-0.00596042200922966,-0.5633034706115723,2.169732093811035,0.26973209381103525
248.21413135528564,-0.006431423127651215,-0.5840466499328614,2.2504648208618163,0.3504648208618164
248.24739909172058,-0.006098423898220062,-0.5777959823608398,2.226662826538086,0.3266628265380862
248.28030586242676,-0.006103802844882012,-0.5716241836547852,2.201732635498047,0.30173263549804696
248.3132107257843,-0.006321671605110169,-0.5728877544403076,2.2068950653076174,0.30689506530761745
248.34578800201416,-0.006239496171474457,-0.5690359115600586,2.1917577743530274,0.2917577743530275
248.38005924224854,-0.0063357636332511905,-0.5690189838409424,2.1917633056640624,0.2917633056640625
248.41263127326965,-0.006079814583063126,-0.5678488254547119,2.187911033630371,0.2879110336303712
248.44522404670715,-0.006125624477863312,-0.5715224266052246,2.2019948959350586,0.3019948959350587
248.47814273834229,-0.005971860513091088,-0.5602307796478272,2.1578372955322265,0.25783729553222656
248.5109887123108,-0.0061826005578041075,-0.572986650466919,2.2072422027587892,0.30724220275878933
248.54379439353943,-0.0061622332781553265,-0.5782300949096679,2.2280342102050783,0.3280342102050784
248.5768084526062,-0.00610390193760395,-0.5666728496551514,2.1829574584960936,0.28295745849609366
248.60971975326538,-0.006069708988070488,-0.5711663246154786,2.200478744506836,0.3004787445068362
248.64272618293762,-0.0061196800321340564,-0.5717426300048828,2.2021499633789063,0.3021499633789064
248.6760585308075,-0.005879711359739304,-0.5713241577148438,2.200782585144043,0.3007825851440429
248.70923519134521,-0.005879711359739304,-0.5713241577148438,2.200782585144043,0.3007825851440429
248.74225640296936,-0.005890924856066704,-0.5710328102111817,2.200168800354004,0.3001688003540042
248.77539825439453,-0.005867697671055794,-0.5699913501739502,2.1960063934326173,0.29600639343261737
248.80808806419373,-0.005745603516697883,-0.5734032154083252,2.209067535400391,0.3090675354003909
248.8414957523346,-0.005745603516697883,-0.5734032154083252,2.209067535400391,0.3090675354003909
248.87641882896423,-0.006308005005121231,-0.5842519283294678,2.251317596435547,0.35131759643554705
248.90895462036133,-0.006343036890029907,-0.5722195625305175,2.2042024612426756,0.3042024612426757
248.9410207271576,-0.006189502030611038,-0.5868128776550293,2.2607635498046874,0.3607635498046875
248.9742546081543,-0.0058543823659420015,-0.5614935398101807,2.1634195327758787,0.2634195327758788
249.00732946395874,-0.006369800120592117,-0.5784016132354737,2.2291027069091798,0.32910270690917987
249.04068398475647,-0.005947050079703331,-0.5655027389526367,2.1783462524414063,0.2783462524414064
249.07312607765198,-0.005999302864074707,-0.56964111328125,2.195016098022461,0.2950160980224612
249.10660481452942,-0.00617813654243946,-0.5758431911468506,2.2182666778564455,0.3182666778564456
249.1383912563324,-0.005896585807204246,-0.5688653469085694,2.1916099548339845,0.29160995483398455
249.171391248703,-0.005798845365643501,-0.5717308998107911,2.202366828918457,0.3023668289184571
249.2043445110321,-0.006313516199588776,-0.5836144924163819,2.2481313705444337,0.34813137054443377
249.2373285293579,-0.006162414327263832,-0.5677612781524658,2.1872028350830077,0.2872028350830078
249.2703251838684,-0.006127461791038513,-0.57206711769104,2.204328727722168,0.30432872772216824
249.3030571937561,-0.0059394799172878265,-0.5712721347808838,2.2008478164672853,0.3008478164672854
249.33587288856506,-0.006300237029790878,-0.5783117771148681,2.2282838821411133,0.32828388214111337
249.36889243125916,-0.006300237029790878,-0.5783117771148681,2.2282838821411133,0.32828388214111337
249.40193915367126,-0.006024868041276932,-0.5773880481719971,2.2244726181030274,0.3244726181030275
249.4347379207611,-0.00620141327381134,-0.5779635429382324,2.22802619934082,0.3280261993408202
249.46775889396667,-0.006144323945045471,-0.5710112094879151,2.200199317932129,0.3001993179321292
249.50099349021912,-0.006144323945045471,-0.5710112094879151,2.200199317932129,0.3001993179321292
249.53463697433472,-0.00590740293264389,-0.574721097946167,2.2149810791015625,0.3149810791015626
249.56741309165955,-0.006034296378493309,-0.5717700958251953,2.203311729431152,0.30331172943115225
249.5998730659485,-0.006132464483380317,-0.5778464317321778,2.2275369644165037,0.3275369644165038
249.63281345367432,-0.005718331411480903,-0.5725435733795166,2.206046485900879,0.3060464859008789
249.66582942008972,-0.005718331411480903,-0.5725435733795166,2.206046485900879,0.3060464859008789
249.69941592216492,-0.00599759891629219,-0.5778101921081543,2.2267051696777345,0.32670516967773455
249.73230648040771,-0.006115445494651794,-0.5745703697204589,2.2136674880981446,0.3136674880981447
249.76565432548523,-0.005900816619396209,-0.567716407775879,2.1881078720092773,0.28810787200927734
249.79826307296753,-0.0061172500252723696,-0.5722800254821777,2.205843925476074,0.3058439254760743
249.83139085769653,-0.00593232624232769,-0.5822856426239014,2.2441654205322266,0.34416542053222665
249.86429119110107,-0.006212696060538292,-0.575870418548584,2.2200361251831056,0.32003612518310565
249.8970263004303,-0.005901934951543808,-0.5785985469818116,2.2295368194580076,0.3295368194580077
249.9297959804535,-0.006088593974709511,-0.5811976432800293,2.2396820068359373,0.3396820068359374
249.9631941318512,-0.005931329727172851,-0.57161865234375,2.2033454895019533,0.3033454895019534
249.99631309509277,-0.0058029815554618835,-0.5720487117767334,2.2044239044189453,0.3044239044189454
250.02921390533447,-0.005795998498797417,-0.574459171295166,2.2136911392211913,0.3136911392211914
250.0627896785736,-0.006119663268327713,-0.5786510467529297,2.2296852111816405,0.3296852111816406
250.0954201221466,-0.006109421327710152,-0.5761914253234863,2.2201976776123047,0.3201976776123048
250.12830352783203,-0.005891724675893784,-0.5663397789001465,2.1830509185791014,0.2830509185791015
250.16141772270203,-0.005725943669676781,-0.5738818168640136,2.2109914779663087,0.31099147796630877
250.19382548332214,-0.005965945869684219,-0.574907636642456,2.2151817321777343,0.3151817321777344
250.2269790172577,-0.006023385003209114,-0.5783998489379882,2.2284799575805665,0.3284799575805666
250.25991535186768,-0.005847753584384918,-0.5797408103942872,2.2347528457641603,0.3347528457641604
250.29289865493774,-0.005945909023284912,-0.5694074630737305,2.194588851928711,0.2945888519287112
250.32646656036377,-0.005891993269324302,-0.5681778430938721,2.1889944076538086,0.2889944076538087
250.35921263694763,-0.005871567875146866,-0.5786649703979492,2.2310213088989257,0.3310213088989258
250.3924732208252,-0.005784258246421814,-0.5769777774810791,2.223558807373047,0.3235588073730469
250.4254231452942,-0.006199267134070397,-0.5703878402709961,2.1981258392333984,0.2981258392333985
250.45876145362854,-0.006316123902797699,-0.5761550903320313,2.2203557968139647,0.32035579681396475
250.4918258190155,-0.006285510212182999,-0.5673440933227539,2.185984802246094,0.285984802246094
250.52447175979614,-0.0061721321195364,-0.5810152530670166,2.2399240493774415,0.3399240493774416
250.5575976371765,-0.005843031406402588,-0.5752240657806397,2.2165285110473634,0.31652851104736346
250.59086441993713,-0.00605943538248539,-0.5658796310424805,2.1806972503662108,0.28069725036621085
250.6237461566925,-0.005867720767855644,-0.570250129699707,2.197203254699707,0.2972032546997072
250.6568431854248,-0.005854962393641472,-0.561741304397583,2.164168930053711,0.2641689300537111
250.68954205513,-0.00578748919069767,-0.5775732517242431,2.225496292114258,0.3254962921142579
250.72257733345032,-0.006152792274951935,-0.5793126106262207,2.232252502441406,0.33225250244140625
250.7552788257599,-0.00580417700111866,-0.5652641296386719,2.179037094116211,0.279037094116211
250.78806972503662,-0.0060559682548046116,-0.5686913967132569,2.191786003112793,0.29178600311279324
250.82122802734375,-0.006040025874972344,-0.5744243144989014,2.2146677017211913,0.3146677017211914
250.8548939228058,-0.00628080740571022,-0.5841371536254882,2.25109806060791,0.35109806060791016
250.8873529434204,-0.0058151397854089735,-0.5675148010253906,2.187042808532715,0.287042808532715
250.92055463790894,-0.005965041369199753,-0.5641435146331787,2.1736642837524416,0.2736642837524417
250.95387411117554,-0.006074919179081917,-0.5722039699554443,2.2044164657592775,0.3044164657592776
250.98625087738037,-0.00585733875632286,-0.5707428932189942,2.1995468139648438,0.29954681396484384
251.01939916610718,-0.006166009604930878,-0.5853043556213379,2.254410743713379,0.354410743713379
251.0525734424591,-0.005868049710988999,-0.5792453289031982,2.231378936767578,0.3313789367675781
251.08520126342773,-0.0060125220566987995,-0.576611852645874,2.2217695236206056,0.32176952362060574
251.1179177761078,-0.0059425607323646545,-0.5697293758392334,2.1952442169189452,0.2952442169189453
251.15110397338867,-0.00594947375357151,-0.5782824993133545,2.228373336791992,0.3283733367919921
251.18399119377136,-0.005978923290967941,-0.5700923442840576,2.196609687805176,0.29660968780517605
251.2170765399933,-0.005756887421011925,-0.5754129886627197,2.2175994873046876,0.3175994873046877
251.25002813339233,-0.006290902197360992,-0.5840822696685791,2.250844192504883,0.3508441925048831
251.28325390815735,-0.005883793160319328,-0.569127082824707,2.1928266525268554,0.29282665252685547
251.31651425361633,-0.005812723934650421,-0.5760271549224854,2.219926452636719,0.3199264526367189
251.34909987449646,-0.005972614884376526,-0.5642013549804688,2.1745349884033205,0.2745349884033206
251.38199186325073,-0.005808674544095993,-0.5641136646270752,2.173592758178711,0.2735927581787112
251.41492772102356,-0.005907488986849785,-0.5752751350402832,2.2161161422729494,0.3161161422729495
251.44773149490356,-0.005993619188666343,-0.5829100131988525,2.2454202651977537,0.3454202651977538
251.48098826408386,-0.005972549691796303,-0.5808560371398925,2.2387475967407227,0.33874759674072275
251.51436281204224,-0.0061139952391386036,-0.5833104133605957,2.2481716156005858,0.34817161560058585
251.5473828315735,-0.005661613494157791,-0.574648380279541,2.2139602661132813,0.3139602661132814
251.5801842212677,-0.005865782871842385,-0.5764678955078125,2.2209632873535154,0.32096328735351554
251.6130292415619,-0.005775200203061104,-0.569529390335083,2.19384651184082,0.2938465118408202
251.64608597755432,-0.005775200203061104,-0.569529390335083,2.19384651184082,0.2938465118408202
251.6790165901184,-0.005762838944792748,-0.5767924308776855,2.2218461990356446,0.3218461990356447
251.71190404891968,-0.005757439881563187,-0.5767688751220703,2.2224687576293944,0.32246875762939453
251.74497532844543,-0.0059583630412817,-0.5834045886993409,2.247002601623535,0.34700260162353525
251.7778515815735,-0.005741835758090019,-0.5746964454650879,2.2137725830078123,0.3137725830078124
251.81085562705994,-0.00588083453476429,-0.5615556716918946,2.1631845474243163,0.2631845474243164
251.84384679794312,-0.005868050456047058,-0.5792456150054932,2.2313798904418944,0.33137989044189453
251.87698197364807,-0.006072413921356201,-0.5706015586853027,2.197572708129883,0.2975727081298829
251.90979433059692,-0.005936187878251076,-0.5812392234802246,2.2386627197265625,0.3386627197265626
251.9429521560669,-0.005903468653559685,-0.5696747303009033,2.1944852828979493,0.2944852828979494
251.97606658935547,-0.006045515462756157,-0.5838809967041015,2.249864959716797,0.3498649597167969
252.0091667175293,-0.005957597866654396,-0.5703587532043457,2.1973621368408205,0.2973621368408206
252.0424680709839,-0.005847617983818054,-0.5652454853057861,2.177358055114746,0.2773580551147461
252.07517862319946,-0.005845190957188606,-0.5761990070343017,2.220417022705078,0.3204170227050782
252.10806608200073,-0.005823588371276856,-0.5703504085540771,2.198200225830078,0.2982002258300782
252.14090728759766,-0.005744330957531929,-0.5755419254302978,2.2179534912109373,0.3179534912109374
252.17397260665894,-0.006035594269633293,-0.5748454570770264,2.2154041290283204,0.3154041290283205
252.2069501876831,-0.005754537880420685,-0.5674990653991699,2.186025619506836,0.286025619506836
252.2398316860199,-0.005633728206157684,-0.5760696411132813,2.22012996673584,0.32012996673583993
252.27267241477966,-0.005990456789731979,-0.574501371383667,2.2136375427246096,0.31363754272460964
252.30621981620789,-0.005944652110338211,-0.5772212505340576,2.22408504486084,0.3240850448608401
252.33896565437317,-0.005902987718582153,-0.5674222469329834,2.1863887786865233,0.28638877868652335
252.372052192688,-0.00603368915617466,-0.5780908584594726,2.226888084411621,0.3268880844116211
252.40492987632751,-0.005997661501169205,-0.5830829620361329,2.246045684814453,0.3460456848144533
252.43832445144653,-0.005997661501169205,-0.5830829620361329,2.246045684814453,0.3460456848144533
252.4709997177124,-0.006104792281985283,-0.5751585483551025,2.2158815383911135,0.31588153839111355
252.50433826446533,-0.005907483771443367,-0.5752745628356933,2.216114044189453,0.3161140441894532
252.53707766532898,-0.005784980207681656,-0.5763272762298584,2.2195192337036134,0.31951923370361346
252.5698528289795,-0.00601339116692543,-0.5701035976409912,2.1959548950195313,0.2959548950195314
252.6029806137085,-0.005951619893312454,-0.5694969177246094,2.1940460205078125,0.2940460205078126
252.63569259643555,-0.005853353813290596,-0.570298433303833,2.1972352981567385,0.29723529815673855
252.6694095134735,-0.005853353813290596,-0.570298433303833,2.1972352981567385,0.29723529815673855
252.70202326774597,-0.005955957993865013,-0.5800450325012207,2.234537887573242,0.3345378875732421
252.73534440994263,-0.005955957993865013,-0.5800450325012207,2.234537887573242,0.3345378875732421
252.76794862747192,-0.006223331391811371,-0.5800511837005615,2.2344764709472655,0.3344764709472656
252.80114650726318,-0.00589715987443924,-0.5646426677703857,2.1750089645385744,0.2750089645385745
252.83428168296814,-0.00589715987443924,-0.5646426677703857,2.1750089645385744,0.2750089645385745
252.86734795570374,-0.005974980816245079,-0.5671891689300537,2.185184288024902,0.28518428802490225
252.90035820007324,-0.0061001889407634735,-0.5650077819824219,2.1764739990234374,0.2764739990234375
252.9333393573761,-0.005998134613037109,-0.5711367130279541,2.200150489807129,0.300150489807129
252.96634197235107,-0.006131669878959656,-0.5778529644012451,2.2263139724731444,0.32631397247314453
252.99932861328125,-0.006054743379354477,-0.572798776626587,2.207235336303711,0.307235336303711
253.03212761878967,-0.005763936415314674,-0.565534257888794,2.178778076171875,0.278778076171875
253.06499457359314,-0.005718355625867843,-0.57254638671875,2.2060577392578127,0.30605773925781277
253.09866857528687,-0.006019503250718117,-0.5808907985687256,2.2384628295898437,0.33846282958984375
253.13098907470703,-0.0058850012719631195,-0.5702851295471192,2.1974632263183596,0.29746322631835964
253.16395568847656,-0.006019625812768936,-0.5723559856414795,2.2057367324829102,0.30573673248291033
253.19708728790283,-0.005986963212490082,-0.5725347518920898,2.206241226196289,0.30624122619628924
253.2300944328308,-0.00602828599512577,-0.5766139030456543,2.2215980529785155,0.3215980529785156
253.26399064064026,-0.005813108757138252,-0.5644704341888428,2.174422264099121,0.2744222640991212
253.2960169315338,-0.005896488204598427,-0.582697057723999,2.2449596405029295,0.3449596405029296
253.32888460159302,-0.006015586480498314,-0.563300895690918,2.169694709777832,0.26969470977783194
253.3618495464325,-0.006307960301637649,-0.578928804397583,2.2308143615722655,0.3308143615722656
253.39497828483582,-0.0059805534780025486,-0.5618032932281494,2.164290428161621,0.2642904281616212
253.42802572250366,-0.005765695869922638,-0.5685468673706054,2.1901254653930664,0.2901254653930665
253.46085166931152,-0.005933589488267899,-0.5705344676971436,2.1982959747314452,0.2982959747314453
253.49402284622192,-0.006061559915542603,-0.5721732616424561,2.2043893814086912,0.3043893814086913
253.526793718338,-0.0060108046978712085,-0.5628615856170655,2.1682104110717773,0.26821041107177734
253.5599980354309,-0.0060108046978712085,-0.5628615856170655,2.1682104110717773,0.26821041107177734
253.59284663200378,-0.006329303234815597,-0.5746086597442627,2.213776397705078,0.31377639770507804
253.6264762878418,-0.006042059883475304,-0.5765080451965332,2.220960807800293,0.32096080780029324
253.65918946266174,-0.006153782457113266,-0.5764388561248779,2.2206275939941404,0.32062759399414054
253.69182467460632,-0.006292568892240525,-0.5802963733673095,2.235733985900879,0.335733985900879
253.72491240501404,-0.006076883152127266,-0.5819673061370849,2.242620658874512,0.342620658874512
253.7580177783966,-0.006080599874258042,-0.5724871635437012,2.2056886672973635,0.30568866729736355
253.79088807106018,-0.006139994040131569,-0.5736767292022705,2.209847068786621,0.30984706878662127
253.82402634620667,-0.005940530076622963,-0.5642661571502685,2.173379325866699,0.2733793258666992
253.85696983337402,-0.006252647191286087,-0.5694549083709717,2.193421173095703,0.29342117309570304
253.89003252983093,-0.005814764648675919,-0.5567675113677979,2.1446725845336916,0.24467258453369167
253.92333102226257,-0.006321408599615097,-0.5883420467376709,2.266248321533203,0.3662483215332033
253.95623469352722,-0.006192605197429657,-0.5726323604583741,2.206045913696289,0.306045913696289
253.99160075187683,-0.005885771661996842,-0.5732882499694825,2.2088178634643554,0.30881786346435547
254.02245903015137,-0.006022916361689568,-0.5727562427520752,2.2064369201660154,0.30643692016601554
254.05567479133606,-0.0060408469289541245,-0.5662784099578857,2.1814699172973633,0.28146991729736337
254.0886173248291,-0.005993930995464325,-0.5781028747558594,2.2268003463745116,0.3268003463745117
254.1214039325714,-0.005844390019774437,-0.5743741989135742,2.212896728515625,0.312896728515625
254.1541349887848,-0.005995433405041694,-0.5750845432281494,2.215347671508789,0.31534767150878906
254.1874806880951,-0.006310996413230896,-0.5832621097564697,2.2468294143676757,0.3468294143676758
254.22042059898376,-0.005988607183098793,-0.5656380653381348,2.178802490234375,0.2788024902343751
254.25360321998596,-0.006074771657586098,-0.5786309719085694,2.229713249206543,0.3297132492065429
254.28621435165405,-0.006129363179206848,-0.5803074836730957,2.2358282089233397,0.33582820892333975
254.3193702697754,-0.006072867289185524,-0.5685203075408936,2.189624214172363,0.2896242141723633
254.3524341583252,-0.00625426322221756,-0.5728935718536377,2.2071292877197264,0.3071292877197265
254.38553023338318,-0.0058536596596241,-0.5594512939453125,2.154545783996582,0.2545457839965821
254.4179883003235,-0.006073075532913208,-0.5750761032104492,2.2154659271240233,0.31546592712402344
254.4517741203308,-0.005889273807406425,-0.5653627872467041,2.178032112121582,0.2780321121215823
254.48480463027954,-0.0060975998640060425,-0.5695792675018311,2.1944189071655273,0.29441890716552743
254.51724886894226,-0.005841932445764542,-0.5732959270477295,2.2079044342041017,0.30790443420410174
254.5504274368286,-0.005823619291186332,-0.5627742290496827,2.1675992965698243,0.2675992965698244
254.58349585533142,-0.0060011807829141615,-0.5618949890136719,2.164741325378418,0.2647413253784179
254.61662316322327,-0.006056765094399452,-0.570441722869873,2.1973831176757814,0.2973831176757815
254.64943432807922,-0.0059094857424497604,-0.5804205417633057,2.2359621047973635,0.33596210479736355
254.6823365688324,-0.0063482984900474545,-0.5799642562866211,2.2341236114501952,0.3341236114501953
254.71553230285645,-0.006171049922704697,-0.5694486618041992,2.194565200805664,0.29456520080566406
254.74830627441406,-0.005900957807898522,-0.5649417877197266,2.1756832122802736,0.2756832122802737
254.78137063980103,-0.0059350568801164625,-0.5767860412597656,2.221748161315918,0.3217481613159179
254.81471371650696,-0.005906035378575325,-0.5673182010650635,2.1854515075683594,0.28545150756835946
254.84689044952393,-0.005809495970606804,-0.576229190826416,2.2197877883911135,0.31978778839111355
254.88029384613037,-0.00632120668888092,-0.5765486240386963,2.220891571044922,0.32089157104492205
254.91355204582214,-0.005995360761880874,-0.5747067928314209,2.214099884033203,0.3140998840332032
254.94625639915466,-0.006123553216457367,-0.5710132598876954,2.1995517730712892,0.29955177307128933
254.97980213165283,-0.005933814868330956,-0.5773516654968261,2.2252017974853517,0.32520179748535183
255.01233911514282,-0.005957154557108879,-0.5685756206512451,2.19048957824707,0.2904895782470702
255.0454490184784,-0.005912359058856964,-0.5740582942962646,2.2121957778930663,0.3121957778930664
255.0783269405365,-0.006322741508483887,-0.5837987422943115,2.2496517181396483,0.34965171813964835
255.11116862297058,-0.006170640885829926,-0.5847973346710205,2.2525930404663086,0.3525930404663087
255.14415740966797,-0.005698975175619125,-0.5714086532592774,2.2010717391967773,0.30107173919677743
255.17747902870178,-0.005875422805547714,-0.5706692218780518,2.19879150390625,0.2987915039062501
255.21040272712708,-0.005762851238250733,-0.5767934322357178,2.2218502044677733,0.32185020446777335
255.2432506084442,-0.005984346196055412,-0.5689370632171631,2.1925683975219727,0.29256839752197283
255.27581405639648,-0.0060004137456417085,-0.5671631336212158,2.184794044494629,0.2847940444946291
255.30913281440735,-0.0060004137456417085,-0.5671631336212158,2.184794044494629,0.2847940444946291
255.34234523773193,-0.005756650120019913,-0.5783651351928711,2.2285587310791017,0.32855873107910183
255.37492966651917,-0.00573040060698986,-0.5692421436309815,2.1940078735351562,0.29400787353515634
255.40766096115112,-0.006385116279125214,-0.582384729385376,2.244963836669922,0.34496383666992214
255.44094038009644,-0.006269828230142593,-0.5765931129455566,2.222263717651367,0.3222637176513672
255.4738211631775,-0.0060778606683015825,-0.5727824211120606,2.2083330154418945,0.3083330154418946
255.50699830055237,-0.006156055256724358,-0.5741519451141357,2.212327003479004,0.312327003479004
255.54025435447693,-0.006268499791622162,-0.5776861667633056,2.2256753921508787,0.3256753921508788
255.5731348991394,-0.006049202010035515,-0.5727640151977539,2.2070470809936524,0.3070470809936525
255.6061224937439,-0.00584641732275486,-0.5679304122924804,2.188066101074219,0.2880661010742189
255.63925981521606,-0.006014103814959526,-0.5781659126281739,2.227425956726074,0.3274259567260742
255.6720552444458,-0.005772468820214272,-0.5640813827514648,2.173457717895508,0.273457717895508
255.7052824497223,-0.006136330589652061,-0.586008358001709,2.2576566696166993,0.3576566696166994
255.7380199432373,-0.005774350464344024,-0.5705653667449951,2.1980714797973633,0.29807147979736337
255.77115488052368,-0.0057562366127967834,-0.5735353946685791,2.2095775604248047,0.3095775604248048
255.80392980575562,-0.005735281482338905,-0.5714561462402343,2.201567268371582,0.3015672683715822
255.83675360679626,-0.006012601777911186,-0.5656228542327881,2.1791475296020506,0.2791475296020507
255.8698103427887,-0.006012601777911186,-0.5656228542327881,2.1791475296020506,0.2791475296020507
255.9032154083252,-0.005987932533025741,-0.5745480060577393,2.2133188247680664,0.3133188247680665
255.9357259273529,-0.0059873215854167935,-0.5749194145202636,2.2150762557983397,0.31507625579833975
255.96882271766663,-0.005764534696936607,-0.5666749477386475,2.182895278930664,0.28289527893066424
256.00192975997925,-0.005764534696936607,-0.5666749477386475,2.182895278930664,0.28289527893066424
256.0346751213074,-0.005955809354782104,-0.5738812446594238,2.210529327392578,0.3105293273925782
256.06807374954224,-0.006088303774595261,-0.5812554359436035,2.2390348434448244,0.3390348434448245
256.10083508491516,-0.006088303774595261,-0.5812554359436035,2.2390348434448244,0.3390348434448245
256.13401436805725,-0.005820322781801224,-0.5738419532775879,2.2104990005493166,0.3104990005493167
256.1670968532562,-0.005914269760251045,-0.5625918865203857,2.1677295684814455,0.2677295684814456
256.19985914230347,-0.005914269760251045,-0.5625918865203857,2.1677295684814455,0.2677295684814456
256.23327112197876,-0.00603066012263298,-0.5749457836151123,2.2162038803100588,0.31620388031005886
256.26578974723816,-0.005840855091810227,-0.5659945011138916,2.180492973327637,0.2804929733276369
256.29884791374207,-0.005840855091810227,-0.5659945011138916,2.180492973327637,0.2804929733276369
256.3319761753082,-0.0061077069491148,-0.576581621170044,2.2226303100585936,0.32263031005859366
256.3651201725006,-0.006037142872810364,-0.571300458908081,2.2018081665039064,0.3018081665039065
256.39788031578064,-0.006295580416917801,-0.5809780597686768,2.239216995239258,0.3392169952392581
256.430801153183,-0.006295580416917801,-0.5809780597686768,2.239216995239258,0.3392169952392581
256.46404504776,-0.005951416119933129,-0.5634578704833985,2.172182083129883,0.2721820831298829
256.4969527721405,-0.005927565693855286,-0.5774535655975341,2.2259851455688477,0.32598514556884783
256.53035163879395,-0.005970699712634087,-0.5763124465942383,2.2217531204223633,0.32175312042236337
256.56295561790466,-0.005868280306458473,-0.5788206100463867,2.230821418762207,0.33082141876220694
256.59608340263367,-0.005868280306458473,-0.5788206100463867,2.230821418762207,0.33082141876220694
256.6297187805176,-0.00611710324883461,-0.5774248600006103,2.2259681701660154,0.32596817016601554
256.6621289253235,-0.006133853644132614,-0.5720874309539795,2.2043716430664064,0.3043716430664065
256.6953558921814,-0.006133853644132614,-0.5720874309539795,2.2043716430664064,0.3043716430664065
256.7284028530121,-0.006075944378972053,-0.5721631050109863,2.2043182373046877,0.30431823730468777
256.76192331314087,-0.0061762735247612,-0.5697901248931885,2.1968475341796876,0.2968475341796877
256.7945353984833,-0.006362055987119674,-0.5733771800994873,2.2101016998291017,0.31010169982910174
256.8273720741272,-0.005960414931178093,-0.5783400535583496,2.228554916381836,0.3285549163818362
256.8603630065918,-0.005733655393123626,-0.5651404857635498,2.177553176879883,0.2775531768798829
256.8934075832367,-0.005907488986849785,-0.5752751350402832,2.2161161422729494,0.3161161422729495
256.9264793395996,-0.00608597844839096,-0.5791378974914551,2.231602668762207,0.3316026687622071
256.9588279724121,-0.005769694969058037,-0.5673059463500977,2.185917091369629,0.2859170913696292
256.9925820827484,-0.00609799511730671,-0.5844940185546875,2.251512908935547,0.3515129089355469
257.0251536369324,-0.006352509558200836,-0.5705735683441162,2.1981700897216796,0.2981700897216797
257.0583882331848,-0.006322625279426575,-0.5736845970153809,2.210379981994629,0.3103799819946289
257.0912334918976,-0.006365673243999481,-0.5779002189636231,2.2269983291625977,0.32699832916259775
257.1241376399994,-0.006365673243999481,-0.5779002189636231,2.2269983291625977,0.32699832916259775
257.15691351890564,-0.006034480407834053,-0.5661493301391601,2.1810895919799806,0.28108959197998074
257.18984484672546,-0.005988059192895889,-0.566758394241333,2.1834108352661135,0.28341083526611355
257.22360730171204,-0.006190293282270431,-0.571482801437378,2.2028263092041014,0.3028263092041015
257.2566759586334,-0.005971005558967591,-0.5657394409179688,2.1795585632324217,0.2795585632324218
257.28933787345886,-0.006185917183756828,-0.5700460433959961,2.1967697143554688,0.29676971435546884
257.32224798202515,-0.006033191457390785,-0.5786665439605713,2.2299196243286135,0.32991962432861355
257.3548581600189,-0.005789035558700561,-0.5801919937133789,2.235301971435547,0.33530197143554696
257.3879933357239,-0.006195975095033645,-0.5760882377624512,2.2195623397827147,0.31956233978271475
257.4210865497589,-0.0059695404022932054,-0.5788020133972168,2.2300186157226562,0.33001861572265634
257.4539303779602,-0.005928544327616692,-0.5736957550048828,2.2101673126220702,0.3101673126220703
257.4871234893799,-0.0063455022871494295,-0.5704738140106201,2.1977821350097657,0.2977821350097658
257.52012491226196,-0.006197733432054519,-0.5687464714050293,2.191310691833496,0.291310691833496
257.55338072776794,-0.006256041675806045,-0.5758052825927734,2.218108558654785,0.31810855865478516
257.5863347053528,-0.006547371298074723,-0.5763620376586914,2.220458221435547,0.32045822143554714
257.619261264801,-0.0063156142830848696,-0.5709128856658936,2.199407958984375,0.299407958984375
257.6528594493866,-0.006048800796270371,-0.5665083885192871,2.182204246520996,0.2822042465209962
257.6853711605072,-0.00586785078048706,-0.5698595523834229,2.1951465606689453,0.2951465606689454
257.71840047836304,-0.00591101199388504,-0.5674241065979004,2.185934829711914,0.285934829711914
257.7514548301697,-0.005879088491201401,-0.5676594257354737,2.1863740921020507,0.2863740921020508
257.78450560569763,-0.005953110009431839,-0.58531813621521,2.2548345565795898,0.35483455657958984
257.8175208568573,-0.0060894802212715145,-0.5749285697937012,2.2150917053222656,0.3150917053222657
257.8504137992859,-0.00606025829911232,-0.5727960109710694,2.206483840942383,0.3064838409423829
257.88318943977356,-0.006181133911013603,-0.575223445892334,2.21581916809082,0.3158191680908202
257.91699838638306,-0.006112656369805336,-0.5635183811187744,2.17101993560791,0.27101993560791016
257.94968461990356,-0.0061314661055803295,-0.5611889362335205,2.1615375518798827,0.2615375518798828
257.98236536979675,-0.006507787108421326,-0.5772214412689209,2.2228450775146484,0.3228450775146485
258.0157005786896,-0.006309081614017486,-0.5689990520477295,2.1914461135864256,0.2914461135864257
258.0482773780823,-0.0061736200004816055,-0.5745092391967773,2.2125614166259764,0.3125614166259765
258.0810441970825,-0.006062670424580574,-0.5613082408905029,2.1621475219726562,0.26214752197265634
258.11443972587585,-0.005949771776795387,-0.5696982860565185,2.194391059875488,0.2943910598754882
258.14741349220276,-0.005816447734832764,-0.5748408317565918,2.214019775390625,0.3140197753906251
258.180725812912,-0.005680749565362931,-0.5649895191192627,2.1761747360229493,0.2761747360229494
258.21363592147827,-0.005825205519795418,-0.5657260894775391,2.1792236328125,0.2792236328125002
258.2464716434479,-0.005986697971820831,-0.5790375709533692,2.2304149627685548,0.33041496276855487
258.2793912887573,-0.005938916280865669,-0.5689624309539795,2.1910913467407225,0.29109134674072257
258.3126654624939,-0.005798419192433357,-0.5596941947937012,2.1552608489990233,0.25526084899902335
258.3454360961914,-0.0060978375375270845,-0.5755356788635254,2.217466354370117,0.3174663543701173
258.3783645629883,-0.006214465573430061,-0.5790682792663574,2.230824661254883,0.3308246612548831
258.4113347530365,-0.006093135848641395,-0.5730883598327636,2.20706787109375,0.30706787109375
258.4442985057831,-0.006178131327033043,-0.5758425712585449,2.2182641983032227,0.31826419830322283
258.4774672985077,-0.00608622208237648,-0.5689342975616455,2.19140739440918,0.29140739440917995
258.5105068683624,-0.005884062871336937,-0.5809355258941651,2.2376739501953127,0.33767395019531277
258.543297290802,-0.005954647809267044,-0.5676148414611817,2.1867082595825194,0.28670825958251944
258.5762302875519,-0.005819107964634895,-0.5654408931732178,2.1780466079711913,0.2780466079711914
258.6095013618469,-0.005844390019774437,-0.5743741989135742,2.212896728515625,0.312896728515625
258.64224338531494,-0.005984507873654366,-0.5665417671203613,2.1825332641601562,0.28253326416015634
258.67534852027893,-0.006233549863100052,-0.5804274082183838,2.237561798095703,0.3375617980957033
258.70826148986816,-0.006152619794011116,-0.5861297130584717,2.258502388000488,0.3585023880004883
258.7411766052246,-0.006080415472388268,-0.5668321132659913,2.1834030151367188,0.28340301513671884
258.77516508102417,-0.006066085025668144,-0.5703256130218506,2.1966928482055663,0.2966928482055664
258.80739521980286,-0.005854254961013794,-0.5688957691192627,2.1922466278076174,0.29224662780761745
258.84114503860474,-0.00636075884103775,-0.5750386238098144,2.2153396606445312,0.31533966064453134
258.87344336509705,-0.00636075884103775,-0.5750386238098144,2.2153396606445312,0.31533966064453134
258.90640664100647,-0.006056872382760048,-0.5780572414398193,2.2270481109619142,0.32704811096191433
258.93970561027527,-0.006019655242562294,-0.5813750267028809,2.2402793884277346,0.34027938842773464
258.97220754623413,-0.0061162557452917096,-0.5783541202545166,2.2279069900512694,0.32790699005126944
259.0054864883423,-0.006015021726489067,-0.5782428741455078,2.227643585205078,0.3276435852050783
259.038437128067,-0.005702704563736916,-0.5665768146514892,2.1816936492919923,0.28169364929199237
259.0711531639099,-0.006368654221296311,-0.5855334281921387,2.2557884216308595,0.35578842163085955
259.10448598861694,-0.005794878304004669,-0.5725923538208008,2.205879974365234,0.3058799743652343
259.13721084594727,-0.005899999663233757,-0.5757322311401367,2.218351936340332,0.3183519363403322
259.1701033115387,-0.0058971762657165526,-0.564643669128418,2.17501277923584,0.2750127792358401
259.2028820514679,-0.00591101199388504,-0.5674241065979004,2.185934829711914,0.285934829711914
259.23580503463745,-0.005764063075184822,-0.5643731594085694,2.1738279342651365,0.27382793426513663
259.26880860328674,-0.005950211733579636,-0.5706886768341064,2.1983455657958983,0.29834556579589844
259.3018183708191,-0.006053464114665985,-0.565420389175415,2.1782133102416994,0.2782133102416995
259.33540654182434,-0.005892469733953476,-0.5773534774780273,2.2238277435302733,0.32382774353027344
259.3683204650879,-0.006116240844130516,-0.5783524990081788,2.2279008865356444,0.32790088653564453
259.4011640548706,-0.00592028871178627,-0.5647591114044189,2.174946975708008,0.2749469757080081
259.43406891822815,-0.006122340261936188,-0.5711285591125488,2.1995738983154296,0.2995738983154297
259.4667286872864,-0.005944367125630378,-0.5719263553619385,2.203019905090332,0.30301990509033194
259.5000729560852,-0.00605367124080658,-0.5832443714141846,2.247053337097168,0.34705333709716824
259.5333368778229,-0.0060532473027706145,-0.5723194599151611,2.2046058654785154,0.30460586547851554
259.56620478630066,-0.0060532473027706145,-0.5723194599151611,2.2046058654785154,0.30460586547851554
259.59944772720337,-0.0057868313044309614,-0.572199010848999,2.2041961669921877,0.30419616699218777
259.6321985721588,-0.0061549369245767595,-0.5758387565612793,2.218874931335449,0.3188749313354493
259.66538524627686,-0.00581270307302475,-0.5657721996307373,2.1797517776489257,0.2797517776489258
259.6983277797699,-0.005777740105986595,-0.5696565628051757,2.1943761825561525,0.2943761825561526
259.73098134994507,-0.005893199145793915,-0.565614128112793,2.1790021896362304,0.27900218963623047
259.76408433914185,-0.005874671041965485,-0.5687733173370362,2.1913448333740235,0.2913448333740236
259.7971918582916,-0.00600644014775753,-0.5673438549041748,2.185678482055664,0.28567848205566415
259.83053612709045,-0.00600644014775753,-0.5673438549041748,2.185678482055664,0.28567848205566415
259.86317229270935,-0.005838898941874504,-0.5774077892303466,2.2246578216552733,0.32465782165527335
259.8970081806183,-0.005838898941874504,-0.5774077892303466,2.2246578216552733,0.32465782165527335
259.92947721481323,-0.006035466119647026,-0.5774839401245118,2.224723243713379,0.3247232437133789
259.9621579647064,-0.006108497455716133,-0.5778334617614747,2.2260250091552733,0.32602500915527344
259.9952824115753,-0.006108497455716133,-0.5778334617614747,2.2260250091552733,0.32602500915527344
260.02849555015564,-0.005887060612440109,-0.5652139186859131,2.1779932022094726,0.27799320220947266
260.06146025657654,-0.006020061299204826,-0.5703147411346435,2.197576904296875,0.297576904296875
260.09473729133606,-0.006020061299204826,-0.5703147411346435,2.197576904296875,0.297576904296875
260.1273853778839,-0.006125568598508835,-0.5689503669738769,2.192154121398926,0.29215412139892605
260.16008138656616,-0.006125568598508835,-0.5689503669738769,2.192154121398926,0.29215412139892605
260.19300866127014,-0.0060075964778661724,-0.5649557113647461,2.1763545989990236,0.2763545989990237
260.2263481616974,-0.006377622485160828,-0.5752332210540771,2.216078186035156,0.31607818603515625
260.2591359615326,-0.005846608057618141,-0.5771342754364014,2.223246955871582,0.32324695587158203
260.2923128604889,-0.006251482665538788,-0.5809414386749268,2.2379554748535155,0.3379554748535156
260.32520627975464,-0.0060992658138275145,-0.565016222000122,2.177491569519043,0.27749156951904297
260.3582501411438,-0.006227380782365799,-0.579615592956543,2.2335943222045898,0.33359432220458984
260.39127135276794,-0.006189768761396408,-0.5773834228515625,2.2241178512573243,0.3241178512573244
260.4242684841156,-0.006126080453395843,-0.5737030982971192,2.2097400665283202,0.3097400665283203
260.4575614929199,-0.006085026264190674,-0.575568437576294,2.217279243469238,0.3172792434692382
260.4901692867279,-0.005947186052799225,-0.5733713626861572,2.2097194671630858,0.30971946716308585
260.5232627391815,-0.0059511464089155195,-0.5661695003509521,2.181853485107422,0.28185348510742214
260.5561490058899,-0.0059511464089155195,-0.5661695003509521,2.181853485107422,0.28185348510742214
260.5892472267151,-0.005843080952763558,-0.5676220893859864,2.1864885330200194,0.28648853302001953
260.6221764087677,-0.005809058994054794,-0.5614017486572266,2.1625907897949217,0.2625907897949218
260.65536856651306,-0.005809058994054794,-0.5614017486572266,2.1625907897949217,0.2625907897949218
260.68781328201294,-0.006101392582058907,-0.5665257930755615,2.182668113708496,0.2826681137084961
260.7211594581604,-0.0062587916851043705,-0.5829626560211182,2.246047592163086,0.3460475921630861
260.75423884391785,-0.006125844269990921,-0.5730278491973877,2.207876968383789,0.307876968383789
260.78715085983276,-0.0058538254350423815,-0.5701791763305664,2.196549987792969,0.2965499877929689
260.82038402557373,-0.006178014725446701,-0.5796228885650635,2.2331682205200196,0.3331682205200197
260.85371446609497,-0.006016937643289566,-0.5736616134643555,2.2110321044921877,0.31103210449218777
260.88661074638367,-0.006178131327033043,-0.5758425712585449,2.2182641983032227,0.31826419830322283
260.91934037208557,-0.006170699000358581,-0.5850988388061523,2.2536828994750975,0.35368289947509757
260.9523663520813,-0.005743774771690369,-0.5691073894500732,2.192006492614746,0.2920064926147461
260.9855284690857,-0.006291652470827103,-0.5841415405273438,2.250461959838867,0.3504619598388672
261.01845240592957,-0.006120402738451958,-0.5811926364898682,2.238944244384766,0.3389442443847659
261.0514464378357,-0.005854732915759086,-0.5698489665985107,2.1954582214355467,0.2954582214355468
261.08442282676697,-0.006332621723413467,-0.5760002613067627,2.2190319061279298,0.31903190612792987
261.1174581050873,-0.006177549436688423,-0.5650715827941895,2.177117347717285,0.27711734771728525
261.15062642097473,-0.006007269397377968,-0.5703861236572265,2.198320007324219,0.2983200073242189
261.18354511260986,-0.005803686007857323,-0.5655324935913086,2.178981590270996,0.278981590270996
261.21656465530396,-0.006011802703142166,-0.5718333721160889,2.2036998748779295,0.3036998748779296
261.2493107318878,-0.005934623256325722,-0.569870901107788,2.1949840545654298,0.29498405456542987
261.28261065483093,-0.006113721057772636,-0.5725057601928711,2.206294059753418,0.30629405975341806
261.31533098220825,-0.006235002353787422,-0.5746516227722168,2.214521026611328,0.3145210266113283
261.3486623764038,-0.005741821974515915,-0.5746946811676026,2.2137659072875975,0.31376590728759757
261.38148736953735,-0.006044885516166687,-0.569164228439331,2.192577934265137,0.2925779342651369
261.41443490982056,-0.006066039577126503,-0.5805029392242431,2.2364091873168945,0.3364091873168946
261.4474127292633,-0.005914150550961494,-0.572639274597168,2.206129455566406,0.30612945556640625
261.4798629283905,-0.006087589263916016,-0.5688917636871338,2.191660690307617,0.2916606903076171
261.5135109424591,-0.006286102533340454,-0.5786374568939209,2.229202079772949,0.32920207977294913
261.5463240146637,-0.005903336778283119,-0.571556568145752,2.202446937561035,0.30244693756103525
261.5796115398407,-0.006104854494333267,-0.5729929447174072,2.2072038650512695,0.3072038650512696
261.6125683784485,-0.006243879348039627,-0.5766316890716553,2.2219377517700196,0.3219377517700197
261.6452581882477,-0.005833522230386734,-0.5677910804748535,2.187529754638672,0.28752975463867214
261.67794919013977,-0.005961919575929642,-0.5823802947998047,2.243672180175781,0.34367218017578116
261.71099305152893,-0.006229626387357712,-0.5770687580108642,2.223582458496094,0.323582458496094
261.7439751625061,-0.005855224281549454,-0.560633659362793,2.159565544128418,0.25956554412841815
261.7768564224243,-0.0059979457408189775,-0.5753489017486573,2.2167947769165037,0.3167947769165038
261.81136989593506,-0.006043641269207001,-0.5621275901794434,2.165296936035156,0.26529693603515625
261.84331822395325,-0.006060247495770455,-0.5727952003479004,2.20648078918457,0.3064807891845702
261.87637734413147,-0.006191414222121239,-0.5730978965759277,2.2080923080444337,0.30809230804443377
261.9094581604004,-0.00602029412984848,-0.5737400531768799,2.2113273620605467,0.3113273620605468
261.9420132637024,-0.005923448130488396,-0.5660459518432617,2.1807529449462892,0.28075294494628933
261.97499895095825,-0.005835956335067749,-0.5680288314819336,2.188739776611328,0.2887397766113282
262.0078945159912,-0.006013620272278785,-0.5656017780303955,2.1798635482788087,0.27986354827880877
262.04084730148315,-0.005870160460472107,-0.5636013507843017,2.1717859268188477,0.27178592681884783
262.0741572380066,-0.006168394163250923,-0.5751699447631836,2.216655158996582,0.31665515899658203
262.10690426826477,-0.006105354055762291,-0.5839686393737793,2.2502906799316404,0.35029067993164054
262.13983941078186,-0.006116523221135139,-0.5653831958770752,2.177946090698242,0.2779460906982423
262.17285537719727,-0.006004974991083145,-0.5674329280853272,2.1864944458007813,0.2864944458007814
262.20587062835693,-0.00627422034740448,-0.5729408264160156,2.2072893142700196,0.3072893142700197
262.2394001483917,-0.006243475899100304,-0.5751488685607911,2.2155902862548826,0.3155902862548827
262.2723648548126,-0.006402672827243805,-0.5745902061462402,2.2135025024414063,0.3135025024414064
262.3052442073822,-0.0060746192932128905,-0.5770814895629883,2.2230682373046875,0.3230682373046876
262.3380300998688,-0.0058282770216464995,-0.5613665580749512,2.1620941162109375,0.2620941162109376
262.37085604667664,-0.0061538595706224445,-0.5756287574768066,2.2176868438720705,0.3176868438720706
262.40394735336304,-0.006054076552391052,-0.5721589088439941,2.2043035507202147,0.30430355072021475
262.4373149871826,-0.0058287173509597775,-0.5714013576507568,2.2013925552368163,0.3013925552368164
262.4703104496002,-0.00620289258658886,-0.5754646778106689,2.2177467346191406,0.3177467346191407
262.50278520584106,-0.005787565186619758,-0.5706263542175293,2.19954891204834,0.2995489120483401
262.5359106063843,-0.005933359265327454,-0.5655900955200195,2.178907775878906,0.27890777587890625
262.5688941478729,-0.006162300705909729,-0.5776972770690918,2.2253904342651367,0.3253904342651368
262.60179114341736,-0.0059559158980846405,-0.572285509109497,2.204813575744629,0.3048135757446291
262.63605070114136,-0.006475998461246491,-0.5850859165191651,2.2545141220092773,0.35451412200927734
262.66861867904663,-0.0060199562460184096,-0.5798840045928955,2.2340126037597656,0.3340126037597657
262.70132517814636,-0.006402314454317093,-0.5685585498809814,2.189956855773926,0.28995685577392605
262.73384618759155,-0.006041884422302246,-0.566538953781128,2.183165168762207,0.2831651687622072
262.7669985294342,-0.005735483393073082,-0.5614016056060791,2.1632238388061524,0.2632238388061525
262.8000044822693,-0.0058292001485824585,-0.5720583915710449,2.2043066024780273,0.30430660247802743
262.8332781791687,-0.005864256620407104,-0.5777546405792237,2.225943756103516,0.3259437561035159
262.8661015033722,-0.0059700172394514086,-0.5743279457092285,2.2133020401000976,0.31330204010009766
262.89928436279297,-0.006368479132652283,-0.5771172523498536,2.2231884002685547,0.3231884002685548
262.932226896286,-0.0061022937297821045,-0.5700784683227539,2.196075439453125,0.2960754394531251
262.9650619029999,-0.006143252924084663,-0.573884916305542,2.2114715576171875,0.3114715576171876
262.9982647895813,-0.006261933594942093,-0.576221513748169,2.219672203063965,0.31967220306396493
263.03105902671814,-0.00587424598634243,-0.571400260925293,2.201797294616699,0.30179729461669913
263.06423115730286,-0.0059327356517314914,-0.5697834014892578,2.1952997207641602,0.29529972076416033
263.0970597267151,-0.005952221527695656,-0.5812841415405273,2.239311408996582,0.3393114089965823
263.1302514076233,-0.005982867255806923,-0.5776731014251709,2.2262104034423826,0.3262104034423827
263.16322469711304,-0.005839179828763008,-0.5762871742248535,2.220599365234375,0.32059936523437527
263.195858001709,-0.006247418373823166,-0.575806713104248,2.2182846069335938,0.31828460693359384
263.2288136482239,-0.006120162084698677,-0.5755064487457275,2.217677879333496,0.317677879333496
263.2619194984436,-0.006120162084698677,-0.5755064487457275,2.217677879333496,0.317677879333496
263.2950105667114,-0.005984769389033318,-0.5665582180023193,2.182596778869629,0.2825967788696291
263.32773518562317,-0.005837260186672211,-0.5642745018005371,2.1739179611206056,0.27391796112060574
263.36067032814026,-0.006035539880394935,-0.5715910911560058,2.2020051956176756,0.3020051956176757
263.3937575817108,-0.00587502159178257,-0.5784528732299805,2.228688049316406,0.32868804931640616
263.42673659324646,-0.005837564542889595,-0.576026201248169,2.219693183898926,0.31969318389892587
263.4599425792694,-0.005837564542889595,-0.576026201248169,2.219693183898926,0.31969318389892587
263.4927999973297,-0.005962283536791802,-0.5565032482147216,2.144100379943848,0.24410037994384792
263.52637934684753,-0.006199571117758751,-0.5789857387542725,2.2307760238647463,0.33077602386474636
263.558735370636,-0.0060162253677845,-0.5681210994720459,2.1889514923095703,0.2889514923095704
263.59182143211365,-0.005834501981735229,-0.5597833633422852,2.1566255569458006,0.2566255569458007
263.6246612071991,-0.005834501981735229,-0.5597833633422852,2.1566255569458006,0.2566255569458007
263.6579976081848,-0.006231405958533287,-0.5789143562316894,2.231185531616211,0.3311855316162111
263.69094228744507,-0.006152737885713577,-0.5829144477844238,2.245882987976074,0.3458829879760743
263.7242965698242,-0.005992303416132927,-0.5714142799377442,2.2016311645507813,0.3016311645507814
263.75722074508667,-0.005992303416132927,-0.5714142799377442,2.2016311645507813,0.3016311645507814
263.7901473045349,-0.005793452635407448,-0.5714456558227539,2.201188659667969,0.3011886596679689
263.82298517227173,-0.005785014480352402,-0.5785043716430665,2.2288015365600584,0.3288015365600585
263.85611367225647,-0.005785014480352402,-0.5785043716430665,2.2288015365600584,0.3288015365600585
263.88901376724243,-0.005954688042402267,-0.5720204830169677,2.2036115646362306,0.30361156463623074
263.9223871231079,-0.005954688042402267,-0.5720204830169677,2.2036115646362306,0.30361156463623074
263.95543241500854,-0.005961114540696144,-0.564542007446289,2.174416923522949,0.2744169235229492
263.9883391857147,-0.005949390307068825,-0.5638788223266602,2.172801208496094,0.272801208496094
264.0212745666504,-0.005862057581543923,-0.5680462837219238,2.1883975982666017,0.28839759826660183
264.0546190738678,-0.0057073190808296205,-0.5756326675415039,2.217680740356445,0.3176807403564452
264.0873031616211,-0.005887270346283913,-0.5782466411590577,2.2275876998901367,0.3275876998901368
264.1203963756561,-0.005659558624029159,-0.5729362964630127,2.2075323104858398,0.30753231048583984
264.1533603668213,-0.005973253399133682,-0.5642490863800049,2.1740386962890623,0.2740386962890624
264.1862506866455,-0.0060277912765741345,-0.5830195426940918,2.246124839782715,0.346124839782715
264.2192928791046,-0.006041047722101211,-0.5750855922698974,2.2156423568725585,0.3156423568725586
264.2517352104187,-0.005862212553620338,-0.5748027801513672,2.215074920654297,0.3150749206542969
264.28469014167786,-0.005778130516409874,-0.574653959274292,2.214443397521973,0.3144433975219729
264.3182475566864,-0.005778130516409874,-0.574653959274292,2.214443397521973,0.3144433975219729
264.3513071537018,-0.005894578248262406,-0.5616469383239746,2.1641538619995115,0.26415386199951163
264.3840093612671,-0.005947651714086533,-0.5745373725891113,2.214380645751953,0.3143806457519531
264.41690158843994,-0.005989566817879677,-0.5773122787475586,2.225071334838867,0.3250713348388672
264.4497172832489,-0.006041436269879341,-0.5690786361694335,2.19315185546875,0.29315185546875
264.4830331802368,-0.006041436269879341,-0.5690786361694335,2.19315185546875,0.29315185546875
264.516047000885,-0.0061340339481830595,-0.5829039096832276,2.2460432052612305,0.34604320526123056
264.54877972602844,-0.0059035465121269224,-0.5773585319519043,2.2260469436645507,0.3260469436645508
264.5820553302765,-0.0059035465121269224,-0.5773585319519043,2.2260469436645507,0.3260469436645508
264.6149990558624,-0.005893078818917275,-0.5742434501647949,2.212905502319336,0.3129055023193361
264.6478748321533,-0.005846452340483666,-0.5760882377624512,2.2195451736450194,0.31954517364501944
264.6809113025665,-0.005846452340483666,-0.5760882377624512,2.2195451736450194,0.31954517364501944
264.7139012813568,-0.005999242141842842,-0.5668540954589844,2.1837093353271486,0.2837093353271487
264.7470021247864,-0.005951745063066482,-0.5674627780914306,2.186747932434082,0.28674793243408203
264.7798948287964,-0.00612528882920742,-0.5688484191894532,2.1921207427978517,0.29212074279785183
264.8128583431244,-0.005803388357162475,-0.5729962348937988,2.2076089859008787,0.3076089859008788
264.8461172580719,-0.005947926640510559,-0.5771131038665771,2.223202133178711,0.32320213317871094
264.8791253566742,-0.00630345344543457,-0.5800021648406982,2.23538875579834,0.33538875579833993
264.9123079776764,-0.005920188874006272,-0.5770411491394043,2.223100280761719,0.3231002807617189
264.94537925720215,-0.006197184324264526,-0.574179744720459,2.212344169616699,0.3123441696166993
264.9778754711151,-0.0058703221380710605,-0.5715917587280274,2.2020938873291014,0.3020938873291015
265.0109238624573,-0.005963863804936409,-0.5672332286834717,2.185383415222168,0.28538341522216815
265.0443947315216,-0.005963348224759102,-0.5710744857788086,2.199746513366699,0.2997465133666992
265.07729744911194,-0.005945200100541115,-0.5754522323608399,2.216542053222656,0.31654205322265616
265.109824180603,-0.005867897719144821,-0.5677121639251709,2.18709774017334,0.2870977401733401
265.14315843582153,-0.0061779249459505085,-0.5777834892272949,2.226819610595703,0.3268196105957033
265.17607045173645,-0.005758840590715408,-0.5739252090454101,2.212773323059082,0.3127733230590821
265.20891213417053,-0.006077450886368752,-0.5808232307434082,2.2389076232910154,0.33890762329101554
265.24191975593567,-0.00570833720266819,-0.5765418529510498,2.221885871887207,0.3218858718872073
265.27547335624695,-0.006110542267560959,-0.5809435844421387,2.2384347915649414,0.3384347915649415
265.30789828300476,-0.006074772775173187,-0.578631067276001,2.229714012145996,0.32971401214599627
265.34097123146057,-0.0059777282178401945,-0.5782276630401612,2.2283323287963865,0.32833232879638663
265.37455677986145,-0.005840886011719703,-0.5684442043304443,2.190287399291992,0.2902873992919921
265.40711998939514,-0.005844297260046006,-0.5638600349426269,2.172662353515625,0.2726623535156252
265.43980288505554,-0.006027762219309807,-0.5810218811035156,2.239326286315918,0.3393262863159179
265.47311663627625,-0.005873425677418709,-0.57066969871521,2.199374771118164,0.29937477111816424
265.5059883594513,-0.005887584388256073,-0.5786012649536133,2.2291824340820314,0.3291824340820315
265.5389449596405,-0.006142035499215126,-0.5744214534759522,2.2135831832885744,0.3135831832885745
265.571985244751,-0.005816029384732246,-0.5675343036651611,2.18746337890625,0.2874633789062502
265.6050078868866,-0.00582285150885582,-0.5739572048187256,2.211492347717285,0.31149234771728507
265.63833570480347,-0.005931442603468895,-0.5802433967590332,2.2355325698852537,0.3355325698852538
265.67171120643616,-0.005978529900312423,-0.5731676578521728,2.2079748153686523,0.30797481536865234
265.70425391197205,-0.005757055059075355,-0.5712594509124755,2.200579071044922,0.3005790710449219
265.73744320869446,-0.006309551745653152,-0.5739022254943847,2.2109493255615233,0.31094932556152344
265.7703766822815,-0.0058389101177453995,-0.5774083137512207,2.224659729003906,0.32465972900390616
265.80289125442505,-0.00579509548842907,-0.5696853160858154,2.1951267242431642,0.29512672424316433
265.83588695526123,-0.006091934442520141,-0.5732503890991211,2.2085079193115233,0.30850791931152344
265.8690576553345,-0.005757442861795426,-0.5767695426940918,2.222471237182617,0.3224712371826173
265.9018006324768,-0.006214705854654312,-0.5794754505157471,2.233172607421875,0.33317260742187527
265.9350936412811,-0.006079457700252533,-0.5802062034606934,2.2353271484375,0.3353271484375
265.9683473110199,-0.005976720154285431,-0.5776984691619873,2.225920867919922,0.32592086791992214
266.0009250640869,-0.00575418546795845,-0.5671605587005615,2.185336875915527,0.28533687591552725
266.0337133407593,-0.005911488831043243,-0.5719608306884766,2.20330867767334,0.30330867767334
266.0667862892151,-0.00587502159178257,-0.5784528732299805,2.228688049316406,0.32868804931640616
266.1000804901123,-0.005826166644692421,-0.5659382820129395,2.180583381652832,0.28058338165283203
266.13265681266785,-0.006127774342894554,-0.5701536655426025,2.196996879577637,0.296996879577637
266.16570353507996,-0.0062566958367824554,-0.574583911895752,2.214295768737793,0.31429576873779297
266.1988477706909,-0.00575418658554554,-0.5671599388122559,2.185334587097168,0.28533458709716797
266.2318596839905,-0.005810988321900368,-0.5742931365966797,2.212274169921875,0.3122741699218752
266.2650065422058,-0.005837035551667214,-0.5779766082763672,2.2275962829589844,0.32759628295898446
266.29785537719727,-0.006327260285615921,-0.5783296585083008,2.2287206649780273,0.32872066497802743
266.3316352367401,-0.006038109958171845,-0.562766695022583,2.168519401550293,0.26851940155029297
266.3644459247589,-0.005949182435870171,-0.579190731048584,2.2323352813720705,0.3323352813720706
266.3973526954651,-0.005949182435870171,-0.579190731048584,2.2323352813720705,0.3323352813720706
266.4301064014435,-0.005739590525627137,-0.5746656894683838,2.2142234802246095,0.31422348022460955
266.4632670879364,-0.005858856439590454,-0.5771183013916016,2.2237619400024413,0.3237619400024414
266.4962680339813,-0.005868552625179291,-0.5668643951416016,2.184414100646973,0.2844141006469729
266.52875781059265,-0.005784819647669792,-0.5718581199645996,2.2036136627197265,0.30361366271972656
266.5616557598114,-0.005900613591074943,-0.5787496566772461,2.2303247451782227,0.33032474517822275
266.59494853019714,-0.005830813944339752,-0.5774433135986328,2.224496078491211,0.3244960784912112
266.6277618408203,-0.006029513478279114,-0.5806353092193604,2.2371662139892576,0.3371662139892577
266.66104435920715,-0.006029513478279114,-0.5806353092193604,2.2371662139892576,0.3371662139892577
266.6941318511963,-0.00600503608584404,-0.5752769470214844,2.2168684005737305,0.31686840057373056
266.7271797657013,-0.0059657938778400425,-0.5771280288696289,2.2244945526123048,0.32449455261230487
266.7602596282959,-0.005946175754070282,-0.5703369140625,2.1978780746459963,0.29787807464599636
266.79327273368835,-0.005909876897931099,-0.5676798820495605,2.187346076965332,0.2873460769653322
266.8261880874634,-0.005773208290338516,-0.5758296012878418,2.219586944580078,0.3195869445800783
266.8590042591095,-0.005906485766172409,-0.5703857898712158,2.1981382369995117,0.2981382369995118
266.8919243812561,-0.005924389883875847,-0.5760631084442138,2.2198902130126954,0.3198902130126955
266.9247794151306,-0.006039822101593017,-0.5692219257354736,2.1930070877075196,0.2930070877075197
266.9580774307251,-0.006039822101593017,-0.5692219257354736,2.1930070877075196,0.2930070877075197
266.9908215999603,-0.005939415469765663,-0.5782698154449463,2.2287738800048826,0.3287738800048827
267.0237522125244,-0.005792725086212158,-0.5787484169006347,2.2308023452758787,0.3308023452758788
267.057320356369,-0.00601065643131733,-0.5828509330749512,2.246877098083496,0.3468770980834961
267.0897343158722,-0.0060021281242370605,-0.5757113933563233,2.2179872512817385,0.31798725128173855
267.12308526039124,-0.005797991529107094,-0.5739726066589356,2.2123859405517576,0.3123859405517577
267.1561002731323,-0.005828753486275673,-0.5752884387969971,2.2165559768676757,0.3165559768676758
267.1892488002777,-0.005828753486275673,-0.5752884387969971,2.2165559768676757,0.3165559768676758
267.22217297554016,-0.0060066025704145435,-0.5651648998260498,2.1777257919311523,0.27772579193115243
267.2549147605896,-0.0060066025704145435,-0.5651648998260498,2.1777257919311523,0.27772579193115243
267.28782773017883,-0.005852378159761429,-0.5676072120666504,2.1868459701538088,0.28684597015380886
267.32080817222595,-0.005879392847418785,-0.5801518440246582,2.2352325439453127,0.33523254394531277
267.3539822101593,-0.005879392847418785,-0.5801518440246582,2.2352325439453127,0.33523254394531277
267.38674998283386,-0.006027841195464134,-0.5795757293701171,2.2329118728637694,0.33291187286376944
267.4198954105377,-0.006027841195464134,-0.5795757293701171,2.2329118728637694,0.33291187286376944
267.4528467655182,-0.005887971818447113,-0.5784975051879883,2.229974555969238,0.3299745559692382
267.48630356788635,-0.005848605185747147,-0.5739169120788574,2.2113914489746094,0.31139144897460946
267.5194284915924,-0.005848605185747147,-0.5739169120788574,2.2113914489746094,0.31139144897460946
267.552218914032,-0.005954193323850632,-0.5788036823272705,2.230605697631836,0.3306056976318361
267.58528995513916,-0.00593494363129139,-0.5779936790466309,2.2271953582763673,0.32719535827636737
267.6181766986847,-0.0059502232819795605,-0.5768892765045166,2.22304630279541,0.32304630279541025
267.6514868736267,-0.006108170002698898,-0.5690310955047607,2.1924566268920898,0.29245662689208984
267.68402123451233,-0.006175353750586509,-0.5719456195831298,2.203387451171875,0.30338745117187527
267.7167549133301,-0.006037870049476623,-0.5778022766113281,2.226040077209473,0.3260400772094729
267.75004744529724,-0.0060137823224067685,-0.5747058868408204,2.2139562606811523,0.31395626068115234
267.78302025794983,-0.005896104127168655,-0.5720215797424316,2.204400825500488,0.3044008255004882
267.8161871433258,-0.005957000330090523,-0.575427770614624,2.217726707458496,0.3177267074584962
267.8494322299957,-0.005846608057618141,-0.5771342754364014,2.223246955871582,0.32324695587158203
267.882199048996,-0.005890122428536415,-0.5678282737731933,2.187863349914551,0.28786334991455087
267.9147629737854,-0.0057546190917491915,-0.5748791694641113,2.2143802642822266,0.31438026428222665
267.94781970977783,-0.005753180757164955,-0.5820282459259033,2.243661117553711,0.3436611175537112
267.98092460632324,-0.005671719834208488,-0.5724758625030517,2.2068668365478517,0.30686683654785174
268.013742685318,-0.005805694311857223,-0.5791098117828369,2.231775093078613,0.3317750930786132
268.0467963218689,-0.005849887058138848,-0.575041389465332,2.2166864395141603,0.3166864395141604
268.07965207099915,-0.005840976908802986,-0.5730644226074219,2.208616256713867,0.3086162567138673
268.11387395858765,-0.005840976908802986,-0.5730644226074219,2.208616256713867,0.3086162567138673
268.14594888687134,-0.005890580266714096,-0.5646695613861084,2.1760889053344727,0.27608890533447283
268.17952132225037,-0.006129220873117447,-0.5727989673614502,2.2072641372680666,0.3072641372680667
268.2116723060608,-0.00615239255130291,-0.5816839218139649,2.2413753509521483,0.34137535095214844
268.2451694011688,-0.00615239255130291,-0.5816839218139649,2.2413753509521483,0.34137535095214844
268.2780795097351,-0.005959456041455269,-0.5754217147827149,2.217690849304199,0.3176908493041992
268.31135296821594,-0.005959456041455269,-0.5754217147827149,2.217690849304199,0.3176908493041992
268.34394550323486,-0.005742700770497322,-0.5719399452209473,2.2037933349609373,0.3037933349609374
268.3769619464874,-0.005835656076669693,-0.5691161632537842,2.192920112609863,0.2929201126098633
268.41009283065796,-0.005934320017695427,-0.5765061855316163,2.2212154388427736,0.3212154388427737
268.44331550598145,-0.0058881863951683044,-0.5791911125183106,2.2317018508911133,0.33170185089111337
268.47601079940796,-0.005757442861795426,-0.5767695426940918,2.222471237182617,0.3224712371826173
268.50923323631287,-0.005757442861795426,-0.5767695426940918,2.222471237182617,0.3224712371826173
268.5420320034027,-0.0059403423219919205,-0.5689591884613037,2.193475341796875,0.2934753417968752
268.57492542266846,-0.0057962644845247265,-0.5715996265411377,2.2018213272094727,0.30182132720947275
268.6080746650696,-0.0059358753263950344,-0.5774709224700928,2.2249805450439455,0.3249805450439456
268.6409342288971,-0.005943864211440086,-0.5816282749176025,2.241474723815918,0.34147472381591815
268.67390060424805,-0.006092740222811699,-0.5760105133056641,2.220004653930664,0.32000465393066424
268.70758843421936,-0.005955923721194268,-0.5804327487945556,2.2368375778198244,0.3368375778198245
268.7398819923401,-0.005919795110821724,-0.5725850582122802,2.207280158996582,0.3072801589965821
268.77335596084595,-0.0058931905776262285,-0.5701220989227295,2.196014976501465,0.296014976501465
268.806045293808,-0.005855869501829147,-0.5755274295806885,2.2181777954101562,0.31817779541015634
268.8392412662506,-0.0060207810252904895,-0.5855784893035889,2.256070137023926,0.35607013702392587
268.87193846702576,-0.005815758556127548,-0.5746537208557129,2.2138214111328125,0.3138214111328126
268.90499544143677,-0.005681344121694565,-0.5763943672180176,2.22161979675293,0.32161979675292995
268.9377908706665,-0.005828540027141571,-0.5777547836303711,2.2268630981445314,0.3268630981445315
268.9709677696228,-0.00592387244105339,-0.5807422637939453,2.237796974182129,0.3377969741821292
269.00412487983704,-0.00630345419049263,-0.5800022125244141,2.2353889465332033,0.3353889465332034
269.0373456478119,-0.005923724919557572,-0.5836327075958252,2.250120162963867,0.3501201629638673
269.07011580467224,-0.0059274110943079,-0.5680817604064942,2.1893062591552734,0.2893062591552735
269.1028563976288,-0.005941182374954224,-0.5784485816955567,2.2286828994750976,0.32868289947509766
269.13589334487915,-0.005916588008403778,-0.5634103298187256,2.171430969238281,0.27143096923828125
269.1689794063568,-0.0056815527379512785,-0.576008415222168,2.219424819946289,0.31942481994628924
269.20190501213074,-0.00578748919069767,-0.5775732517242431,2.225496292114258,0.3254962921142579
269.23506569862366,-0.005778475478291511,-0.578873872756958,2.2305795669555666,0.3305795669555667
269.2679772377014,-0.0058507416397333145,-0.5785782814025879,2.2294643402099608,0.32946434020996085
269.3007640838623,-0.005746322870254517,-0.5759352207183838,2.2189729690551756,0.3189729690551757
269.3340849876404,-0.005744057893753052,-0.5771384716033936,2.2233367919921876,0.3233367919921877
269.36696338653564,-0.006032687798142433,-0.5777056217193604,2.226312255859375,0.3263122558593752
269.4004876613617,-0.005727167800068855,-0.5749790668487549,2.215443992614746,0.3154439926147461
269.4334988594055,-0.005678045004606247,-0.5729138374328613,2.207209587097168,0.30720958709716806
269.4663553237915,-0.00596335269510746,-0.5872774600982666,2.2632282257080076,0.3632282257080077
269.4992730617523,-0.00595804788172245,-0.5828544139862061,2.2453939437866213,0.34539394378662136
269.5322320461273,-0.005818519741296768,-0.5795203685760498,2.232211875915527,0.33221187591552725
269.5652267932892,-0.005920188874006272,-0.5770411491394043,2.223100280761719,0.3231002807617189
269.59818267822266,-0.005886075273156166,-0.5762513637542724,2.2203851699829102,0.32038516998291033
269.63102555274963,-0.005695022270083427,-0.5730542659759521,2.207728958129883,0.307728958129883
269.66419315338135,-0.005674535036087036,-0.5762735366821289,2.222211456298828,0.3222114562988283
269.6970477104187,-0.005712692812085152,-0.5776666164398193,2.225342559814453,0.32534255981445304
269.73010897636414,-0.005681389197707176,-0.5802334308624267,2.2358184814453126,0.3358184814453127
269.7634892463684,-0.0057259295135736465,-0.5768014907836914,2.222304916381836,0.3223049163818361
269.796186208725,-0.005823881179094314,-0.5741040229797363,2.2123439788818358,0.31234397888183585
269.8293719291687,-0.006056462973356247,-0.5759713649749756,2.2202392578125,0.3202392578125002
269.86202216148376,-0.005939939245581627,-0.5775324821472168,2.225129508972168,0.32512950897216797
269.8954107761383,-0.005892350152134895,-0.5768500804901123,2.223246765136719,0.323246765136719
269.9281475543976,-0.005725943669676781,-0.5738818168640136,2.2109914779663087,0.31099147796630877
269.9609031677246,-0.005844161659479141,-0.578762435913086,2.22955207824707,0.3295520782470702
269.9941508769989,-0.005721194297075271,-0.5726365566253662,2.2058380126953123,0.3058380126953124
270.02679443359375,-0.005715871229767799,-0.5751451969146728,2.215784454345703,0.3157844543457031
270.0600690841675,-0.005746572464704514,-0.5759448528289794,2.2189395904541014,0.3189395904541015
270.0927646160126,-0.005784384161233902,-0.5752915859222412,2.217388153076172,0.31738815307617196
270.12602281570435,-0.005784384161233902,-0.5752915859222412,2.217388153076172,0.31738815307617196
270.1591205596924,-0.006014057621359825,-0.5743587970733642,2.2129154205322266,0.31291542053222665
270.19185757637024,-0.006014057621359825,-0.5743587970733642,2.2129154205322266,0.31291542053222665
270.2247779369354,-0.005757435411214829,-0.5744624614715577,2.2132287979125977,0.31322879791259783
270.25795888900757,-0.0060482524335384365,-0.5802624702453614,2.235867500305176,0.33586750030517587
270.29083251953125,-0.005935269221663475,-0.5775168895721435,2.225240135192871,0.3252401351928711
270.32380390167236,-0.006154527515172958,-0.5843523025512696,2.252203178405762,0.352203178405762
270.356969833374,-0.005774546787142754,-0.5756245136260987,2.2182861328125,0.3182861328125002
270.3901982307434,-0.005774546787142754,-0.5756245136260987,2.2182861328125,0.3182861328125002
270.42327880859375,-0.005867632478475571,-0.5803365707397461,2.2364170074462892,0.33641700744628933
270.4561541080475,-0.005742588639259338,-0.5728341579437256,2.2075904846191405,0.3075904846191406
270.48923444747925,-0.005540553852915764,-0.5717193603515625,2.2036626815795897,0.30366268157958975
270.5222759246826,-0.0058722950518131254,-0.580708646774292,2.2376731872558593,0.3376731872558594
270.55517411231995,-0.005886051058769226,-0.5797667026519775,2.2342130661010744,0.3342130661010745
270.5877363681793,-0.006117430329322815,-0.5870549201965332,2.261435317993164,0.361435317993164
270.6208806037903,-0.005860120058059692,-0.5776981353759766,2.2269927978515627,0.32699279785156277
270.65370059013367,-0.005815758556127548,-0.5746537208557129,2.2138214111328125,0.3138214111328126
270.68679690361023,-0.006013759225606918,-0.5795648097991943,2.2327608108520507,0.3327608108520508
270.72004413604736,-0.005969988554716111,-0.5739338874816895,2.211121940612793,0.31112194061279297
270.7529709339142,-0.005969988554716111,-0.5739338874816895,2.211121940612793,0.31112194061279297
270.78588008880615,-0.005913331359624863,-0.5737350463867188,2.210499954223633,0.3104999542236331
270.8188500404358,-0.005913331359624863,-0.5737350463867188,2.210499954223633,0.3104999542236331
270.85185408592224,-0.005743153765797615,-0.5743245601654052,2.2126981735229494,0.3126981735229495
270.88506984710693,-0.00584578774869442,-0.5781761169433594,2.2280914306640627,0.32809143066406277
270.91784739494324,-0.00584578774869442,-0.5781761169433594,2.2280914306640627,0.32809143066406277
270.95091485977173,-0.00584578774869442,-0.5781761169433594,2.2280914306640627,0.32809143066406277
270.98381662368774,-0.005757060274481774,-0.5699310779571534,2.196190071105957,0.2961900711059573
271.0171182155609,-0.005757060274481774,-0.5699310779571534,2.196190071105957,0.2961900711059573
271.049765586853,-0.006097811087965965,-0.5878958225250244,2.265081596374512,0.365081596374512
271.0828232765198,-0.0057164359837770466,-0.5746644496917724,2.2146644592285156,0.3146644592285157
271.1160023212433,-0.0057164359837770466,-0.5746644496917724,2.2146644592285156,0.3146644592285157
271.1491050720215,-0.005714543908834457,-0.5732419490814209,2.209102439880371,0.309102439880371
271.1821734905243,-0.00598708875477314,-0.5655969619750977,2.1793033599853517,0.27930335998535183
271.21543979644775,-0.00598708875477314,-0.5655969619750977,2.1793033599853517,0.27930335998535183
271.2485394477844,-0.00590510256588459,-0.5772171497344971,2.224606513977051,0.32460651397705087
271.2809226512909,-0.005720812827348709,-0.5758573055267334,2.2185785293579103,0.3185785293579104
271.31432032585144,-0.005720812827348709,-0.5758573055267334,2.2185785293579103,0.3185785293579104
271.3473448753357,-0.0060472432523965836,-0.5800252437591553,2.2344812393188476,0.33448123931884766
271.3802852630615,-0.0057034589350223545,-0.5743897438049317,2.21307258605957,0.3130725860595702
271.41339588165283,-0.005762838944792748,-0.5767924308776855,2.2218461990356446,0.3218461990356447
271.4468500614166,-0.006027831137180329,-0.579574728012085,2.2329078674316407,0.3329078674316408
271.479700088501,-0.005920176580548287,-0.5770398616790772,2.2230953216552733,0.32309532165527344
271.5123875141144,-0.006009214743971825,-0.5764127254486084,2.2209604263305662,0.3209604263305663
271.545250415802,-0.005952920392155647,-0.5672605514526368,2.185709762573242,0.2857097625732421
271.5781936645508,-0.006072527170181275,-0.5670743465423584,2.185504913330078,0.2855049133300782
271.6113362312317,-0.006072527170181275,-0.5670743465423584,2.185504913330078,0.2855049133300782
271.6443271636963,-0.005974974855780602,-0.574281644821167,2.2140207290649414,0.3140207290649415
271.67720246315,-0.005819008126854897,-0.5744887351989746,2.214445877075195,0.3144458770751952
271.71117424964905,-0.005819008126854897,-0.5744887351989746,2.214445877075195,0.3144458770751952
271.7436366081238,-0.005804813280701637,-0.5707086563110352,2.1996786117553713,0.29967861175537136
271.7768099308014,-0.005674009770154953,-0.5735161304473877,2.2105234146118162,0.3105234146118163
271.81064438819885,-0.005857106298208237,-0.5747457027435303,2.2151357650756838,0.31513576507568386
271.84198212623596,-0.0057457972317934035,-0.5758926391601562,2.219679260253906,0.31967926025390625
271.87506794929504,-0.006040932983160019,-0.5859995365142823,2.2586545944213867,0.3586545944213868
271.90835547447205,-0.0059021107852458956,-0.5809728145599365,2.2392181396484374,0.3392181396484375
271.94087839126587,-0.006096212193369865,-0.5695438385009766,2.195501518249512,0.295501518249512
271.973788022995,-0.005893199145793915,-0.565614128112793,2.1790021896362304,0.27900218963623047
272.0071015357971,-0.006016494706273079,-0.5801712989807128,2.235686683654785,0.33568668365478516
272.0398919582367,-0.005741311982274055,-0.5762554168701172,2.220813751220703,0.3208137512207032
272.07292199134827,-0.0056815527379512785,-0.576008415222168,2.219424819946289,0.31942481994628924
272.10594153404236,-0.0056950394064188,-0.5730558395385742,2.207735061645508,0.3077350616455079
272.13888239860535,-0.005771595612168312,-0.5775826930999756,2.2260955810546874,0.3260955810546875
272.1718816757202,-0.005761613324284554,-0.576200008392334,2.220864677429199,0.3208646774291992
272.2047469615936,-0.0060318391770124435,-0.5766644477844238,2.2228538513183596,0.32285385131835964
272.2381947040558,-0.0060318391770124435,-0.5766644477844238,2.2228538513183596,0.32285385131835964
272.2708842754364,-0.005758130177855492,-0.5688333511352539,2.1925113677978514,0.2925113677978515
272.3039138317108,-0.005914543569087982,-0.5676621913909912,2.186892509460449,0.2868925094604493
272.33692741394043,-0.005998750776052475,-0.5762463092803956,2.2198909759521483,0.31989097595214844
272.3703727722168,-0.005720555782318115,-0.5705947875976562,2.1977542877197265,0.29775428771972656
272.40315437316895,-0.005737190693616867,-0.5772850990295411,2.224028778076172,0.32402877807617214
272.4359028339386,-0.005737190693616867,-0.5772850990295411,2.224028778076172,0.32402877807617214
272.4688866138458,-0.005963189899921418,-0.5770294666290283,2.223952865600586,0.3239528656005861
272.50270891189575,-0.005701853707432747,-0.5709510326385498,2.200827217102051,0.30082721710205096
272.5356056690216,-0.005855460092425347,-0.5733027935028077,2.2105228424072267,0.31052284240722683
272.5679211616516,-0.005697488412261009,-0.5704629421234131,2.1980295181274414,0.2980295181274415
272.6009545326233,-0.005796416476368904,-0.5792832374572754,2.233099174499512,0.333099174499512
272.6344404220581,-0.0057942595332860945,-0.5771019458770752,2.2247802734375,0.32478027343750027
272.66736364364624,-0.005763230845332146,-0.5748872756958008,2.2155025482177733,0.31550254821777335
272.7001404762268,-0.005846608057618141,-0.5771342754364014,2.223246955871582,0.32324695587158203
272.7333333492279,-0.005761871486902237,-0.5692709922790528,2.19314022064209,0.2931402206420901
272.766357421875,-0.005847975239157676,-0.566155481338501,2.181164360046387,0.2811643600463869
272.7994210720062,-0.006006497889757156,-0.5729414463043213,2.2073911666870116,0.3073911666870117
272.83247232437134,-0.005715912580490113,-0.5751499176025391,2.215802764892578,0.3158027648925783
272.8652808666229,-0.005847206711769104,-0.5745718479156494,2.213988494873047,0.31398849487304714
272.89814138412476,-0.005988230928778648,-0.5656843185424805,2.1808700561523438,0.28087005615234384
272.9311649799347,-0.005803636834025383,-0.5736159324645996,2.2116918563842773,0.31169185638427743
272.9640383720398,-0.005805960297584534,-0.5779675483703614,2.2279067993164063,0.3279067993164064
272.99750232696533,-0.00605957992374897,-0.5815031051635742,2.2416791915893555,0.34167919158935556
273.03052139282227,-0.005955923721194268,-0.5804327487945556,2.2368375778198244,0.3368375778198245
273.06351685523987,-0.006039406731724739,-0.580985164642334,2.2388422012329103,0.3388422012329104
273.09645533561707,-0.005897979810833931,-0.5800051212310791,2.234914016723633,0.3349140167236331
273.12942481040955,-0.005785547569394112,-0.5732081413269043,2.208664321899414,0.30866432189941406
273.16224908828735,-0.006151759997010231,-0.5796983242034912,2.2340763092041014,0.3340763092041015
273.195139169693,-0.005817054212093354,-0.56761474609375,2.187594985961914,0.28759498596191424
273.2283744812012,-0.005868258327245713,-0.5751091957092285,2.217379570007324,0.3173795700073243
273.261132478714,-0.006332787871360779,-0.5784498691558838,2.228898620605469,0.3288986206054689
273.2940866947174,-0.005864832550287247,-0.5650351524353028,2.1774389266967775,0.2774389266967776
273.3272006511688,-0.00590449869632721,-0.5768311500549317,2.2232404708862306,0.32324047088623065
273.3605089187622,-0.00592208318412304,-0.5700440883636475,2.19793643951416,0.29793643951416016
273.3933537006378,-0.005926187708973884,-0.5745012283325195,2.2144054412841796,0.3144054412841797
273.4260334968567,-0.005836271867156029,-0.579945182800293,2.2354799270629884,0.33547992706298846
273.4595811367035,-0.005984701961278915,-0.5814246654510498,2.241532325744629,0.341532325744629
273.4921979904175,-0.005812283605337143,-0.5790145397186279,2.230602264404297,0.33060226440429696
273.5248758792877,-0.00587124414741993,-0.5813172340393067,2.2412153244018556,0.34121532440185565
273.5577743053436,-0.005897514522075653,-0.5652331829071044,2.1781124114990233,0.27811241149902344
273.59092950820923,-0.005886770039796829,-0.5811779499053955,2.239976692199707,0.33997669219970694
273.62384152412415,-0.005769682303071022,-0.5673045635223388,2.1859115600585937,0.28591156005859375
273.6572918891907,-0.005991486459970474,-0.5791483879089355,2.2324506759643556,0.33245067596435574
273.6902046203613,-0.006026597693562508,-0.5664801120758056,2.182293510437012,0.2822935104370119
273.7232520580292,-0.005954355001449585,-0.5734196662902832,2.2099740982055662,0.3099740982055663
273.7562828063965,-0.005741821974515915,-0.5746946811676026,2.2137659072875975,0.31376590728759757
273.78895831108093,-0.006140447407960892,-0.5830887794494629,2.2474361419677735,0.3474361419677736
273.82188177108765,-0.005637328326702118,-0.5746288299560547,2.2143270492553713,0.31432704925537136
273.85475039482117,-0.0059370830655097965,-0.5734426975250244,2.2109203338623047,0.3109203338623048
273.88783621788025,-0.005787862837314606,-0.5706205844879151,2.198976516723633,0.2989765167236329
273.9210307598114,-0.005893069133162498,-0.5732020378112793,2.2098575592041017,0.30985755920410174
273.9540777206421,-0.00600488930940628,-0.5797937870025635,2.235015869140625,0.3350158691406251
273.98774909973145,-0.00600488930940628,-0.5797937870025635,2.235015869140625,0.3350158691406251
274.0202736854553,-0.005894514918327332,-0.5812479972839355,2.239784049987793,0.3397840499877929
274.05323672294617,-0.005785547569394112,-0.5732081413269043,2.208664321899414,0.30866432189941406
274.0863242149353,-0.00582403689622879,-0.5722804546356202,2.205483818054199,0.3054838180541992
274.1192512512207,-0.005896960571408272,-0.5754731655120849,2.217636299133301,0.31763629913330105
274.1522674560547,-0.005744080245494843,-0.5749694347381592,2.2156023025512694,0.31560230255126953
274.184690952301,-0.005838800966739654,-0.5802128791809082,2.2360280990600585,0.3360280990600586
274.21783566474915,-0.005886828526854515,-0.5783986568450927,2.228569984436035,0.32856998443603525
274.25072622299194,-0.005899206548929214,-0.5687476634979248,2.1923784255981444,0.29237842559814453
274.28376936912537,-0.005899206548929214,-0.5687476634979248,2.1923784255981444,0.29237842559814453
274.3168828487396,-0.0059178490191698074,-0.5772424221038819,2.2250185012817383,0.32501850128173837
274.34973645210266,-0.006103862449526787,-0.5724874973297119,2.2076137542724608,0.30761375427246085
274.3826394081116,-0.005777847394347191,-0.5672364711761475,2.1864524841308595,0.28645248413085955
274.41580605506897,-0.005790814384818077,-0.5763411045074462,2.2216875076293947,0.3216875076293948
274.4488105773926,-0.005744456499814987,-0.5694032192230225,2.1948055267333983,0.29480552673339844
274.48192286491394,-0.005744456499814987,-0.5694032192230225,2.1948055267333983,0.29480552673339844
274.515043258667,-0.005781437084078789,-0.5799614429473877,2.235380744934082,0.3353807449340822
274.5480046272278,-0.005804732441902161,-0.5714446544647217,2.2021942138671875,0.3021942138671876
274.5806243419647,-0.005827855318784714,-0.5803901672363281,2.23635311126709,0.3363531112670901
274.61378622055054,-0.005983318760991096,-0.572447395324707,2.2071889877319335,0.3071889877319336
274.6470263004303,-0.00599593035876751,-0.5763498783111572,2.2227827072143556,0.32278270721435565
274.6800389289856,-0.00599593035876751,-0.5763498783111572,2.2227827072143556,0.32278270721435565
274.7130243778229,-0.006013740599155426,-0.5822172641754151,2.246255302429199,0.3462553024291992
274.7463879585266,-0.005842876061797142,-0.5769991397857666,2.2249549865722655,0.3249549865722656
274.7798900604248,-0.005708927288651466,-0.5776283264160156,2.2276655197143556,0.32766551971435565
274.8123724460602,-0.005708927288651466,-0.5776283264160156,2.2276655197143556,0.32766551971435565
274.8449773788452,-0.005553173646330833,-0.5726404666900635,2.2081893920898437,0.30818939208984375
274.8778111934662,-0.005727694183588028,-0.5744644641876221,2.2152072906494142,0.31520729064941433
274.91088342666626,-0.00579872615635395,-0.5787711620330811,2.2314994812011717,0.3314994812011718
274.94385743141174,-0.005813053995370865,-0.5668702602386475,2.185144233703613,0.2851442337036132
274.9767732620239,-0.005813053995370865,-0.5668702602386475,2.185144233703613,0.2851442337036132
275.0106751918793,-0.00614599660038948,-0.5798011302947998,2.235353469848633,0.3353534698486329
275.0433406829834,-0.00614599660038948,-0.5798011302947998,2.235353469848633,0.3353534698486329
275.07621693611145,-0.006122901290655136,-0.5623142719268799,2.1677709579467774,0.2677709579467775
275.10928773880005,-0.006129096075892448,-0.5698123931884765,2.1973855972290037,0.2973855972290038
275.14203929901123,-0.0058733981102705,-0.5755859851837158,2.2193181991577147,0.31931819915771475
275.17538189888,-0.005999689176678658,-0.5779238224029541,2.2283699035644533,0.3283699035644534
275.2083625793457,-0.005684906989336014,-0.5823287010192871,2.24560546875,0.3456054687500001
275.24111318588257,-0.005777090415358543,-0.5812972068786622,2.2402107238769533,0.3402107238769534
275.27432203292847,-0.005727054923772812,-0.5768006324768067,2.224462127685547,0.32446212768554705
275.30727648735046,-0.0058552704751491545,-0.5845461368560791,2.2522497177124023,0.35224971771240243
275.34023571014404,-0.0058918014168739315,-0.5781467437744141,2.2288946151733398,0.32889461517333984
275.3730421066284,-0.00595656931400299,-0.5670081615447998,2.1861221313476564,0.2861221313476565
275.40580916404724,-0.006224039196968079,-0.5788150310516358,2.2314373016357423,0.33143730163574237
275.4389646053314,-0.005886041000485421,-0.5781415462493896,2.2293142318725585,0.3293142318725586
275.4724311828613,-0.005886041000485421,-0.5781415462493896,2.2293142318725585,0.3293142318725586
275.50488924980164,-0.006155023723840714,-0.5828899383544922,2.2469268798828126,0.3469268798828127
275.5377838611603,-0.006074940413236618,-0.5822872161865235,2.243012237548828,0.34301223754882804
275.5707676410675,-0.006074940413236618,-0.5822872161865235,2.243012237548828,0.34301223754882804
275.6038897037506,-0.005718331411480903,-0.5725435733795166,2.206046485900879,0.3060464859008789
275.63705468177795,-0.005632717907428741,-0.5750382423400879,2.216366004943848,0.3163660049438479
275.6697721481323,-0.005921266973018646,-0.5828996658325195,2.2467769622802733,0.34677696228027344
275.7029182910919,-0.005921266973018646,-0.5828996658325195,2.2467769622802733,0.34677696228027344
275.7358241081238,-0.005711047351360321,-0.571613073348999,2.204641914367676,0.30464191436767596
275.76941895484924,-0.0059880375862121586,-0.5821809291839599,2.2442113876342775,0.3442113876342776
275.80208921432495,-0.005773455277085305,-0.575712013244629,2.218900680541992,0.3189006805419923
275.8348410129547,-0.0060938593000173565,-0.5824172019958496,2.245574951171875,0.3455749511718751
275.8679871559143,-0.005803371220827103,-0.5729945182800293,2.207602310180664,0.307602310180664
275.9019055366516,-0.005804548785090446,-0.5651606559753418,2.1778419494628904,0.27784194946289054
275.93418979644775,-0.0059195060282945635,-0.5768617153167724,2.2225902557373045,0.3225902557373046
275.9672646522522,-0.005928174406290054,-0.5771868705749512,2.223493766784668,0.32349376678466824
276.0001027584076,-0.005982539802789688,-0.56657395362854,2.1822433471679688,0.28224334716796884
276.0328757762909,-0.005801504850387574,-0.5718910694122314,2.202945518493652,0.30294551849365225
276.0659112930298,-0.006044542789459229,-0.5715930461883545,2.202535057067871,0.3025350570678711
276.09879183769226,-0.00605630949139595,-0.5733000755310058,2.2095136642456055,0.30951366424560556
276.13202691078186,-0.005761697143316269,-0.5785653114318847,2.230336570739746,0.3303365707397461
276.1650025844574,-0.005710231512784958,-0.5716444969177246,2.202947998046875,0.302947998046875
276.19789719581604,-0.0056423436850309375,-0.5714634418487549,2.2028034210205076,0.3028034210205077
276.2311511039734,-0.00578225664794445,-0.5741692543029785,2.2131175994873047,0.3131175994873048
276.2639203071594,-0.005910252407193184,-0.5792786121368408,2.232257843017578,0.3322578430175782
276.2969009876251,-0.0056634869426488875,-0.5707409381866455,2.1993656158447266,0.29936561584472665
276.3298785686493,-0.005751295015215874,-0.5753484249114991,2.2172060012817383,0.31720600128173837
276.3629581928253,-0.005755933746695518,-0.5684993267059326,2.190841865539551,0.29084186553955105
276.3959267139435,-0.005727699398994446,-0.5743675708770752,2.213072967529297,0.31307296752929714
276.428857088089,-0.005975290760397911,-0.5802502632141113,2.2363513946533202,0.3363513946533203
276.46305894851685,-0.006129549816250801,-0.5840982913970947,2.251152992248535,0.35115299224853525
276.4952676296234,-0.005889377743005753,-0.577574348449707,2.226064109802246,0.3260641098022461
276.5283772945404,-0.0060971792787313465,-0.5762011528015136,2.2213676452636717,0.3213676452636718
276.56123971939087,-0.005850830301642418,-0.5626950740814209,2.1686277389526367,0.2686277389526368
276.59421610832214,-0.006086889281868934,-0.5736161231994629,2.2102298736572266,0.31022987365722665
276.62738704681396,-0.005843068659305573,-0.5818667411804199,2.2427085876464843,0.3427085876464844
276.6606402397156,-0.005977114662528038,-0.5858443260192872,2.2583232879638673,0.35832328796386737
276.6932635307312,-0.0056585103273391725,-0.5774740695953369,2.2262781143188475,0.32627811431884757
276.7262499332428,-0.005593511834740638,-0.573738956451416,2.2127504348754883,0.31275043487548837
276.7591235637665,-0.006062322109937668,-0.5803239822387696,2.237636184692383,0.337636184692383
276.7919945716858,-0.005964089184999466,-0.5739242553710937,2.2132740020751953,0.3132740020751954
276.82523465156555,-0.005947695299983025,-0.5734609127044678,2.211321258544922,0.3113212585449219
276.8582675457001,-0.00592379979789257,-0.5600822448730469,2.158839225769043,0.25883922576904306
276.89144468307495,-0.005978303030133247,-0.5660924434661865,2.181931495666504,0.281931495666504
276.9241826534271,-0.00605866014957428,-0.5683794498443604,2.191251754760742,0.2912517547607423
276.95713329315186,-0.006106480956077576,-0.5762802124023437,2.222006607055664,0.322006607055664
276.99025654792786,-0.006216704845428467,-0.5703538417816162,2.1977710723876953,0.2977710723876954
277.02321767807007,-0.006286852806806564,-0.5734893798828125,2.210633659362793,0.31063365936279297
277.05620646476746,-0.00628809854388237,-0.586226224899292,2.259762191772461,0.35976219177246094
277.0891623497009,-0.005993348360061645,-0.5779111862182618,2.2282657623291016,0.32826576232910165
277.12255334854126,-0.005763727053999901,-0.5771029472351075,2.225189781188965,0.325189781188965
277.155305147171,-0.005896920710802079,-0.5745655059814453,2.2146339416503906,0.3146339416503907
277.188104391098,-0.005729787051677704,-0.5675921440124512,2.188175392150879,0.2881753921508792
277.22111439704895,-0.005959909409284592,-0.5795775890350342,2.2342670440673826,0.3342670440673827
277.25412106513977,-0.0057874474674463276,-0.5731888771057129,2.2102951049804687,0.31029510498046875
277.2869071960449,-0.0057874474674463276,-0.5731888771057129,2.2102951049804687,0.31029510498046875
277.31988620758057,-0.005853394046425819,-0.5707784175872803,2.2013492584228516,0.30134925842285165
277.3530035018921,-0.006425402313470841,-0.5727000713348389,2.2073787689208983,0.30737876892089844
277.38607835769653,-0.006618326157331466,-0.5781863689422607,2.228364181518555,0.32836418151855495
277.41888427734375,-0.006302007287740707,-0.5775432586669922,2.22625617980957,0.3262561798095702
277.45177245140076,-0.006426521390676498,-0.5748977661132812,2.2153411865234376,0.3153411865234377
277.48472690582275,-0.006173181906342506,-0.5728483676910401,2.2072065353393553,0.3072065353393554
277.51794052124023,-0.0061542574316263195,-0.5801269054412842,2.235369110107422,0.3353691101074219
277.5512764453888,-0.005846349895000458,-0.569316053390503,2.1939929962158202,0.2939929962158203
277.58404564857483,-0.006239371374249458,-0.5799724102020264,2.235292434692383,0.3352924346923829
277.616815328598,-0.005885634571313858,-0.5742754936218262,2.2132619857788085,0.3132619857788086
277.6502048969269,-0.005860117450356484,-0.57311110496521,2.209675407409668,0.30967540740966815
277.68335580825806,-0.0059314057230949405,-0.5729028701782226,2.207983207702637,0.307983207702637
277.7160859107971,-0.005811996385455131,-0.5739564895629883,2.2122356414794924,0.31223564147949245
277.7493941783905,-0.006123553216457367,-0.5685755252838135,2.190565490722656,0.29056549072265625
277.78180050849915,-0.006288443505764007,-0.579029893875122,2.232113838195801,0.33211383819580087
277.81478786468506,-0.006034457683563232,-0.5783616542816162,2.228923797607422,0.32892379760742196
277.84779238700867,-0.006064294278621674,-0.5716735363006592,2.2027965545654298,0.30279655456542987
277.8807563781738,-0.006064294278621674,-0.5716735363006592,2.2027965545654298,0.30279655456542987
277.9138386249542,-0.005925503745675087,-0.5688916206359863,2.192470359802246,0.292470359802246
277.9468102455139,-0.006108414754271508,-0.5758190155029297,2.2187700271606445,0.3187700271606446
277.9797463417053,-0.005724608153104782,-0.5745179653167725,2.214022636413574,0.3140226364135743
278.0127646923065,-0.005724608153104782,-0.5745179653167725,2.214022636413574,0.3140226364135743
278.04596519470215,-0.006032751128077507,-0.578449821472168,2.230483627319336,0.3304836273193361
278.07876110076904,-0.005907686427235603,-0.5781660556793213,2.2290449142456055,0.32904491424560556
278.1118721961975,-0.005807653814554214,-0.5718251705169678,2.20477352142334,0.30477352142334
278.14472103118896,-0.0057457972317934035,-0.5758926391601562,2.219679260253906,0.31967926025390625
278.17783975601196,-0.005855700746178627,-0.5716845989227295,2.203949737548828,0.30394973754882804
278.21098136901855,-0.006115535274147987,-0.5727032661437989,2.2072900772094726,0.30729007720947266
278.2438635826111,-0.006115535274147987,-0.5727032661437989,2.2072900772094726,0.30729007720947266
278.2768452167511,-0.005877432599663735,-0.5697891235351562,2.195224571228027,0.29522457122802725
278.30987095832825,-0.005977052450180054,-0.5744860649108887,2.2127864837646483,0.31278648376464835
278.3428554534912,-0.005977052450180054,-0.5744860649108887,2.2127864837646483,0.31278648376464835
278.3756465911865,-0.005950276926159859,-0.5648305416107178,2.1760986328125,0.2760986328124999
278.40865874290466,-0.006124363839626312,-0.5738828659057618,2.211201858520508,0.3112018585205081
278.44181776046753,-0.006146955490112305,-0.5695203304290771,2.194438934326172,0.29443893432617196
278.47486305236816,-0.006146955490112305,-0.5695203304290771,2.194438934326172,0.29443893432617196
278.50767970085144,-0.006098016351461411,-0.5776573657989502,2.224903869628906,0.32490386962890616
278.54101300239563,-0.006098016351461411,-0.5776573657989502,2.224903869628906,0.32490386962890616
278.57467007637024,-0.006031511723995209,-0.5793962478637695,2.2331581115722656,0.3331581115722657
278.6071345806122,-0.0059610266238451,-0.5768044471740723,2.221824073791504,0.3218240737915039
278.6400611400604,-0.005985795333981514,-0.5669986248016358,2.1845096588134765,0.28450965881347656
278.6735141277313,-0.005985795333981514,-0.5669986248016358,2.1845096588134765,0.28450965881347656
278.7065637111664,-0.005778911709785462,-0.5724617958068847,2.2051275253295897,0.30512752532958975
278.7393579483032,-0.006040985137224198,-0.5673169612884521,2.1860177993774412,0.2860177993774413
278.7726275920868,-0.00615004301071167,-0.5656259536743165,2.179416465759277,0.27941646575927725
278.805367231369,-0.006077004969120026,-0.5727834701538086,2.206285095214844,0.3062850952148439
278.8382225036621,-0.006287964433431626,-0.5754648685455322,2.2165552139282227,0.31655521392822283
278.87165236473083,-0.006072765216231346,-0.5682062625885009,2.188432502746582,0.28843250274658194
278.9043686389923,-0.006368056684732437,-0.5736150741577148,2.20961856842041,0.30961856842041025
278.9372453689575,-0.006215380504727364,-0.5784588813781738,2.2281063079833983,0.32810630798339835
278.96994853019714,-0.006274022907018661,-0.5789696216583252,2.229918670654297,0.32991867065429714
279.00374698638916,-0.005927923321723938,-0.5638689994812012,2.1727327346801757,0.2727327346801758
279.0362777709961,-0.006245668232440949,-0.5811446666717529,2.2391664505004885,0.33916645050048855
279.0698883533478,-0.005875534564256668,-0.5641530513763428,2.173289489746094,0.273289489746094
279.10239934921265,-0.006093844398856163,-0.5685800075531006,2.190298080444336,0.290298080444336
279.135379076004,-0.0058657914400100705,-0.568517541885376,2.1903894424438475,0.29038944244384757
279.1684422492981,-0.006088309735059738,-0.5700368404388427,2.1961175918579103,0.2961175918579104
279.2015233039856,-0.006004880368709564,-0.5644426345825195,2.174444007873535,0.27444400787353507
279.2346031665802,-0.006230699270963669,-0.5730159759521485,2.207248497009277,0.30724849700927725
279.2678360939026,-0.006230699270963669,-0.5730159759521485,2.207248497009277,0.30724849700927725
279.30068039894104,-0.00587615892291069,-0.5664949417114258,2.181852912902832,0.2818529129028322
279.33315920829773,-0.006091978028416633,-0.5849867343902588,2.2537736892700195,0.3537736892700196
279.36641025543213,-0.005886603519320488,-0.5730079174041748,2.2074920654296877,0.30749206542968777
279.39942598342896,-0.006065738201141357,-0.566307544708252,2.1815576553344727,0.28155765533447275
279.4321994781494,-0.006062846258282661,-0.5734768867492676,2.2092220306396486,0.3092220306396487
279.46528577804565,-0.006224321573972702,-0.5745816707611084,2.2133996963500975,0.31339969635009757
279.4982273578644,-0.005943596735596657,-0.566922950744629,2.1850069046020506,0.2850069046020507
279.53110694885254,-0.0064637050032615665,-0.5825541496276856,2.244649887084961,0.344649887084961
279.56432127952576,-0.006194858253002167,-0.5759995460510254,2.2194080352783203,0.3194080352783204
279.59719705581665,-0.005911767110228538,-0.5665262699127197,2.1829668045043946,0.2829668045043947
279.6301701068878,-0.006356139481067657,-0.5781387329101563,2.227270317077637,0.327270317077637
279.6632237434387,-0.005817192047834397,-0.570103645324707,2.197443199157715,0.2974431991577151
279.6963529586792,-0.005798825621604919,-0.5717297077178956,2.2023622512817385,0.30236225128173855
279.7292673587799,-0.006356139481067657,-0.5781387329101563,2.227270317077637,0.327270317077637
279.7618865966797,-0.005931646376848221,-0.564125394821167,2.1735151290893553,0.2735151290893554
279.7951776981354,-0.005854743346571922,-0.5698502063751221,2.195463180541992,0.2954631805419923
279.82824063301086,-0.006022403761744499,-0.5693172454833985,2.1936777114868162,0.2936777114868163
279.86258363723755,-0.006070560589432716,-0.559833288192749,2.156644821166992,0.2566448211669923
279.89545941352844,-0.005951674655079842,-0.5662659645080567,2.1813501358032226,0.28135013580322266
279.92712569236755,-0.006175297871232032,-0.5731287956237793,2.2078693389892576,0.3078693389892577
279.9603569507599,-0.006439680606126786,-0.5796111106872559,2.233235168457031,0.33323516845703116
279.9935429096222,-0.006052031368017197,-0.5808073997497558,2.238665962219238,0.3386659622192383
280.0265107154846,-0.006313147395849228,-0.5795157432556153,2.2332698822021486,0.3332698822021487
280.05934596061707,-0.005950251221656799,-0.5648290157318115,2.1760927200317384,0.27609272003173846
280.0922815799713,-0.00596785768866539,-0.5692615032196044,2.1926206588745116,0.2926206588745117
280.1252815723419,-0.006050362437963486,-0.5728765964508057,2.206455039978027,0.30645503997802725
280.1578092575073,-0.006083317846059799,-0.576588487625122,2.2215396881103517,0.32153968811035183
280.1916229724884,-0.005777568370103836,-0.5720677852630616,2.2027872085571287,0.3027872085571288
280.22509837150574,-0.006017087027430534,-0.5771567344665527,2.2233301162719727,0.32333011627197283
280.2580280303955,-0.006278619915246963,-0.5713274955749512,2.200464630126953,0.3004646301269531
280.29005098342896,-0.006376374512910843,-0.5739751338958741,2.211355781555176,0.31135578155517596
280.3231065273285,-0.00626189038157463,-0.5710707187652588,2.199595260620117,0.2995952606201171
280.3560698032379,-0.0061269842088222505,-0.5691805839538574,2.1931856155395506,0.2931856155395507
280.38883876800537,-0.006131889671087265,-0.5656125545501709,2.1790277481079103,0.2790277481079104
280.42227005958557,-0.00571809820830822,-0.5674775600433349,2.185595893859863,0.2855958938598633
280.4550812244415,-0.005741821974515915,-0.5746946811676026,2.2137659072875975,0.31376590728759757
280.4881868362427,-0.005836193263530731,-0.5654312610626221,2.1779319763183596,0.27793197631835964
280.5209186077118,-0.00586756132543087,-0.5606447219848633,2.159606170654297,0.25960617065429714
280.5537962913513,-0.005721194297075271,-0.5726365566253662,2.2058380126953123,0.3058380126953124
280.587388753891,-0.006232811510562897,-0.5833476543426513,2.2469736099243165,0.3469736099243166
280.62037086486816,-0.006020723283290863,-0.5647006034851074,2.175177574157715,0.27517757415771493
280.65298533439636,-0.0060321945697069165,-0.5682170867919922,2.189716911315918,0.28971691131591815
280.68589782714844,-0.006148909032344818,-0.5644359588623047,2.1747421264648437,0.27474212646484375
280.7188537120819,-0.0062351468950510025,-0.5775233268737793,2.2257524490356446,0.3257524490356447
280.75194573402405,-0.005968289449810982,-0.5655317306518555,2.179015350341797,0.27901535034179714
280.78485083580017,-0.005769766122102738,-0.5774721622467041,2.2246021270751952,0.3246021270751953
280.8182990550995,-0.005778113380074501,-0.5614683151245117,2.1627439498901366,0.2627439498901367
280.850946187973,-0.006100650504231453,-0.5807806491851807,2.236725616455078,0.33672561645507804
280.8838427066803,-0.006263230741024017,-0.5740455627441406,2.211190032958984,0.3111900329589843
280.9172098636627,-0.006100911274552345,-0.5775124549865722,2.22471923828125,0.32471923828125027
280.94993782043457,-0.006043146178126335,-0.5702479839324951,2.197139549255371,0.297139549255371
280.98286747932434,-0.006284759938716888,-0.57907133102417,2.2308526992797852,0.33085269927978533
281.01600193977356,-0.00618351399898529,-0.570306396484375,2.197063446044922,0.29706344604492196
281.0490005016327,-0.005987010896205902,-0.5766571521759033,2.2226385116577148,0.32263851165771484
281.08198142051697,-0.00603298433125019,-0.5678304195404053,2.186728286743164,0.286728286743164
281.1149389743805,-0.005816558003425598,-0.5622786998748779,2.1662288665771485,0.2662288665771486
281.147744178772,-0.006084826216101647,-0.5768355369567871,2.2211544036865236,0.3211544036865237
281.1813066005707,-0.006220584735274315,-0.5708406925201416,2.199379730224609,0.2993797302246093
281.2138035297394,-0.006039145961403846,-0.5668073654174804,2.183925247192383,0.283925247192383
281.24689507484436,-0.0061567980796098706,-0.5753215789794922,2.2162384033203124,0.3162384033203125
281.27991342544556,-0.005846048891544342,-0.5616353034973145,2.1633787155151367,0.2633787155151368
281.31302881240845,-0.006281694024801254,-0.5790462017059326,2.230406951904297,0.33040695190429714
281.3458843231201,-0.005916095525026322,-0.5592150688171387,2.15417594909668,0.25417594909667995
281.3788437843323,-0.005736751109361648,-0.5656284332275391,2.178859329223633,0.278859329223633
281.41197752952576,-0.006072036921977997,-0.5665525913238525,2.1824878692626952,0.2824878692626953
281.4447617530823,-0.006148146465420723,-0.5677176475524902,2.1865135192871095,0.28651351928710955
281.478022813797,-0.006148146465420723,-0.5677176475524902,2.1865135192871095,0.28651351928710955
281.51078629493713,-0.005934622883796692,-0.5683938026428222,2.1897663116455077,0.2897663116455078
281.54384994506836,-0.006153542920947075,-0.5822238445281982,2.2424381256103514,0.3424381256103515
281.5770320892334,-0.005822010338306427,-0.5654989242553711,2.17783203125,0.27783203125
281.61007285118103,-0.005822010338306427,-0.5654989242553711,2.17783203125,0.27783203125
281.64281392097473,-0.006022046506404877,-0.5627700805664062,2.1680761337280274,0.2680761337280275
281.6758453845978,-0.0060207799077034,-0.5683997631072998,2.189601516723633,0.289601516723633
281.7088108062744,-0.005989228934049606,-0.5628404140472412,2.1678445816040037,0.2678445816040038
281.7417621612549,-0.006063727289438247,-0.5654119968414306,2.177719497680664,0.27771949768066406
281.77473616600037,-0.006063727289438247,-0.5654119968414306,2.177719497680664,0.27771949768066406
281.8077800273895,-0.0061001889407634735,-0.5650077819824219,2.1764739990234374,0.2764739990234375
281.8410029411316,-0.0061001889407634735,-0.5650077819824219,2.1764739990234374,0.2764739990234375
281.8737733364105,-0.00607190728187561,-0.5646997451782226,2.175575065612793,0.2755750656127929
281.90694880485535,-0.0059247855097055435,-0.5759571075439454,2.218998908996582,0.3189989089965821
281.9398958683014,-0.006073181331157684,-0.5738300800323486,2.210710334777832,0.31071033477783194
281.97294878959656,-0.006100761517882347,-0.5772019386291504,2.22344856262207,0.3234485626220702
282.00570940971375,-0.0059971466660499574,-0.5625354766845703,2.166875648498535,0.26687564849853507
282.0389003753662,-0.0059971466660499574,-0.5625354766845703,2.166875648498535,0.26687564849853507
282.0719430446625,-0.006168607249855995,-0.5750821113586426,2.215790557861328,0.31579055786132804
282.10481095314026,-0.0061191324144601825,-0.5708311557769775,2.198930358886719,0.2989303588867189
282.1378118991852,-0.006011001020669937,-0.5667139530181885,2.1824972152709963,0.28249721527099636
282.1708655357361,-0.006011001020669937,-0.5667139530181885,2.1824972152709963,0.28249721527099636
282.20379281044006,-0.005909671261906624,-0.5615407466888428,2.1628063201904295,0.2628063201904296
282.23699378967285,-0.0058538254350423815,-0.5701791763305664,2.196549987792969,0.2965499877929689
282.26977729797363,-0.0058538254350423815,-0.5701791763305664,2.196549987792969,0.2965499877929689
282.3031222820282,-0.006066630780696869,-0.5804888248443604,2.2366092681884764,0.3366092681884765
282.3357923030853,-0.006220992282032966,-0.5807571887969971,2.236835479736328,0.3368354797363282
282.3689796924591,-0.006220992282032966,-0.5807571887969971,2.236835479736328,0.3368354797363282
282.402131319046,-0.005815488845109939,-0.5665952682495117,2.1823673248291016,0.28236732482910165
282.43486738204956,-0.005928605422377586,-0.568624210357666,2.1903926849365236,0.2903926849365237
282.46864199638367,-0.005928605422377586,-0.568624210357666,2.1903926849365236,0.2903926849365237
282.50160789489746,-0.005993423983454704,-0.5676174163818359,2.186759376525879,0.2867593765258789
282.53380584716797,-0.006333810836076736,-0.5771596431732178,2.2228965759277344,0.32289657592773446
282.56766986846924,-0.006333810836076736,-0.5771596431732178,2.2228965759277344,0.32289657592773446
282.6003441810608,-0.005891402438282967,-0.558801794052124,2.152289390563965,0.25228939056396493
282.63362312316895,-0.005987932905554771,-0.570789098739624,2.198710632324219,0.298710632324219
282.6661238670349,-0.005972287058830262,-0.5737529277801514,2.2098152160644533,0.3098152160644534
282.6992642879486,-0.006333441287279129,-0.5847742080688476,2.2520917892456054,0.35209178924560547
282.73233675956726,-0.005762861669063568,-0.5767943859100342,2.221853828430176,0.32185382843017596
282.76521277427673,-0.005901522934436798,-0.5724389553070068,2.2049707412719726,0.30497074127197266
282.7978961467743,-0.006197219714522362,-0.5804075717926025,2.2355817794799804,0.33558177947998047
282.83097434043884,-0.005681058391928673,-0.5686314582824707,2.190410041809082,0.29041004180908203
282.86421608924866,-0.006006920710206032,-0.5768050193786621,2.222426414489746,0.3224264144897462
282.8971667289734,-0.006063136085867882,-0.5683187007904053,2.18956298828125,0.28956298828125027
282.9303650856018,-0.006052439287304878,-0.5690016269683837,2.1915218353271486,0.2915218353271487
282.9629924297333,-0.005874819681048393,-0.5717422962188721,2.203627586364746,0.3036275863647462
282.9959146976471,-0.006017611175775528,-0.5791370868682861,2.231110954284668,0.33111095428466797
283.0290026664734,-0.005993977189064026,-0.5635865211486817,2.1705078125,0.2705078125
283.0620331764221,-0.00604422613978386,-0.5642982959747315,2.173817253112793,0.27381725311279315
283.09489464759827,-0.0060347504913806915,-0.5822547912597656,2.2428348541259764,0.3428348541259765
283.1278667449951,-0.005844559893012047,-0.564797306060791,2.1753917694091798,0.27539176940917987
283.1610245704651,-0.005844559893012047,-0.564797306060791,2.1753917694091798,0.27539176940917987
283.1939067840576,-0.005960924178361892,-0.5712592601776123,2.2005435943603517,0.30054359436035183
283.2269387245178,-0.0060301519930362705,-0.5780001640319824,2.2264987945556642,0.32649879455566433
283.2599997520447,-0.005865297093987465,-0.57604079246521,2.219203758239746,0.319203758239746
283.29286885261536,-0.005795041471719742,-0.5630410671234131,2.169724464416504,0.269724464416504
283.32585287094116,-0.005943503603339196,-0.569235372543335,2.192462158203125,0.29246215820312527
283.35904026031494,-0.005979311466217041,-0.5680580615997315,2.18808536529541,0.28808536529541007
283.3920247554779,-0.006101216748356819,-0.5799485206604004,2.234120178222656,0.33412017822265616
283.4248287677765,-0.005841626226902008,-0.5637429237365723,2.1721725463867188,0.27217254638671884
283.45828580856323,-0.0058049198240041735,-0.5730302333831787,2.207437515258789,0.30743751525878915
283.4910931587219,-0.0060143664479255675,-0.5820646762847901,2.2423803329467775,0.3423803329467776
283.5242335796356,-0.0059165719896554945,-0.5808944225311279,2.2375,0.3374999999999999
283.5572862625122,-0.005899536609649658,-0.5691826343536377,2.1928808212280275,0.2928808212280276
283.5902895927429,-0.0058461718261241915,-0.5772094249725341,2.2238412857055665,0.3238412857055666
283.62335109710693,-0.00614696741104126,-0.5720589637756348,2.204082489013672,0.30408248901367196
283.65622186660767,-0.006149167567491532,-0.5721632957458496,2.205093765258789,0.30509376525878906
283.689110994339,-0.0062149081379175184,-0.5704089641571045,2.1978437423706056,0.29784374237060574
283.72193598747253,-0.006021986156702042,-0.5627675533294678,2.168066215515137,0.268066215515137
283.7548522949219,-0.005984897166490555,-0.5681414604187012,2.1891958236694338,0.28919582366943386
283.7878487110138,-0.006184162572026253,-0.5697676181793213,2.1949317932128904,0.29493179321289054
283.82096815109253,-0.0059748075902462,-0.5750551223754883,2.215792655944824,0.3157926559448243
283.85398149490356,-0.006356139481067657,-0.5781387329101563,2.227270317077637,0.327270317077637
283.8870093822479,-0.00579841136932373,-0.5772981643676758,2.224821662902832,0.3248216629028322
283.9205415248871,-0.00576387420296669,-0.5763936042785645,2.2206693649291993,0.3206693649291994
283.95318698883057,-0.00592387244105339,-0.5807422637939453,2.237796974182129,0.3377969741821292
283.98643016815186,-0.005789035558700561,-0.5801919937133789,2.235301971435547,0.33530197143554696
284.01932072639465,-0.005817310512065887,-0.5745530128479004,2.2135637283325194,0.31356372833251944
284.05220651626587,-0.005975006893277168,-0.5791150093078613,2.2312088012695312,0.33120880126953134
284.0851900577545,-0.006209375709295273,-0.580744743347168,2.2373945236206056,0.33739452362060574
284.1184992790222,-0.005913208425045014,-0.5619845390319824,2.164886474609375,0.2648864746093751
284.15133237838745,-0.006056690961122513,-0.5647104263305665,2.1755596160888673,0.27555961608886737
284.1842534542084,-0.0062617741525173186,-0.5784975528717041,2.229336166381836,0.32933616638183594
284.21694469451904,-0.005858800187706947,-0.5701609134674073,2.196331787109375,0.2963317871093749
284.25003242492676,-0.006010839715600014,-0.5674325942993164,2.1858747482299803,0.2858747482299804
284.2829065322876,-0.006139332428574562,-0.5672159194946289,2.184699058532715,0.28469905853271493
284.31580996513367,-0.006158647686243057,-0.57331223487854,2.208395576477051,0.30839557647705096
284.3489832878113,-0.005822863057255745,-0.5660840988159179,2.181111145019531,0.28111114501953116
284.381982088089,-0.0063728377223014835,-0.5739408969879151,2.2108360290527345,0.31083602905273455
284.4148898124695,-0.006274829059839249,-0.5846813201904297,2.2528026580810545,0.3528026580810546
284.44790840148926,-0.006138738617300988,-0.5739950656890869,2.2114351272583006,0.3114351272583007
284.4811542034149,-0.006128791347146034,-0.5769812107086182,2.2233661651611327,0.3233661651611328
284.5144672393799,-0.005969954282045364,-0.5768675804138184,2.2232429504394533,0.3232429504394534
284.5470266342163,-0.006143860891461373,-0.5684799671173095,2.1906347274780273,0.29063472747802743
284.5804433822632,-0.006409058719873429,-0.5807672023773194,2.237710380554199,0.3377103805541992
284.61303067207336,-0.006194815039634705,-0.5864136219024658,2.2596960067749023,0.35969600677490243
284.64571738243103,-0.0062585040926933285,-0.5747848510742187,2.2142141342163084,0.3142141342163085
284.6789770126343,-0.005910852551460266,-0.5659701347351074,2.1804615020751954,0.2804615020751955
284.7119736671448,-0.006163661554455757,-0.5736493110656739,2.209737777709961,0.309737777709961
284.7453923225403,-0.00636032447218895,-0.5774221897125245,2.224845123291016,0.3248451232910159
284.77835965156555,-0.006357863545417786,-0.5790095806121827,2.2315305709838866,0.3315305709838867
284.8108193874359,-0.00609470009803772,-0.5848742961883545,2.2530353546142576,0.3530353546142577
284.8439235687256,-0.006091912463307381,-0.5702618598937989,2.197053146362305,0.29705314636230495
284.87690353393555,-0.0058325383812189106,-0.5755544662475586,2.217123794555664,0.317123794555664
284.9097857475281,-0.006053284928202629,-0.5697468280792236,2.194903564453125,0.29490356445312527
284.94287395477295,-0.0060504570603370665,-0.580629825592041,2.2366857528686523,0.33668575286865243
284.975958108902,-0.006072366610169411,-0.582731819152832,2.2447824478149414,0.3447824478149415
285.00888419151306,-0.0058924097567796705,-0.5687322616577148,2.1907167434692383,0.29071674346923837
285.04211950302124,-0.005918985232710838,-0.5726653099060058,2.2065898895263674,0.30658988952636745
285.07495737075806,-0.006089548021554947,-0.5645880699157715,2.1742544174194336,0.2742544174194337
285.1080231666565,-0.0063133187592029575,-0.5646581649780273,2.175101470947266,0.2751014709472659
285.14076018333435,-0.005950947478413582,-0.5703748226165771,2.197581100463867,0.2975811004638671
285.1738169193268,-0.00617382675409317,-0.5704497814178466,2.1973533630371094,0.29735336303710946
285.2068541049957,-0.005946390330791473,-0.5616569519042969,2.1634668350219726,0.26346683502197266
285.2398512363434,-0.005837041512131691,-0.5767549991607666,2.221916389465332,0.3219163894653323
285.2729318141937,-0.006062846258282661,-0.5734768867492676,2.2092220306396486,0.3092220306396487
285.30578875541687,-0.0063952401280403135,-0.5801035404205322,2.2345916748046877,0.33459167480468777
285.3387920856476,-0.005950915813446045,-0.5837871551513671,2.2487838745117186,0.34878387451171866
285.3717186450958,-0.0060951363295316694,-0.5634053707122803,2.1703271865844727,0.27032718658447275
285.404851436615,-0.00605555921792984,-0.577638053894043,2.2252050399780274,0.3252050399780275
285.43786549568176,-0.005884023383259773,-0.5595209121704101,2.1553030014038086,0.2553030014038087
285.4708342552185,-0.005908648297190666,-0.571896743774414,2.2031097412109375,0.3031097412109376
285.50377583503723,-0.005994511023163796,-0.5632613658905029,2.169638252258301,0.26963825225830096
285.5370132923126,-0.0062314927577972416,-0.5708153247833252,2.1991228103637694,0.29912281036376953
285.56991934776306,-0.0062314927577972416,-0.5708153247833252,2.1991228103637694,0.29912281036376953
285.60339760780334,-0.005796262621879577,-0.5715998649597168,2.201822280883789,0.30182228088378915
285.6360659599304,-0.005796262621879577,-0.5715998649597168,2.201822280883789,0.30182228088378915
285.66904187202454,-0.006488665193319321,-0.5834222793579101,2.248120880126953,0.3481208801269533
285.7018983364105,-0.005978595837950707,-0.5786170482635498,2.2289451599121093,0.3289451599121094
285.7348744869232,-0.005978595837950707,-0.5786170482635498,2.2289451599121093,0.3289451599121094
285.76781010627747,-0.0059975400567054745,-0.5624885559082031,2.167474365234375,0.2674743652343752
285.8012294769287,-0.006324855983257294,-0.5866111755371094,2.2598665237426756,0.3598665237426757
285.833886384964,-0.006324855983257294,-0.5866111755371094,2.2598665237426756,0.3598665237426757
285.86697244644165,-0.006234149262309074,-0.5781672954559326,2.2283147811889648,0.32831478118896484
285.89995646476746,-0.006107380986213684,-0.5789193153381348,2.2299825668334963,0.32998256683349636
285.93299174308777,-0.006107380986213684,-0.5789193153381348,2.2299825668334963,0.32998256683349636
285.9663224220276,-0.0062084425240755085,-0.5740809917449952,2.2122095108032225,0.31220951080322257
285.9989769458771,-0.005893406271934509,-0.5729024410247803,2.2068193435668944,0.30681934356689444
286.03198432922363,-0.005893406271934509,-0.5729024410247803,2.2068193435668944,0.30681934356689444
286.06484055519104,-0.006127702072262764,-0.5664480686187744,2.1816228866577148,0.28162288665771484
286.098562002182,-0.005994972214102745,-0.5733602046966553,2.2090776443481444,0.30907764434814444
286.1310005187988,-0.005821830779314041,-0.5667250633239747,2.1832868576049806,0.28328685760498074
286.1651167869568,-0.005821830779314041,-0.5667250633239747,2.1832868576049806,0.28328685760498074
286.1968138217926,-0.006049537658691406,-0.5796222686767578,2.2336618423461916,0.3336618423461917
286.23040556907654,-0.006049537658691406,-0.5796222686767578,2.2336618423461916,0.3336618423461917
286.26304507255554,-0.0061961829662323,-0.5777729511260986,2.2255788803100587,0.32557888031005877
286.2960739135742,-0.005739052221179009,-0.5684366226196289,2.189921188354492,0.2899211883544921
286.3288221359253,-0.0059019368141889576,-0.5785986900329589,2.2295373916625976,0.32953739166259766
286.36283230781555,-0.005679826438426972,-0.5781846046447754,2.2278253555297853,0.3278253555297854
286.39529156684875,-0.005976737290620804,-0.5685633659362793,2.1903636932373045,0.2903636932373046
286.42837166786194,-0.00606781542301178,-0.5738563537597656,2.2104829788208007,0.3104829788208008
286.46117329597473,-0.005821830779314041,-0.5667250633239747,2.1832868576049806,0.28328685760498074
286.4941363334656,-0.005684466287493706,-0.5704630374908447,2.1973161697387695,0.2973161697387696
286.526832818985,-0.005890071392059326,-0.5648350715637207,2.175836372375488,0.2758363723754882
286.5599775314331,-0.006336922943592072,-0.5742278099060059,2.2124765396118162,0.3124765396118163
286.5931394100189,-0.005877630785107613,-0.5655869007110595,2.178387260437012,0.2783872604370119
286.62641429901123,-0.005816135182976722,-0.5690087795257568,2.192343902587891,0.2923439025878909
286.6590576171875,-0.005837022513151169,-0.5767533779144287,2.2219099044799804,0.32190990447998047
286.6919586658478,-0.005854962393641472,-0.561741304397583,2.164168930053711,0.2641689300537111
286.724812746048,-0.006006921455264091,-0.5779644012451172,2.2273521423339844,0.32735214233398446
286.7580327987671,-0.005837816745042801,-0.5824526786804199,2.243869400024414,0.34386940002441424
286.79106307029724,-0.005853134393692017,-0.5629407882690429,2.169230079650879,0.2692300796508791
286.8243582248688,-0.005811812728643418,-0.5683732986450195,2.1900867462158202,0.2900867462158203
286.8572325706482,-0.005826548114418984,-0.5727706909179687,2.206376838684082,0.30637683868408194
286.8901422023773,-0.005934839695692062,-0.568992805480957,2.1918922424316407,0.2918922424316408
286.92316341400146,-0.005765841901302337,-0.5756467819213867,2.217401695251465,0.3174016952514651
286.95636677742004,-0.005984507873654366,-0.5665417671203613,2.1825332641601562,0.28253326416015634
286.9896342754364,-0.005868474766612053,-0.5644731044769287,2.1746469497680665,0.2746469497680666
287.0221676826477,-0.005963004007935524,-0.5644984245300293,2.1746612548828126,0.2746612548828127
287.05533957481384,-0.0059473074972629545,-0.5707579612731933,2.199444580078125,0.2994445800781249
287.088351726532,-0.005833293497562409,-0.5668652057647705,2.184421730041504,0.2844217300415042
287.12113428115845,-0.005741835758090019,-0.5746964454650879,2.2137725830078123,0.3137725830078124
287.1539568901062,-0.005823180451989174,-0.5744745254516601,2.2136552810668944,0.31365528106689444
287.18692994117737,-0.005847206711769104,-0.5745718479156494,2.213988494873047,0.31398849487304714
287.22025418281555,-0.006194567680358887,-0.5837270259857178,2.2494497299194336,0.3494497299194337
287.2529137134552,-0.005926216393709183,-0.5737261295318603,2.2107446670532225,0.31074466705322257
287.28655457496643,-0.006171946227550506,-0.581355619430542,2.239994239807129,0.3399942398071292
287.3194057941437,-0.006191325932741165,-0.5732770919799804,2.209107208251953,0.30910720825195304
287.3523633480072,-0.0058431137353181836,-0.5676246166229248,2.1864980697631835,0.2864980697631836
287.38514971733093,-0.0057503096759319305,-0.563711404800415,2.171209526062012,0.271209526062012
287.418643951416,-0.006035912781953812,-0.5765524864196777,2.2212923049926756,0.3212923049926757
287.4510271549225,-0.005898411571979523,-0.5611738681793212,2.161593437194824,0.2615934371948243
287.4840590953827,-0.005876019597053528,-0.5626214027404786,2.1672224044799804,0.26722240447998047
287.5167660713196,-0.0061412941664457325,-0.5706893920898437,2.198795509338379,0.2987955093383792
287.5501124858856,-0.005837249383330345,-0.5587843418121338,2.1520107269287108,0.25201072692871085
287.5830464363098,-0.006076847016811371,-0.5653357982635498,2.1782468795776366,0.2782468795776367
287.61596632003784,-0.005900025367736816,-0.5716985702514649,2.203074073791504,0.3030740737915041
287.6494631767273,-0.005796161293983459,-0.5724703788757324,2.2055402755737306,0.30554027557373065
287.6820776462555,-0.005892790108919144,-0.5649750709533692,2.176414680480957,0.2764146804809573
287.71533131599426,-0.006075812131166458,-0.576960563659668,2.222641181945801,0.32264118194580105
287.74824571609497,-0.005861892551183701,-0.5728410720825196,2.2073869705200195,0.3073869705200196
287.78133273124695,-0.006036015972495079,-0.574699592590332,2.2142738342285155,0.3142738342285156
287.81439900398254,-0.006036015972495079,-0.574699592590332,2.2142738342285155,0.3142738342285156
287.8472146987915,-0.0061353988945484165,-0.5852455139160156,2.2555963516235353,0.3555963516235354
287.880154132843,-0.0060058306902647015,-0.5624810218811035,2.1666902542114257,0.2666902542114258
287.91349625587463,-0.005837041512131691,-0.5767549991607666,2.221916389465332,0.3219163894653323
287.94607758522034,-0.0061227306723594666,-0.5709040641784668,2.199128341674805,0.29912834167480495
287.97928404808044,-0.006196219846606255,-0.5708260059356689,2.1984926223754884,0.29849262237548846
288.01322412490845,-0.006196219846606255,-0.5708260059356689,2.1984926223754884,0.29849262237548846
288.04500579833984,-0.0063287757337093355,-0.5773941993713378,2.2242273330688476,0.32422733306884766
288.07767724990845,-0.005946213006973266,-0.5717951774597168,2.2028255462646484,0.3028255462646485
288.11082315444946,-0.006064267456531524,-0.5666885375976562,2.183277893066406,0.28327789306640616
288.14394664764404,-0.005997905507683754,-0.5760221958160401,2.2193367004394533,0.3193367004394534
288.17687487602234,-0.005729009583592415,-0.5790178298950195,2.2306148529052736,0.3306148529052737
288.20985674858093,-0.005854535847902298,-0.5689292430877686,2.1917818069458006,0.2917818069458007
